department,term,day,period,room,building,course
土木工学専攻,前期,土,1,S505,タワースコラ,土木工学基礎特論 ＊
機械工学専攻,前期,土,1,S601,タワースコラ,機械工学演習 ＊【年間】
土木工学専攻,前期,土,1,S602,タワースコラ,土木工学特別講義
一般教育,前期,土,1,S603,タワースコラ,英語ⅡA {再履修}
一般教育,前期,土,1,S604,タワースコラ,英語ⅠA {再履修}
建築学専攻,前期,土,1,S701,タワースコラ,建築デザイン ＊↓連続４時限
海洋建築工学科,前期,土,1,1421,船橋校舎,海洋建築工学インセンティブ {再履修}
交通システム工学科,前期,土,1,1424,船橋校舎,卒業研究↓連続３時限【年間】
交通システム工学科,前期,土,1,1424,船橋校舎,卒業研究↓連続３時限【年間】
海洋建築工学専攻,前期,土,1,1452,船橋校舎,海洋建築技術者倫理
一般教育,前期,土,1,1456,船橋校舎,教）工業科教育法Ⅰ
建築学科,前期,土,1,0000,駿河台校舎,建築実験Ⅰ {1}↓連続２時限
建築学科,前期,土,1,0000,駿河台校舎,建築実験Ⅲ {1}↓連続２時限
まちづくり工学専攻,前期,土,1,0000,駿河台校舎,まちづくり工学特別演習Ⅰ 2年のみ↓連続２時限
一般教育,前期,土,1,154,駿河台校舎,教）教育課程論
機械工学専攻,前期,土,2,S601,タワースコラ,熱工学特論Ⅰ
一般教育,前期,土,2,S603,タワースコラ,英語ⅡA {再履修}
一般教育,前期,土,2,S604,タワースコラ,英語ⅠA {再履修}
建築学専攻,前期,土,2,S701,タワースコラ,建築デザイン ＊↓連続４時限
交通システム工学科,前期,土,2,1424,船橋校舎,卒業研究↓連続３時限【年間】
交通システム工学科,前期,土,2,1424,船橋校舎,卒業研究↓連続３時限【年間】
一般教育,前期,土,2,1431,船橋校舎,教）技術科教育法Ⅲ
一般教育,前期,土,2,1432,船橋校舎,教）教育相談
海洋建築工学専攻,前期,土,2,1452,船橋校舎,海洋建築工学インターンシップⅠ【年間】
航空宇宙工学専攻,前期,土,2,1455,船橋校舎,最適化手法Ⅰ
精密機械工学科,前期,土,2,741,船橋校舎,卒業研究【年間】
建築学科,前期,土,2,0000,駿河台校舎,建築実験Ⅰ {1}↓連続２時限
建築学科,前期,土,2,0000,駿河台校舎,建築実験Ⅲ {1}↓連続２時限
まちづくり工学専攻,前期,土,2,0000,駿河台校舎,まちづくり工学特別演習Ⅰ 2年のみ↓連続２時限
一般教育,前期,土,2,151,駿河台校舎,教）道徳教育の理論と方法
一般教育,前期,土,2,154,駿河台校舎,教）教育制度論
まちづくり工学専攻,前期,土,3,S1201,タワースコラ,市街地整備特論 △
土木工学科,前期,土,3,S301,タワースコラ,プロジェクトスタディⅠ {ID}↓連続２時限
土木工学科,前期,土,3,S401,タワースコラ,プロジェクトスタディⅠ {ID}↓連続２時限
土木工学科,前期,土,3,S504,タワースコラ,プロジェクトスタディⅠ {GD}↓連続２時限
土木工学科,前期,土,3,S505,タワースコラ,プロジェクトスタディⅠ {GD}↓連続２時限
一般教育,前期,土,3,S603,タワースコラ,英語ⅢA
一般教育,前期,土,3,S604,タワースコラ,英語ⅠA {再履修}
建築学専攻,前期,土,3,S701,タワースコラ,建築デザイン ＊↓連続４時限
海洋建築工学科,前期,土,3,1421,船橋校舎,卒業研究【年間】
交通システム工学科,前期,土,3,1424,船橋校舎,卒業研究↓連続３時限【年間】
交通システム工学科,前期,土,3,1424,船橋校舎,卒業研究↓連続３時限【年間】
海洋建築工学専攻,前期,土,3,1452,船橋校舎,海洋建築工学インターンシップⅡ【年間】
一般教育,前期,土,3,1456,船橋校舎,教）特別支援教育概論【前期隔週】
建築学科,前期,土,3,0000,駿河台校舎,建築実験Ⅰ {2}↓連続２時限
建築学科,前期,土,3,0000,駿河台校舎,建築実験Ⅲ {2}↓連続２時限
建築学専攻,前期,土,3,0000,駿河台校舎,建築計画特別研究【年間】
建築学専攻,前期,土,3,0000,駿河台校舎,建築計画特別研究【年間】
建築学専攻,前期,土,3,0000,駿河台校舎,建築計画特別研究【年間】
建築学専攻,前期,土,3,0000,駿河台校舎,建築計画特別研究【年間】
建築学専攻,前期,土,3,0000,駿河台校舎,環境工学特別研究【年間】
建築学専攻,前期,土,3,0000,駿河台校舎,環境工学特別研究【年間】
建築学専攻,前期,土,3,0000,駿河台校舎,環境工学特別研究【年間】
建築学専攻,前期,土,3,0000,駿河台校舎,建築構造学特別研究【年間】
建築学専攻,前期,土,3,0000,駿河台校舎,建築構造学特別研究【年間】
建築学専攻,前期,土,3,0000,駿河台校舎,建築構造学特別研究【年間】
建築学専攻,前期,土,3,0000,駿河台校舎,建築構造学特別研究【年間】
電気工学専攻,前期,土,3,0000,駿河台校舎,電気工学特別講義
物理学専攻,前期,土,3,0000,駿河台校舎,場の理論特別研究【年間】
物理学専攻,前期,土,3,0000,駿河台校舎,量子ビーム科学特別研究【年間】
物理学専攻,前期,土,3,0000,駿河台校舎,物性物理学理論特別研究【年間】
物理学専攻,前期,土,3,0000,駿河台校舎,プラズマ物理学特別研究【年間】
物理学専攻,前期,土,3,0000,駿河台校舎,物性物理学実験特別研究【年間】
物理学専攻,前期,土,3,0000,駿河台校舎,物性物理学実験特別研究【年間】
物理学専攻,前期,土,3,0000,駿河台校舎,生物物理学特別研究【年間】
物理学専攻,前期,土,3,0000,駿河台校舎,科学史特別研究【年間】
物理学専攻,前期,土,3,0000,駿河台校舎,宇宙物理学特別研究【年間】
物理学専攻,前期,土,3,0000,駿河台校舎,宇宙物理学特別研究【年間】
物理学専攻,前期,土,3,0000,駿河台校舎,宇宙物理学特別研究【年間】
物理学専攻,前期,土,3,0000,駿河台校舎,数理情報学特別研究【年間】
量子理工学専攻,前期,土,3,0000,駿河台校舎,加速器・放射線科学特別研究【年間】
量子理工学専攻,前期,土,3,0000,駿河台校舎,加速器・放射線科学特別研究【年間】
量子理工学専攻,前期,土,3,0000,駿河台校舎,プラズマ・核融合科学特別研究【年間】
量子理工学専攻,前期,土,3,0000,駿河台校舎,素粒子論・量子論特別研究【年間】
量子理工学専攻,前期,土,3,0000,駿河台校舎,素粒子論・量子論特別研究【年間】
量子理工学専攻,前期,土,3,0000,駿河台校舎,量子物性科学特別研究【年間】
量子理工学専攻,前期,土,3,0000,駿河台校舎,量子物性科学特別研究【年間】
量子理工学専攻,前期,土,3,0000,駿河台校舎,量子物性科学特別研究【年間】
量子理工学専攻,前期,土,3,0000,駿河台校舎,非線型数理シミュレーション特別研究【年間】
量子理工学専攻,前期,土,3,0000,駿河台校舎,非線型数理シミュレーション特別研究【年間】
一般教育,前期,土,3,151,駿河台校舎,教）教育原論
一般教育,前期,土,3,152,駿河台校舎,教）教育制度論
まちづくり工学専攻,前期,土,4,S1201,タワースコラ,景観まちづくり特論 △
量子理工学専攻,前期,土,4,S1201,タワースコラ,量子理工学特別講義
土木工学科,前期,土,4,S301,タワースコラ,プロジェクトスタディⅠ {ID}↓連続２時限
土木工学科,前期,土,4,S401,タワースコラ,プロジェクトスタディⅠ {ID}↓連続２時限
土木工学科,前期,土,4,S504,タワースコラ,プロジェクトスタディⅠ {GD}↓連続２時限
土木工学科,前期,土,4,S505,タワースコラ,プロジェクトスタディⅠ {GD}↓連続２時限
数学専攻,前期,土,4,S601,タワースコラ,数学特別演習A ＊↓連続２時限
一般教育,前期,土,4,S604,タワースコラ,英語ⅡA {再履修}
建築学専攻,前期,土,4,S701,タワースコラ,建築デザイン ＊↓連続４時限
海洋建築工学科,前期,土,4,1421,船橋校舎,ゼミナール【年間】
海洋建築工学専攻,前期,土,4,1452,船橋校舎,海洋建築工学特別講義
建築学科,前期,土,4,0000,駿河台校舎,建築実験Ⅰ {2}↓連続２時限
建築学科,前期,土,4,0000,駿河台校舎,建築実験Ⅲ {2}↓連続２時限
物質応用化学科,前期,土,4,0000,駿河台校舎,特別実験【年間】
物理学科,前期,土,4,0000,駿河台校舎,卒業研究【年間】
物質応用化学専攻,前期,土,4,0000,駿河台校舎,応用化学特別演習Ⅰ ＊↓連続２時限
土木工学専攻,前期,土,4,0000,駿河台校舎,土木構造学特別研究【年間】
土木工学専攻,前期,土,4,0000,駿河台校舎,土木構造学特別研究【年間】
土木工学専攻,前期,土,4,0000,駿河台校舎,土質力学特別研究【年間】
土木工学専攻,前期,土,4,0000,駿河台校舎,土木計画学特別研究【年間】
土木工学専攻,前期,土,4,0000,駿河台校舎,土木計画学特別研究【年間】
土木工学専攻,前期,土,4,0000,駿河台校舎,土木計画学特別研究【年間】
土木工学専攻,前期,土,4,0000,駿河台校舎,土木計画学特別研究【年間】
土木工学専攻,前期,土,4,0000,駿河台校舎,河海工学特別研究【年間】
土木工学専攻,前期,土,4,0000,駿河台校舎,河海工学特別研究【年間】
土木工学専攻,前期,土,4,0000,駿河台校舎,河海工学特別研究【年間】
土木工学専攻,前期,土,4,0000,駿河台校舎,環境工学特別研究【年間】
土木工学専攻,前期,土,4,0000,駿河台校舎,土木材料特別研究【年間】
土木工学専攻,前期,土,4,0000,駿河台校舎,土木材料特別研究【年間】
建築学専攻,前期,土,4,0000,駿河台校舎,建築計画特別研究【年間】
建築学専攻,前期,土,4,0000,駿河台校舎,建築計画特別研究【年間】
建築学専攻,前期,土,4,0000,駿河台校舎,建築計画特別研究【年間】
建築学専攻,前期,土,4,0000,駿河台校舎,建築計画特別研究【年間】
建築学専攻,前期,土,4,0000,駿河台校舎,環境工学特別研究【年間】
建築学専攻,前期,土,4,0000,駿河台校舎,環境工学特別研究【年間】
建築学専攻,前期,土,4,0000,駿河台校舎,環境工学特別研究【年間】
建築学専攻,前期,土,4,0000,駿河台校舎,建築構造学特別研究【年間】
建築学専攻,前期,土,4,0000,駿河台校舎,建築構造学特別研究【年間】
建築学専攻,前期,土,4,0000,駿河台校舎,建築構造学特別研究【年間】
建築学専攻,前期,土,4,0000,駿河台校舎,建築構造学特別研究【年間】
機械工学専攻,前期,土,4,0000,駿河台校舎,弾塑性学特別研究【年間】
機械工学専攻,前期,土,4,0000,駿河台校舎,弾塑性学特別研究【年間】
機械工学専攻,前期,土,4,0000,駿河台校舎,弾塑性学特別研究【年間】
機械工学専攻,前期,土,4,0000,駿河台校舎,熱工学特別研究【年間】
機械工学専攻,前期,土,4,0000,駿河台校舎,流体工学特別研究【年間】
機械工学専攻,前期,土,4,0000,駿河台校舎,流体工学特別研究【年間】
機械工学専攻,前期,土,4,0000,駿河台校舎,工作法特別研究【年間】
機械工学専攻,前期,土,4,0000,駿河台校舎,工作法特別研究【年間】
機械工学専攻,前期,土,4,0000,駿河台校舎,熱機関特別研究【年間】
機械工学専攻,前期,土,4,0000,駿河台校舎,自動車工学特別研究【年間】
機械工学専攻,前期,土,4,0000,駿河台校舎,自動車工学特別研究【年間】
機械工学専攻,前期,土,4,0000,駿河台校舎,機械力学特別研究【年間】
機械工学専攻,前期,土,4,0000,駿河台校舎,金属材料特別研究【年間】
電気工学専攻,前期,土,4,0000,駿河台校舎,エネルギー・制御特別研究【年間】
電気工学専攻,前期,土,4,0000,駿河台校舎,エネルギー・制御特別研究【年間】
電気工学専攻,前期,土,4,0000,駿河台校舎,通信・情報・音響特別研究【年間】
電気工学専攻,前期,土,4,0000,駿河台校舎,通信・情報・音響特別研究【年間】
電気工学専攻,前期,土,4,0000,駿河台校舎,通信・情報・音響特別研究【年間】
電気工学専攻,前期,土,4,0000,駿河台校舎,通信・情報・音響特別研究【年間】
電気工学専攻,前期,土,4,0000,駿河台校舎,材料・エレクトロニクス特別研究【年間】
電気工学専攻,前期,土,4,0000,駿河台校舎,材料・エレクトロニクス特別研究【年間】
物質応用化学専攻,前期,土,4,0000,駿河台校舎,物質化学特別研究【年間】
物質応用化学専攻,前期,土,4,0000,駿河台校舎,物質化学特別研究【年間】
物質応用化学専攻,前期,土,4,0000,駿河台校舎,物質化学特別研究【年間】
物質応用化学専攻,前期,土,4,0000,駿河台校舎,物質化学特別研究【年間】
物質応用化学専攻,前期,土,4,0000,駿河台校舎,物質化学特別研究【年間】
物質応用化学専攻,前期,土,4,0000,駿河台校舎,応用化学特別研究【年間】
物質応用化学専攻,前期,土,4,0000,駿河台校舎,応用化学特別研究【年間】
物質応用化学専攻,前期,土,4,0000,駿河台校舎,応用化学特別研究【年間】
物質応用化学専攻,前期,土,4,0000,駿河台校舎,応用化学特別研究【年間】
物質応用化学専攻,前期,土,4,0000,駿河台校舎,生命化学特別研究【年間】
物質応用化学専攻,前期,土,4,0000,駿河台校舎,生命化学特別研究【年間】
物質応用化学専攻,前期,土,4,0000,駿河台校舎,物質化学特別研究【年間】
物理学専攻,前期,土,4,0000,駿河台校舎,場の理論特別研究【年間】
物理学専攻,前期,土,4,0000,駿河台校舎,量子ビーム科学特別研究【年間】
物理学専攻,前期,土,4,0000,駿河台校舎,物性物理学理論特別研究【年間】
物理学専攻,前期,土,4,0000,駿河台校舎,プラズマ物理学特別研究【年間】
物理学専攻,前期,土,4,0000,駿河台校舎,物性物理学実験特別研究【年間】
物理学専攻,前期,土,4,0000,駿河台校舎,物性物理学実験特別研究【年間】
物理学専攻,前期,土,4,0000,駿河台校舎,生物物理学特別研究【年間】
物理学専攻,前期,土,4,0000,駿河台校舎,科学史特別研究【年間】
物理学専攻,前期,土,4,0000,駿河台校舎,宇宙物理学特別研究【年間】
物理学専攻,前期,土,4,0000,駿河台校舎,宇宙物理学特別研究【年間】
物理学専攻,前期,土,4,0000,駿河台校舎,宇宙物理学特別研究【年間】
物理学専攻,前期,土,4,0000,駿河台校舎,数理情報学特別研究【年間】
物理学専攻,前期,土,4,0000,駿河台校舎,場の理論特別研究【年間】
物理学専攻,前期,土,4,0000,駿河台校舎,量子ビーム科学特別研究【年間】
物理学専攻,前期,土,4,0000,駿河台校舎,物性物理学理論特別研究【年間】
物理学専攻,前期,土,4,0000,駿河台校舎,プラズマ物理学特別研究【年間】
物理学専攻,前期,土,4,0000,駿河台校舎,物性物理学実験特別研究【年間】
物理学専攻,前期,土,4,0000,駿河台校舎,物性物理学実験特別研究【年間】
物理学専攻,前期,土,4,0000,駿河台校舎,生物物理学特別研究【年間】
物理学専攻,前期,土,4,0000,駿河台校舎,科学史特別研究【年間】
物理学専攻,前期,土,4,0000,駿河台校舎,宇宙物理学特別研究【年間】
物理学専攻,前期,土,4,0000,駿河台校舎,宇宙物理学特別研究【年間】
物理学専攻,前期,土,4,0000,駿河台校舎,宇宙物理学特別研究【年間】
物理学専攻,前期,土,4,0000,駿河台校舎,数理情報学特別研究【年間】
数学専攻,前期,土,4,0000,駿河台校舎,応用数学特別研究【年間】
数学専攻,前期,土,4,0000,駿河台校舎,応用数学特別研究【年間】
数学専攻,前期,土,4,0000,駿河台校舎,応用数学特別研究【年間】
数学専攻,前期,土,4,0000,駿河台校舎,幾何学特別研究【年間】
数学専攻,前期,土,4,0000,駿河台校舎,幾何学特別研究【年間】
数学専攻,前期,土,4,0000,駿河台校舎,幾何学特別研究【年間】
数学専攻,前期,土,4,0000,駿河台校舎,解析学特別研究【年間】
数学専攻,前期,土,4,0000,駿河台校舎,解析学特別研究【年間】
数学専攻,前期,土,4,0000,駿河台校舎,解析学特別研究【年間】
まちづくり工学専攻,前期,土,4,0000,駿河台校舎,都市・地域マネジメント工学特別研究【年間】
まちづくり工学専攻,前期,土,4,0000,駿河台校舎,環境・防災まちづくり工学特別研究【年間】
まちづくり工学専攻,前期,土,4,0000,駿河台校舎,環境・防災まちづくり工学特別研究【年間】
まちづくり工学専攻,前期,土,4,0000,駿河台校舎,景観・観光まちづくり工学特別研究【年間】
まちづくり工学専攻,前期,土,4,0000,駿河台校舎,景観・観光まちづくり工学特別研究【年間】
まちづくり工学専攻,前期,土,4,0000,駿河台校舎,景観・観光まちづくり工学特別研究【年間】
まちづくり工学専攻,前期,土,4,0000,駿河台校舎,健康・福祉まちづくり工学特別研究【年間】
まちづくり工学専攻,前期,土,4,0000,駿河台校舎,都市・地域マネジメント工学特別研究【年間】
一般教育,前期,土,4,151,駿河台校舎,教）教育原論
一般教育,前期,土,4,154,駿河台校舎,教）生徒指導・進路指導論
数学専攻,前期,土,5,S601,タワースコラ,数学特別演習A ＊↓連続２時限
物理学専攻,前期,土,5,S603,タワースコラ,物理学特別講義
建築学専攻,前期,土,5,S604,タワースコラ,建築学特別講義
土木工学科,前期,土,5,0000,駿河台校舎,土木工学キャリアデザイン
機械工学科,前期,土,5,0000,駿河台校舎,卒業研究【年間】
物質応用化学科,前期,土,5,0000,駿河台校舎,卒業研究【年間】
物理学科,前期,土,5,0000,駿河台校舎,ゼミナール {再履修}
数学科,前期,土,5,0000,駿河台校舎,卒業研究【年間】
一般教育,前期,土,5,0000,駿河台校舎,教）地学実験 {年間集中}【年間集中(資)】
一般教育,前期,土,5,0000,駿河台校舎,教）数学科教育法Ⅰ {夏季集中}【夏季集中講義】
一般教育,前期,土,5,0000,駿河台校舎,教）生物育成（含実習） {夏季集中}【夏季集中講義】
一般教育,前期,土,5,0000,駿河台校舎,教）電気（含実習） {夏季集中}【夏季集中講義】
一般教育,前期,土,5,0000,駿河台校舎,教）栽培（含実習） {夏季集中}【夏季集中講義】
一般教育,前期,土,5,0000,駿河台校舎,教）教育実習Ⅰ {年間集中}【年間集中(資)】
一般教育,前期,土,5,0000,駿河台校舎,教）教育実習Ⅱ {年間集中}【年間集中(資)】
一般教育,前期,土,5,0000,駿河台校舎,教）教育実習事前・事後指導 {年間集中}【年間集中(資)】
一般教育,前期,土,5,0000,駿河台校舎,学）博物館実習C（館園）【年隔集中(資)】
土木工学専攻,前期,土,5,0000,駿河台校舎,土木工学特別演習 ＊【年間】
物質応用化学専攻,前期,土,5,0000,駿河台校舎,応用化学特別演習Ⅰ ＊↓連続２時限
量子理工学専攻,前期,土,5,0000,駿河台校舎,量子理工学講究Ⅰ ＊
土木工学専攻,前期,土,5,0000,駿河台校舎,土木構造学特別研究【年間】
土木工学専攻,前期,土,5,0000,駿河台校舎,土木構造学特別研究【年間】
土木工学専攻,前期,土,5,0000,駿河台校舎,土質力学特別研究【年間】
土木工学専攻,前期,土,5,0000,駿河台校舎,土木計画学特別研究【年間】
土木工学専攻,前期,土,5,0000,駿河台校舎,土木計画学特別研究【年間】
土木工学専攻,前期,土,5,0000,駿河台校舎,土木計画学特別研究【年間】
土木工学専攻,前期,土,5,0000,駿河台校舎,土木計画学特別研究【年間】
土木工学専攻,前期,土,5,0000,駿河台校舎,河海工学特別研究【年間】
土木工学専攻,前期,土,5,0000,駿河台校舎,河海工学特別研究【年間】
土木工学専攻,前期,土,5,0000,駿河台校舎,河海工学特別研究【年間】
土木工学専攻,前期,土,5,0000,駿河台校舎,環境工学特別研究【年間】
土木工学専攻,前期,土,5,0000,駿河台校舎,土木材料特別研究【年間】
土木工学専攻,前期,土,5,0000,駿河台校舎,土木材料特別研究【年間】
機械工学専攻,前期,土,5,0000,駿河台校舎,弾塑性学特別研究【年間】
機械工学専攻,前期,土,5,0000,駿河台校舎,弾塑性学特別研究【年間】
機械工学専攻,前期,土,5,0000,駿河台校舎,弾塑性学特別研究【年間】
機械工学専攻,前期,土,5,0000,駿河台校舎,熱工学特別研究【年間】
機械工学専攻,前期,土,5,0000,駿河台校舎,流体工学特別研究【年間】
機械工学専攻,前期,土,5,0000,駿河台校舎,流体工学特別研究【年間】
機械工学専攻,前期,土,5,0000,駿河台校舎,工作法特別研究【年間】
機械工学専攻,前期,土,5,0000,駿河台校舎,工作法特別研究【年間】
機械工学専攻,前期,土,5,0000,駿河台校舎,熱機関特別研究【年間】
機械工学専攻,前期,土,5,0000,駿河台校舎,自動車工学特別研究【年間】
機械工学専攻,前期,土,5,0000,駿河台校舎,自動車工学特別研究【年間】
機械工学専攻,前期,土,5,0000,駿河台校舎,機械力学特別研究【年間】
機械工学専攻,前期,土,5,0000,駿河台校舎,金属材料特別研究【年間】
電気工学専攻,前期,土,5,0000,駿河台校舎,エネルギー・制御特別研究【年間】
電気工学専攻,前期,土,5,0000,駿河台校舎,エネルギー・制御特別研究【年間】
電気工学専攻,前期,土,5,0000,駿河台校舎,通信・情報・音響特別研究【年間】
電気工学専攻,前期,土,5,0000,駿河台校舎,通信・情報・音響特別研究【年間】
電気工学専攻,前期,土,5,0000,駿河台校舎,通信・情報・音響特別研究【年間】
電気工学専攻,前期,土,5,0000,駿河台校舎,材料・エレクトロニクス特別研究【年間】
電気工学専攻,前期,土,5,0000,駿河台校舎,材料・エレクトロニクス特別研究【年間】
電気工学専攻,前期,土,5,0000,駿河台校舎,通信・情報・音響特別研究【年間】
物質応用化学専攻,前期,土,5,0000,駿河台校舎,物質化学特別研究【年間】
物質応用化学専攻,前期,土,5,0000,駿河台校舎,物質化学特別研究【年間】
物質応用化学専攻,前期,土,5,0000,駿河台校舎,物質化学特別研究【年間】
物質応用化学専攻,前期,土,5,0000,駿河台校舎,物質化学特別研究【年間】
物質応用化学専攻,前期,土,5,0000,駿河台校舎,物質化学特別研究【年間】
物質応用化学専攻,前期,土,5,0000,駿河台校舎,応用化学特別研究【年間】
物質応用化学専攻,前期,土,5,0000,駿河台校舎,応用化学特別研究【年間】
物質応用化学専攻,前期,土,5,0000,駿河台校舎,応用化学特別研究【年間】
物質応用化学専攻,前期,土,5,0000,駿河台校舎,応用化学特別研究【年間】
物質応用化学専攻,前期,土,5,0000,駿河台校舎,生命化学特別研究【年間】
物質応用化学専攻,前期,土,5,0000,駿河台校舎,生命化学特別研究【年間】
物質応用化学専攻,前期,土,5,0000,駿河台校舎,物質化学特別研究【年間】
数学専攻,前期,土,5,0000,駿河台校舎,応用数学特別研究【年間】
数学専攻,前期,土,5,0000,駿河台校舎,応用数学特別研究【年間】
数学専攻,前期,土,5,0000,駿河台校舎,応用数学特別研究【年間】
数学専攻,前期,土,5,0000,駿河台校舎,幾何学特別研究【年間】
数学専攻,前期,土,5,0000,駿河台校舎,幾何学特別研究【年間】
数学専攻,前期,土,5,0000,駿河台校舎,幾何学特別研究【年間】
数学専攻,前期,土,5,0000,駿河台校舎,解析学特別研究【年間】
数学専攻,前期,土,5,0000,駿河台校舎,解析学特別研究【年間】
数学専攻,前期,土,5,0000,駿河台校舎,解析学特別研究【年間】
量子理工学専攻,前期,土,5,0000,駿河台校舎,加速器・放射線科学特別研究【年間】
量子理工学専攻,前期,土,5,0000,駿河台校舎,加速器・放射線科学特別研究【年間】
量子理工学専攻,前期,土,5,0000,駿河台校舎,プラズマ・核融合科学特別研究【年間】
量子理工学専攻,前期,土,5,0000,駿河台校舎,素粒子論・量子論特別研究【年間】
量子理工学専攻,前期,土,5,0000,駿河台校舎,素粒子論・量子論特別研究【年間】
量子理工学専攻,前期,土,5,0000,駿河台校舎,量子物性科学特別研究【年間】
量子理工学専攻,前期,土,5,0000,駿河台校舎,量子物性科学特別研究【年間】
量子理工学専攻,前期,土,5,0000,駿河台校舎,量子物性科学特別研究【年間】
量子理工学専攻,前期,土,5,0000,駿河台校舎,非線型数理シミュレーション特別研究【年間】
量子理工学専攻,前期,土,5,0000,駿河台校舎,非線型数理シミュレーション特別研究【年間】
まちづくり工学専攻,前期,土,5,0000,駿河台校舎,都市・地域マネジメント工学特別研究【年間】
まちづくり工学専攻,前期,土,5,0000,駿河台校舎,環境・防災まちづくり工学特別研究【年間】
まちづくり工学専攻,前期,土,5,0000,駿河台校舎,環境・防災まちづくり工学特別研究【年間】
まちづくり工学専攻,前期,土,5,0000,駿河台校舎,景観・観光まちづくり工学特別研究【年間】
まちづくり工学専攻,前期,土,5,0000,駿河台校舎,景観・観光まちづくり工学特別研究【年間】
まちづくり工学専攻,前期,土,5,0000,駿河台校舎,景観・観光まちづくり工学特別研究【年間】
まちづくり工学専攻,前期,土,5,0000,駿河台校舎,健康・福祉まちづくり工学特別研究【年間】
まちづくり工学専攻,前期,土,5,0000,駿河台校舎,都市・地域マネジメント工学特別研究【年間】
建築学専攻,前期,土,6,S702,タワースコラ,建築設計演習 {夏季集中}【夏季集中講義】
建築学専攻,前期,土,6,S705）,タワースコラ,建築設計演習 {夏季集中}【夏季集中講義】
土木工学科,前期,土,6,0000,駿河台校舎,卒業研究【年間】
建築学科,前期,土,6,0000,駿河台校舎,卒業研究・設計【年間】
電気工学科,前期,土,6,0000,駿河台校舎,卒業研究【年間】
物質応用化学科,前期,土,6,0000,駿河台校舎,化学プレゼンテーション【年間】
数学科,前期,土,6,0000,駿河台校舎,ゼミナール【年間】
まちづくり工学科,前期,土,6,0000,駿河台校舎,ゼミナール【年間】
まちづくり工学科,前期,土,6,0000,駿河台校舎,卒業研究【年間】
一般教育,前期,土,6,0000,駿河台校舎,自主創造の基礎 ★{再履修}【前期ｵﾝﾃﾞﾏﾝﾄﾞ】
一般教育,前期,土,6,0000,駿河台校舎,ドイツ語Ⅰ ★{I群}【前期ｵﾝﾃﾞﾏﾝﾄﾞ】
一般教育,前期,土,6,0000,駿河台校舎,フランス語Ⅰ ★{I群}【前期ｵﾝﾃﾞﾏﾝﾄﾞ】
一般教育,前期,土,6,0000,駿河台校舎,中国語Ⅰ ★{I群}【前期ｵﾝﾃﾞﾏﾝﾄﾞ】
一般教育,前期,土,6,0000,駿河台校舎,ドイツ語Ⅰ ★{I群}【前期ｵﾝﾃﾞﾏﾝﾄﾞ】
一般教育,前期,土,6,0000,駿河台校舎,フランス語Ⅰ ★{I群}【前期ｵﾝﾃﾞﾏﾝﾄﾞ】
一般教育,前期,土,6,0000,駿河台校舎,中国語Ⅰ ★{I群}【前期ｵﾝﾃﾞﾏﾝﾄﾞ】
一般教育,前期,土,6,0000,駿河台校舎,英語ⅠA ★{再履修}【前期ｵﾝﾃﾞﾏﾝﾄﾞ】
一般教育,前期,土,6,0000,駿河台校舎,英語ⅡA ★{再履修}【前期ｵﾝﾃﾞﾏﾝﾄﾞ】
一般教育,前期,土,6,0000,駿河台校舎,英語ⅠA ★{再履修}【前期ｵﾝﾃﾞﾏﾝﾄﾞ】
一般教育,前期,土,6,0000,駿河台校舎,英語ⅡA ★{再履修}【前期ｵﾝﾃﾞﾏﾝﾄﾞ】
一般教育,前期,土,6,0000,駿河台校舎,英語ⅢA ★{再履修}【前期ｵﾝﾃﾞﾏﾝﾄﾞ】
一般教育,前期,土,6,0000,駿河台校舎,英語ⅢA ★{再履修}【前期ｵﾝﾃﾞﾏﾝﾄﾞ】
一般教育,前期,土,6,0000,駿河台校舎,English Communication Ⅰ ★{再履修}【前期ｵﾝﾃﾞﾏﾝﾄﾞ】
一般教育,前期,土,6,0000,駿河台校舎,English Communication Ⅰ ★{再履修}【前期ｵﾝﾃﾞﾏﾝﾄﾞ】
一般教育,前期,土,6,0000,駿河台校舎,歴史学 ★{I群}【前期ｵﾝﾃﾞﾏﾝﾄﾞ】
一般教育,前期,土,6,0000,駿河台校舎,経済学 ★{I群}【前期ｵﾝﾃﾞﾏﾝﾄﾞ】
一般教育,前期,土,6,0000,駿河台校舎,法学 ★{I群}【前期ｵﾝﾃﾞﾏﾝﾄﾞ】
一般教育,前期,土,6,0000,駿河台校舎,日本語表現の基礎 ★{II群}【前期ｵﾝﾃﾞﾏﾝﾄﾞ】
一般教育,前期,土,6,0000,駿河台校舎,感性芸術学 ★{II群}【前期ｵﾝﾃﾞﾏﾝﾄﾞ】
一般教育,前期,土,6,0000,駿河台校舎,クリティカル・シンキング ★{II群}【前期ｵﾝﾃﾞﾏﾝﾄﾞ】
一般教育,前期,土,6,0000,駿河台校舎,技術者倫理 ★{III群}【前期ｵﾝﾃﾞﾏﾝﾄﾞ】
一般教育,前期,土,6,0000,駿河台校舎,自主創造の基礎１ ★{再履修}【前期ｵﾝﾃﾞﾏﾝﾄﾞ】
土木工学専攻,前期,土,6,0000,駿河台校舎,土木構造学特別研究【年間】
土木工学専攻,前期,土,6,0000,駿河台校舎,土木構造学特別研究【年間】
土木工学専攻,前期,土,6,0000,駿河台校舎,土木構造学特別研究【年間】
土木工学専攻,前期,土,6,0000,駿河台校舎,土木構造学特別研究【年間】
土木工学専攻,前期,土,6,0000,駿河台校舎,土質力学特別研究【年間】
土木工学専攻,前期,土,6,0000,駿河台校舎,土質力学特別研究【年間】
土木工学専攻,前期,土,6,0000,駿河台校舎,土質力学特別研究【年間】
土木工学専攻,前期,土,6,0000,駿河台校舎,土木計画学特別研究【年間】
土木工学専攻,前期,土,6,0000,駿河台校舎,土木計画学特別研究【年間】
土木工学専攻,前期,土,6,0000,駿河台校舎,土木計画学特別研究【年間】
土木工学専攻,前期,土,6,0000,駿河台校舎,土木計画学特別研究【年間】
土木工学専攻,前期,土,6,0000,駿河台校舎,土木計画学特別研究【年間】
土木工学専攻,前期,土,6,0000,駿河台校舎,河海工学特別研究【年間】
土木工学専攻,前期,土,6,0000,駿河台校舎,河海工学特別研究【年間】
土木工学専攻,前期,土,6,0000,駿河台校舎,河海工学特別研究【年間】
土木工学専攻,前期,土,6,0000,駿河台校舎,環境工学特別研究【年間】
土木工学専攻,前期,土,6,0000,駿河台校舎,環境工学特別研究【年間】
土木工学専攻,前期,土,6,0000,駿河台校舎,環境工学特別研究【年間】
土木工学専攻,前期,土,6,0000,駿河台校舎,土木材料特別研究【年間】
土木工学専攻,前期,土,6,0000,駿河台校舎,土木材料特別研究【年間】
建築学専攻,前期,土,6,0000,駿河台校舎,建築設計特別研究【年間】
建築学専攻,前期,土,6,0000,駿河台校舎,建築設計特別研究【年間】
建築学専攻,前期,土,6,0000,駿河台校舎,建築設計特別研究【年間】
建築学専攻,前期,土,6,0000,駿河台校舎,建築設計特別研究【年間】
建築学専攻,前期,土,6,0000,駿河台校舎,建築計画特別研究【年間】
建築学専攻,前期,土,6,0000,駿河台校舎,建築計画特別研究【年間】
建築学専攻,前期,土,6,0000,駿河台校舎,建築計画特別研究【年間】
建築学専攻,前期,土,6,0000,駿河台校舎,建築計画特別研究【年間】
建築学専攻,前期,土,6,0000,駿河台校舎,建築計画特別研究【年間】
建築学専攻,前期,土,6,0000,駿河台校舎,建築計画特別研究【年間】
建築学専攻,前期,土,6,0000,駿河台校舎,環境工学特別研究【年間】
建築学専攻,前期,土,6,0000,駿河台校舎,環境工学特別研究【年間】
建築学専攻,前期,土,6,0000,駿河台校舎,環境工学特別研究【年間】
建築学専攻,前期,土,6,0000,駿河台校舎,建築構造学特別研究【年間】
建築学専攻,前期,土,6,0000,駿河台校舎,建築構造学特別研究【年間】
建築学専攻,前期,土,6,0000,駿河台校舎,建築構造学特別研究【年間】
建築学専攻,前期,土,6,0000,駿河台校舎,建築構造学特別研究【年間】
建築学専攻,前期,土,6,0000,駿河台校舎,建築構造学特別研究【年間】
建築学専攻,前期,土,6,0000,駿河台校舎,環境工学特別研究【年間】
機械工学専攻,前期,土,6,0000,駿河台校舎,ｴﾝｼﾞﾆｱﾘﾝｸﾞ･ﾌﾟﾚｾﾞﾝﾃｰｼｮﾝ･ｽｷﾙⅠ {夏季集中}【夏季集中講義】
機械工学専攻,前期,土,6,0000,駿河台校舎,ｴﾝｼﾞﾆｱﾘﾝｸﾞ･ﾌﾟﾚｾﾞﾝﾃｰｼｮﾝ･ｽｷﾙⅡ {夏季集中}【夏季集中講義】
機械工学専攻,前期,土,6,0000,駿河台校舎,弾塑性学特別研究【年間】
機械工学専攻,前期,土,6,0000,駿河台校舎,弾塑性学特別研究【年間】
機械工学専攻,前期,土,6,0000,駿河台校舎,弾塑性学特別研究【年間】
機械工学専攻,前期,土,6,0000,駿河台校舎,熱工学特別研究【年間】
機械工学専攻,前期,土,6,0000,駿河台校舎,流体工学特別研究【年間】
機械工学専攻,前期,土,6,0000,駿河台校舎,流体工学特別研究【年間】
機械工学専攻,前期,土,6,0000,駿河台校舎,流体工学特別研究【年間】
機械工学専攻,前期,土,6,0000,駿河台校舎,工作法特別研究【年間】
機械工学専攻,前期,土,6,0000,駿河台校舎,工作法特別研究【年間】
機械工学専攻,前期,土,6,0000,駿河台校舎,熱機関特別研究【年間】
機械工学専攻,前期,土,6,0000,駿河台校舎,自動車工学特別研究【年間】
機械工学専攻,前期,土,6,0000,駿河台校舎,自動車工学特別研究【年間】
機械工学専攻,前期,土,6,0000,駿河台校舎,自動車工学特別研究【年間】
機械工学専攻,前期,土,6,0000,駿河台校舎,機械力学特別研究【年間】
機械工学専攻,前期,土,6,0000,駿河台校舎,機械力学特別研究【年間】
機械工学専攻,前期,土,6,0000,駿河台校舎,金属材料特別研究【年間】
電気工学専攻,前期,土,6,0000,駿河台校舎,エネルギー・制御特別研究【年間】
電気工学専攻,前期,土,6,0000,駿河台校舎,エネルギー・制御特別研究【年間】
電気工学専攻,前期,土,6,0000,駿河台校舎,エネルギー・制御特別研究【年間】
電気工学専攻,前期,土,6,0000,駿河台校舎,通信・情報・音響特別研究【年間】
電気工学専攻,前期,土,6,0000,駿河台校舎,通信・情報・音響特別研究【年間】
電気工学専攻,前期,土,6,0000,駿河台校舎,通信・情報・音響特別研究【年間】
電気工学専攻,前期,土,6,0000,駿河台校舎,通信・情報・音響特別研究【年間】
電気工学専攻,前期,土,6,0000,駿河台校舎,通信・情報・音響特別研究【年間】
電気工学専攻,前期,土,6,0000,駿河台校舎,通信・情報・音響特別研究【年間】
電気工学専攻,前期,土,6,0000,駿河台校舎,通信・情報・音響特別研究【年間】
電気工学専攻,前期,土,6,0000,駿河台校舎,材料・エレクトロニクス特別研究【年間】
電気工学専攻,前期,土,6,0000,駿河台校舎,材料・エレクトロニクス特別研究【年間】
電気工学専攻,前期,土,6,0000,駿河台校舎,材料・エレクトロニクス特別研究【年間】
電気工学専攻,前期,土,6,0000,駿河台校舎,材料・エレクトロニクス特別研究【年間】
電気工学専攻,前期,土,6,0000,駿河台校舎,材料・エレクトロニクス特別研究【年間】
物質応用化学専攻,前期,土,6,0000,駿河台校舎,物質化学特別研究【年間】
物質応用化学専攻,前期,土,6,0000,駿河台校舎,物質化学特別研究【年間】
物質応用化学専攻,前期,土,6,0000,駿河台校舎,物質化学特別研究【年間】
物質応用化学専攻,前期,土,6,0000,駿河台校舎,物質化学特別研究【年間】
物質応用化学専攻,前期,土,6,0000,駿河台校舎,物質化学特別研究【年間】
物質応用化学専攻,前期,土,6,0000,駿河台校舎,物質化学特別研究【年間】
物質応用化学専攻,前期,土,6,0000,駿河台校舎,応用化学特別研究【年間】
物質応用化学専攻,前期,土,6,0000,駿河台校舎,応用化学特別研究【年間】
物質応用化学専攻,前期,土,6,0000,駿河台校舎,応用化学特別研究【年間】
物質応用化学専攻,前期,土,6,0000,駿河台校舎,応用化学特別研究【年間】
物質応用化学専攻,前期,土,6,0000,駿河台校舎,応用化学特別研究【年間】
物質応用化学専攻,前期,土,6,0000,駿河台校舎,応用化学特別研究【年間】
物質応用化学専攻,前期,土,6,0000,駿河台校舎,応用化学特別研究【年間】
物質応用化学専攻,前期,土,6,0000,駿河台校舎,生命化学特別研究【年間】
物質応用化学専攻,前期,土,6,0000,駿河台校舎,生命化学特別研究【年間】
物質応用化学専攻,前期,土,6,0000,駿河台校舎,生命化学特別研究【年間】
物理学専攻,前期,土,6,0000,駿河台校舎,場の理論特別研究【年間】
物理学専攻,前期,土,6,0000,駿河台校舎,場の理論特別研究【年間】
物理学専攻,前期,土,6,0000,駿河台校舎,量子ビーム科学特別研究【年間】
物理学専攻,前期,土,6,0000,駿河台校舎,量子ビーム科学特別研究【年間】
物理学専攻,前期,土,6,0000,駿河台校舎,物性物理学理論特別研究【年間】
物理学専攻,前期,土,6,0000,駿河台校舎,プラズマ物理学特別研究【年間】
物理学専攻,前期,土,6,0000,駿河台校舎,物性物理学実験特別研究【年間】
物理学専攻,前期,土,6,0000,駿河台校舎,物性物理学実験特別研究【年間】
物理学専攻,前期,土,6,0000,駿河台校舎,生物物理学特別研究【年間】
物理学専攻,前期,土,6,0000,駿河台校舎,生物物理学特別研究【年間】
物理学専攻,前期,土,6,0000,駿河台校舎,科学史特別研究【年間】
物理学専攻,前期,土,6,0000,駿河台校舎,宇宙物理学特別研究【年間】
物理学専攻,前期,土,6,0000,駿河台校舎,宇宙物理学特別研究【年間】
物理学専攻,前期,土,6,0000,駿河台校舎,宇宙物理学特別研究【年間】
物理学専攻,前期,土,6,0000,駿河台校舎,数理情報学特別研究【年間】
物理学専攻,前期,土,6,0000,駿河台校舎,科学史特別研究【年間】
数学専攻,前期,土,6,0000,駿河台校舎,応用数学特別研究【年間】
数学専攻,前期,土,6,0000,駿河台校舎,応用数学特別研究【年間】
数学専攻,前期,土,6,0000,駿河台校舎,応用数学特別研究【年間】
数学専攻,前期,土,6,0000,駿河台校舎,幾何学特別研究【年間】
数学専攻,前期,土,6,0000,駿河台校舎,幾何学特別研究【年間】
数学専攻,前期,土,6,0000,駿河台校舎,幾何学特別研究【年間】
数学専攻,前期,土,6,0000,駿河台校舎,解析学特別研究【年間】
数学専攻,前期,土,6,0000,駿河台校舎,解析学特別研究【年間】
数学専攻,前期,土,6,0000,駿河台校舎,解析学特別研究【年間】
数学専攻,前期,土,6,0000,駿河台校舎,代数学特別研究【年間】
数学専攻,前期,土,6,0000,駿河台校舎,応用数学特別研究【年間】
量子理工学専攻,前期,土,6,0000,駿河台校舎,加速器・放射線科学特別研究【年間】
量子理工学専攻,前期,土,6,0000,駿河台校舎,加速器・放射線科学特別研究【年間】
量子理工学専攻,前期,土,6,0000,駿河台校舎,プラズマ・核融合科学特別研究【年間】
量子理工学専攻,前期,土,6,0000,駿河台校舎,素粒子論・量子論特別研究【年間】
量子理工学専攻,前期,土,6,0000,駿河台校舎,素粒子論・量子論特別研究【年間】
量子理工学専攻,前期,土,6,0000,駿河台校舎,量子物性科学特別研究【年間】
量子理工学専攻,前期,土,6,0000,駿河台校舎,量子物性科学特別研究【年間】
量子理工学専攻,前期,土,6,0000,駿河台校舎,量子物性科学特別研究【年間】
量子理工学専攻,前期,土,6,0000,駿河台校舎,非線型数理シミュレーション特別研究【年間】
量子理工学専攻,前期,土,6,0000,駿河台校舎,非線型数理シミュレーション特別研究【年間】
まちづくり工学専攻,前期,土,6,0000,駿河台校舎,都市・地域マネジメント工学特別研究【年間】
まちづくり工学専攻,前期,土,6,0000,駿河台校舎,都市・地域マネジメント工学特別研究【年間】
まちづくり工学専攻,前期,土,6,0000,駿河台校舎,都市・地域マネジメント工学特別研究【年間】
まちづくり工学専攻,前期,土,6,0000,駿河台校舎,環境・防災まちづくり工学特別研究【年間】
まちづくり工学専攻,前期,土,6,0000,駿河台校舎,環境・防災まちづくり工学特別研究【年間】
まちづくり工学専攻,前期,土,6,0000,駿河台校舎,景観・観光まちづくり工学特別研究【年間】
まちづくり工学専攻,前期,土,6,0000,駿河台校舎,景観・観光まちづくり工学特別研究【年間】
まちづくり工学専攻,前期,土,6,0000,駿河台校舎,景観・観光まちづくり工学特別研究【年間】
まちづくり工学専攻,前期,土,6,0000,駿河台校舎,景観・観光まちづくり工学特別研究【年間】
まちづくり工学専攻,前期,土,6,0000,駿河台校舎,健康・福祉まちづくり工学特別研究【年間】
まちづくり工学専攻,前期,土,6,0000,駿河台校舎,環境・防災まちづくり工学特別研究【年間】
まちづくり工学専攻,前期,土,6,0000,駿河台校舎,健康・福祉まちづくり工学特別研究【年間】
土木工学専攻,前期,土,6,0000,駿河台校舎,土木構造学特別研究【年間】
土木工学専攻,前期,土,6,0000,駿河台校舎,土木構造学特別研究【年間】
土木工学専攻,前期,土,6,0000,駿河台校舎,土質力学特別研究【年間】
土木工学専攻,前期,土,6,0000,駿河台校舎,土木計画学特別研究【年間】
土木工学専攻,前期,土,6,0000,駿河台校舎,土木計画学特別研究【年間】
土木工学専攻,前期,土,6,0000,駿河台校舎,土木計画学特別研究【年間】
土木工学専攻,前期,土,6,0000,駿河台校舎,土木計画学特別研究【年間】
土木工学専攻,前期,土,6,0000,駿河台校舎,河海工学特別研究【年間】
土木工学専攻,前期,土,6,0000,駿河台校舎,河海工学特別研究【年間】
土木工学専攻,前期,土,6,0000,駿河台校舎,河海工学特別研究【年間】
土木工学専攻,前期,土,6,0000,駿河台校舎,環境工学特別研究【年間】
土木工学専攻,前期,土,6,0000,駿河台校舎,土木材料特別研究【年間】
土木工学専攻,前期,土,6,0000,駿河台校舎,土木材料特別研究【年間】
建築学専攻,前期,土,6,0000,駿河台校舎,建築計画特別研究【年間】
建築学専攻,前期,土,6,0000,駿河台校舎,建築計画特別研究【年間】
建築学専攻,前期,土,6,0000,駿河台校舎,建築計画特別研究【年間】
建築学専攻,前期,土,6,0000,駿河台校舎,建築計画特別研究【年間】
建築学専攻,前期,土,6,0000,駿河台校舎,環境工学特別研究【年間】
建築学専攻,前期,土,6,0000,駿河台校舎,環境工学特別研究【年間】
建築学専攻,前期,土,6,0000,駿河台校舎,環境工学特別研究【年間】
建築学専攻,前期,土,6,0000,駿河台校舎,建築構造学特別研究【年間】
建築学専攻,前期,土,6,0000,駿河台校舎,建築構造学特別研究【年間】
建築学専攻,前期,土,6,0000,駿河台校舎,建築構造学特別研究【年間】
建築学専攻,前期,土,6,0000,駿河台校舎,建築構造学特別研究【年間】
機械工学専攻,前期,土,6,0000,駿河台校舎,弾塑性学特別研究【年間】
機械工学専攻,前期,土,6,0000,駿河台校舎,弾塑性学特別研究【年間】
機械工学専攻,前期,土,6,0000,駿河台校舎,弾塑性学特別研究【年間】
機械工学専攻,前期,土,6,0000,駿河台校舎,熱工学特別研究【年間】
機械工学専攻,前期,土,6,0000,駿河台校舎,流体工学特別研究【年間】
機械工学専攻,前期,土,6,0000,駿河台校舎,流体工学特別研究【年間】
機械工学専攻,前期,土,6,0000,駿河台校舎,工作法特別研究【年間】
機械工学専攻,前期,土,6,0000,駿河台校舎,工作法特別研究【年間】
機械工学専攻,前期,土,6,0000,駿河台校舎,熱機関特別研究【年間】
機械工学専攻,前期,土,6,0000,駿河台校舎,自動車工学特別研究【年間】
機械工学専攻,前期,土,6,0000,駿河台校舎,自動車工学特別研究【年間】
機械工学専攻,前期,土,6,0000,駿河台校舎,機械力学特別研究【年間】
機械工学専攻,前期,土,6,0000,駿河台校舎,金属材料特別研究【年間】
電気工学専攻,前期,土,6,0000,駿河台校舎,エネルギー・制御特別研究【年間】
電気工学専攻,前期,土,6,0000,駿河台校舎,エネルギー・制御特別研究【年間】
電気工学専攻,前期,土,6,0000,駿河台校舎,通信・情報・音響特別研究【年間】
電気工学専攻,前期,土,6,0000,駿河台校舎,通信・情報・音響特別研究【年間】
電気工学専攻,前期,土,6,0000,駿河台校舎,通信・情報・音響特別研究【年間】
電気工学専攻,前期,土,6,0000,駿河台校舎,材料・エレクトロニクス特別研究【年間】
電気工学専攻,前期,土,6,0000,駿河台校舎,材料・エレクトロニクス特別研究【年間】
電気工学専攻,前期,土,6,0000,駿河台校舎,通信・情報・音響特別研究【年間】
物質応用化学専攻,前期,土,6,0000,駿河台校舎,物質化学特別研究【年間】
物質応用化学専攻,前期,土,6,0000,駿河台校舎,物質化学特別研究【年間】
物質応用化学専攻,前期,土,6,0000,駿河台校舎,物質化学特別研究【年間】
物質応用化学専攻,前期,土,6,0000,駿河台校舎,物質化学特別研究【年間】
物質応用化学専攻,前期,土,6,0000,駿河台校舎,物質化学特別研究【年間】
物質応用化学専攻,前期,土,6,0000,駿河台校舎,応用化学特別研究【年間】
物質応用化学専攻,前期,土,6,0000,駿河台校舎,応用化学特別研究【年間】
物質応用化学専攻,前期,土,6,0000,駿河台校舎,応用化学特別研究【年間】
物質応用化学専攻,前期,土,6,0000,駿河台校舎,応用化学特別研究【年間】
物質応用化学専攻,前期,土,6,0000,駿河台校舎,生命化学特別研究【年間】
物質応用化学専攻,前期,土,6,0000,駿河台校舎,生命化学特別研究【年間】
物質応用化学専攻,前期,土,6,0000,駿河台校舎,物質化学特別研究【年間】
数学専攻,前期,土,6,0000,駿河台校舎,応用数学特別研究【年間】
数学専攻,前期,土,6,0000,駿河台校舎,応用数学特別研究【年間】
数学専攻,前期,土,6,0000,駿河台校舎,応用数学特別研究【年間】
数学専攻,前期,土,6,0000,駿河台校舎,幾何学特別研究【年間】
数学専攻,前期,土,6,0000,駿河台校舎,幾何学特別研究【年間】
数学専攻,前期,土,6,0000,駿河台校舎,幾何学特別研究【年間】
数学専攻,前期,土,6,0000,駿河台校舎,解析学特別研究【年間】
数学専攻,前期,土,6,0000,駿河台校舎,解析学特別研究【年間】
数学専攻,前期,土,6,0000,駿河台校舎,解析学特別研究【年間】
量子理工学専攻,前期,土,6,0000,駿河台校舎,加速器・放射線科学特別研究【年間】
量子理工学専攻,前期,土,6,0000,駿河台校舎,加速器・放射線科学特別研究【年間】
量子理工学専攻,前期,土,6,0000,駿河台校舎,プラズマ・核融合科学特別研究【年間】
量子理工学専攻,前期,土,6,0000,駿河台校舎,素粒子論・量子論特別研究【年間】
量子理工学専攻,前期,土,6,0000,駿河台校舎,素粒子論・量子論特別研究【年間】
量子理工学専攻,前期,土,6,0000,駿河台校舎,量子物性科学特別研究【年間】
量子理工学専攻,前期,土,6,0000,駿河台校舎,量子物性科学特別研究【年間】
量子理工学専攻,前期,土,6,0000,駿河台校舎,量子物性科学特別研究【年間】
量子理工学専攻,前期,土,6,0000,駿河台校舎,非線型数理シミュレーション特別研究【年間】
量子理工学専攻,前期,土,6,0000,駿河台校舎,非線型数理シミュレーション特別研究【年間】
まちづくり工学専攻,前期,土,6,0000,駿河台校舎,都市・地域マネジメント工学特別研究【年間】
まちづくり工学専攻,前期,土,6,0000,駿河台校舎,環境・防災まちづくり工学特別研究【年間】
まちづくり工学専攻,前期,土,6,0000,駿河台校舎,環境・防災まちづくり工学特別研究【年間】
まちづくり工学専攻,前期,土,6,0000,駿河台校舎,景観・観光まちづくり工学特別研究【年間】
まちづくり工学専攻,前期,土,6,0000,駿河台校舎,景観・観光まちづくり工学特別研究【年間】
まちづくり工学専攻,前期,土,6,0000,駿河台校舎,景観・観光まちづくり工学特別研究【年間】
まちづくり工学専攻,前期,土,6,0000,駿河台校舎,健康・福祉まちづくり工学特別研究【年間】
まちづくり工学専攻,前期,土,6,0000,駿河台校舎,都市・地域マネジメント工学特別研究【年間】
建築学専攻,前期,土,6,スタジオ（S701,駿河台校舎,建築設計演習 {夏季集中}【夏季集中講義】
まちづくり工学専攻,前期,月,1,S1201,タワースコラ,まちづくり工学特別講義
一般教育,前期,月,1,S201,タワースコラ,英語特殊講義A
機械工学科,前期,月,1,S202,タワースコラ,微分方程式Ⅰ
一般教育,前期,月,1,S203,タワースコラ,English Communication Ⅰ
建築学科,前期,月,1,S204,タワースコラ,構造力学Ⅰ {2}
建築学科,前期,月,1,S301,タワースコラ,環境工学Ⅰ {1}
電気工学科,前期,月,1,S302,タワースコラ,電気計測 {B}
一般教育,前期,月,1,S303,タワースコラ,English Communication Ⅰ
一般教育,前期,月,1,S304,タワースコラ,英語特殊講義A
電気工学科,前期,月,1,S401,タワースコラ,電気計測 {A}
一般教育,前期,月,1,S405,タワースコラ,英語特殊講義B
機械工学専攻,前期,月,1,S601,タワースコラ,工作法特論
交通システム工学科,前期,月,1,1023,船橋校舎,観光交通論
交通システム工学科,前期,月,1,1023,船橋校舎,観光交通論
応用情報工学科,前期,月,1,1131,船橋校舎,応用情報工学インセンティブ
一般教育,前期,月,1,1132,船橋校舎,微分方程式Ⅰ
航空宇宙工学科,前期,月,1,1133,船橋校舎,微分方程式Ⅰ
電子工学科,前期,月,1,1141,船橋校舎,電子工学インセンティブ {未来}
建築学科,前期,月,1,1325,船橋校舎,建築学インセンティブ
物質応用化学科,前期,月,1,1326,船橋校舎,物質応用化学インセンティブ {前期隔週}↓連続２時限【前期隔週】
まちづくり工学科,前期,月,1,1422,船橋校舎,まちづくり工学インセンティブ
交通システム工学科,前期,月,1,1425,船橋校舎,交通システム工学インセンティブ
交通システム工学科,前期,月,1,1425,船橋校舎,交通システム工学インセンティブ
交通システム工学科,前期,月,1,1426,船橋校舎,交通システム工学インセンティブ
交通システム工学科,前期,月,1,1426,船橋校舎,交通システム工学インセンティブ
交通システム工学科,前期,月,1,1427,船橋校舎,交通システム工学インセンティブ
交通システム工学科,前期,月,1,1427,船橋校舎,交通システム工学インセンティブ
交通システム工学科,前期,月,1,1428,船橋校舎,交通システム工学インセンティブ
交通システム工学科,前期,月,1,1428,船橋校舎,交通システム工学インセンティブ
交通システム工学科,前期,月,1,1429,船橋校舎,交通システム工学インセンティブ
交通システム工学科,前期,月,1,1429,船橋校舎,交通システム工学インセンティブ
交通システム工学科,前期,月,1,1431,船橋校舎,交通システム工学インセンティブ
交通システム工学科,前期,月,1,1431,船橋校舎,交通システム工学インセンティブ
物理学科,前期,月,1,1432,船橋校舎,力学Ⅰ
航空宇宙工学科,前期,月,1,1441,船橋校舎,航空宇宙工学インセンティブ {未来}
土木工学科,前期,月,1,階段教室(大),船橋校舎,土木工学インセンティブ {前期隔週}↓連続２時限【前期隔週】
建築学専攻,前期,月,1,0000,駿河台校舎,建築学インターンシップ↓連続２時限
一般教育,前期,月,1,131,駿河台校舎,英語特殊講義B
一般教育,前期,月,1,133,駿河台校舎,英語特殊講義B
一般教育,前期,月,1,143,駿河台校舎,英語特殊講義A
一般教育,前期,月,1,144,駿河台校舎,英語特殊講義A
一般教育,前期,月,1,151,駿河台校舎,英語特殊講義B
数学科,前期,月,1,152,駿河台校舎,幾何学及び演習Ａ↓連続２時限
一般教育,前期,月,1,154,駿河台校舎,英語特殊講義B
物質応用化学科,前期,月,1,851,駿河台校舎,無機化学Ⅰ {A}
物質応用化学科,前期,月,1,852,駿河台校舎,量論化学工学Ⅰ {B}
一般教育,前期,月,2,S201,タワースコラ,英語特殊講義A
電気工学科,前期,月,2,S202,タワースコラ,電磁波の基礎
一般教育,前期,月,2,S203,タワースコラ,English Communication Ⅰ
建築学科,前期,月,2,S204,タワースコラ,構造力学演習Ⅰ {2}
建築学科,前期,月,2,S301,タワースコラ,環境工学演習Ⅰ {1}
一般教育,前期,月,2,S303,タワースコラ,English Communication Ⅰ
一般教育,前期,月,2,S304,タワースコラ,英語特殊講義A
土木工学専攻,前期,月,2,S305,タワースコラ,水理学・流体力学演習
数学専攻,前期,月,2,S305,タワースコラ,幾何学特論ⅡA
電気工学科,前期,月,2,S401,タワースコラ,情報の基礎
建築学専攻,前期,月,2,S403,タワースコラ,近代建築史特論
土木工学科,前期,月,2,S404,タワースコラ,地震工学
一般教育,前期,月,2,S405,タワースコラ,英語特殊講義B
機械工学科,前期,月,2,S501,タワースコラ,ｺﾝﾋﾟｭｰﾀﾌﾟﾛｸﾞﾗﾐﾝｸﾞⅠ
機械工学科,前期,月,2,S502,タワースコラ,ｺﾝﾋﾟｭｰﾀﾌﾟﾛｸﾞﾗﾐﾝｸﾞⅠ
数学科,前期,月,2,S505,タワースコラ,解析学入門Ａ
機械工学専攻,前期,月,2,S601,タワースコラ,応用弾性学特論Ⅰ
電気工学専攻,前期,月,2,S602,タワースコラ,計測工学特論
土木工学専攻,前期,月,2,S603,タワースコラ,建設事業特論
一般教育,前期,月,2,1012,船橋校舎,自主創造の基礎
一般教育,前期,月,2,1013,船橋校舎,自主創造の基礎
一般教育,前期,月,2,1021,船橋校舎,自主創造の基礎
精密機械工学科,前期,月,2,1022,船橋校舎,機械材料
交通システム工学科,前期,月,2,1023,船橋校舎,オペレーションズ・リサーチ
交通システム工学科,前期,月,2,1023,船橋校舎,オペレーションズ・リサーチ
一般教育,前期,月,2,1031,船橋校舎,自主創造の基礎
一般教育,前期,月,2,1032,船橋校舎,自主創造の基礎
一般教育,前期,月,2,1033,船橋校舎,自主創造の基礎
一般教育,前期,月,2,1041,船橋校舎,自主創造の基礎
応用情報工学科,前期,月,2,1113,船橋校舎,応用数学
電子工学科,前期,月,2,1133,船橋校舎,微分方程式Ⅰ
電子工学科,前期,月,2,1141,船橋校舎,微分積分学Ⅰ
物質応用化学科,前期,月,2,1326,船橋校舎,物質応用化学インセンティブ {前期隔週}↓連続２時限【前期隔週】
海洋建築工学科,前期,月,2,1421,船橋校舎,海洋建築実験Ⅲ↓連続２時限
電子工学科,前期,月,2,1423,船橋校舎,電子工学キャリアデザイン【前期隔週】
航空宇宙工学科,前期,月,2,1432,船橋校舎,振動工学 ☆
海洋建築工学専攻,前期,月,2,1452,船橋校舎,海洋建築計画特論 ＊
精密機械工学専攻,前期,月,2,1453,船橋校舎,材料加工学特論Ⅰ ＊
電子工学専攻,前期,月,2,1454,船橋校舎,マイクロ波素子
航空宇宙工学専攻,前期,月,2,1455,船橋校舎,安全工学特論
情報科学専攻,前期,月,2,1456,船橋校舎,データベース
応用情報工学科,前期,月,2,241,船橋校舎,情報デバイス
土木工学科,前期,月,2,階段教室(大),船橋校舎,土木工学インセンティブ {前期隔週}↓連続２時限【前期隔週】
精密機械工学科,前期,月,2,階段教室(小),船橋校舎,流体力学
建築学専攻,前期,月,2,0000,駿河台校舎,建築学インターンシップ↓連続２時限
一般教育,前期,月,2,131,駿河台校舎,英語特殊講義B
一般教育,前期,月,2,132,駿河台校舎,心理学 {II群}
一般教育,前期,月,2,133,駿河台校舎,英語特殊講義B
まちづくり工学科,前期,月,2,134,駿河台校舎,建築計画Ⅰ
一般教育,前期,月,2,143,駿河台校舎,英語特殊講義A
一般教育,前期,月,2,144,駿河台校舎,英語特殊講義A
一般教育,前期,月,2,151,駿河台校舎,英語特殊講義B
数学科,前期,月,2,152,駿河台校舎,幾何学及び演習Ａ↓連続２時限
一般教育,前期,月,2,154,駿河台校舎,英語特殊講義B
物質応用化学専攻,前期,月,2,831,駿河台校舎,エネルギー資源化学特論
物質応用化学科,前期,月,2,843,駿河台校舎,金属化学
物質応用化学科,前期,月,2,851,駿河台校舎,量論化学工学Ⅰ {A}
物質応用化学科,前期,月,2,852,駿河台校舎,無機化学Ⅰ {B}
数学科,前期,月,3,S202,タワースコラ,代数学幾何学Ｃ {2}↓連続２時限
建築学科,前期,月,3,S204,タワースコラ,応用力学Ⅰ {2}
建築学科,前期,月,3,S301,タワースコラ,構造力学Ⅰ {1}
建築学科,前期,月,3,S302,タワースコラ,ユニバーサルデザイン {1}
数学科,前期,月,3,S304,タワースコラ,微分積分学Ｃ {1}↓連続２時限
数学専攻,前期,月,3,S306,タワースコラ,解析学特論ⅠA
土木工学科,前期,月,3,S401,タワースコラ,応用水理学 {1}
物理学科,前期,月,3,S404,タワースコラ,数理統計の基礎Ⅰ
土木工学専攻,前期,月,3,S405,タワースコラ,Academic Writing & Presenting 新カリ
交通システム工学専攻,前期,月,3,S405,タワースコラ,Academic Writing & Presenting 新カリ
建築学専攻,前期,月,3,S405,タワースコラ,Academic Writing & Presenting 新カリ
海洋建築工学専攻,前期,月,3,S405,タワースコラ,Academic Writing & Presenting 新カリ
機械工学専攻,前期,月,3,S405,タワースコラ,Academic Writing & Presenting 新カリ
精密機械工学専攻,前期,月,3,S405,タワースコラ,Academic Writing & Presenting 新カリ
航空宇宙工学専攻,前期,月,3,S405,タワースコラ,Academic Writing & Presenting 新カリ
電気工学専攻,前期,月,3,S405,タワースコラ,Academic Writing & Presenting 新カリ
電子工学専攻,前期,月,3,S405,タワースコラ,Academic Writing & Presenting 新カリ
物質応用化学専攻,前期,月,3,S405,タワースコラ,Academic Writing & Presenting 新カリ
物理学専攻,前期,月,3,S405,タワースコラ,Academic Writing & Presenting 新カリ
数学専攻,前期,月,3,S405,タワースコラ,Academic Writing & Presenting 新カリ
情報科学専攻,前期,月,3,S405,タワースコラ,Academic Writing & Presenting 新カリ
量子理工学専攻,前期,月,3,S405,タワースコラ,Academic Writing & Presenting 新カリ
まちづくり工学専攻,前期,月,3,S405,タワースコラ,Academic Writing & Presenting 新カリ
まちづくり工学科,前期,月,3,S501,タワースコラ,空間情報処理
まちづくり工学科,前期,月,3,S504,タワースコラ,空間情報処理
建築学科,前期,月,3,S505,タワースコラ,環境工学Ⅲ {2}
土木工学専攻,前期,月,3,S602,タワースコラ,都市計画特論
建築学科,前期,月,3,S702,タワースコラ,建築学の実践↓連続２時限
建築学科,前期,月,3,S705）,タワースコラ,建築学の実践↓連続２時限
土木工学科,前期,月,3,1011,船橋校舎,倫理学 {I群}
交通システム工学科,前期,月,3,1011,船橋校舎,倫理学 {I群}
交通システム工学科,前期,月,3,1011,船橋校舎,倫理学 {I群}
建築学科,前期,月,3,1011,船橋校舎,倫理学 {I群}
海洋建築工学科,前期,月,3,1011,船橋校舎,倫理学 {I群}
機械工学科,前期,月,3,1011,船橋校舎,倫理学 {I群}
精密機械工学科,前期,月,3,1011,船橋校舎,倫理学 {I群}
航空宇宙工学科,前期,月,3,1011,船橋校舎,倫理学 {I群}
電気工学科,前期,月,3,1011,船橋校舎,倫理学 {I群}
電子工学科,前期,月,3,1011,船橋校舎,倫理学 {I群}
物質応用化学科,前期,月,3,1011,船橋校舎,倫理学 {I群}
物理学科,前期,月,3,1011,船橋校舎,倫理学 {I群}
数学科,前期,月,3,1011,船橋校舎,倫理学 {I群}
まちづくり工学科,前期,月,3,1011,船橋校舎,倫理学 {I群}
応用情報工学科,前期,月,3,1011,船橋校舎,倫理学 {I群}
一般教育,前期,月,3,1011,船橋校舎,倫理学 {I群}
土木工学科,前期,月,3,1012,船橋校舎,文学 {I群}
交通システム工学科,前期,月,3,1012,船橋校舎,文学 {I群}
交通システム工学科,前期,月,3,1012,船橋校舎,文学 {I群}
建築学科,前期,月,3,1012,船橋校舎,文学 {I群}
海洋建築工学科,前期,月,3,1012,船橋校舎,文学 {I群}
機械工学科,前期,月,3,1012,船橋校舎,文学 {I群}
精密機械工学科,前期,月,3,1012,船橋校舎,文学 {I群}
航空宇宙工学科,前期,月,3,1012,船橋校舎,文学 {I群}
電気工学科,前期,月,3,1012,船橋校舎,文学 {I群}
電子工学科,前期,月,3,1012,船橋校舎,文学 {I群}
物質応用化学科,前期,月,3,1012,船橋校舎,文学 {I群}
物理学科,前期,月,3,1012,船橋校舎,文学 {I群}
数学科,前期,月,3,1012,船橋校舎,文学 {I群}
まちづくり工学科,前期,月,3,1012,船橋校舎,文学 {I群}
応用情報工学科,前期,月,3,1012,船橋校舎,文学 {I群}
一般教育,前期,月,3,1012,船橋校舎,文学 {I群}
一般教育,前期,月,3,1013,船橋校舎,健康の科学
土木工学科,前期,月,3,1021,船橋校舎,日本国憲法 {I群}
交通システム工学科,前期,月,3,1021,船橋校舎,日本国憲法 {I群}
交通システム工学科,前期,月,3,1021,船橋校舎,日本国憲法 {I群}
建築学科,前期,月,3,1021,船橋校舎,日本国憲法 {I群}
海洋建築工学科,前期,月,3,1021,船橋校舎,日本国憲法 {I群}
機械工学科,前期,月,3,1021,船橋校舎,日本国憲法 {I群}
精密機械工学科,前期,月,3,1021,船橋校舎,日本国憲法 {I群}
航空宇宙工学科,前期,月,3,1021,船橋校舎,日本国憲法 {I群}
電気工学科,前期,月,3,1021,船橋校舎,日本国憲法 {I群}
電子工学科,前期,月,3,1021,船橋校舎,日本国憲法 {I群}
物質応用化学科,前期,月,3,1021,船橋校舎,日本国憲法 {I群}
物理学科,前期,月,3,1021,船橋校舎,日本国憲法 {I群}
数学科,前期,月,3,1021,船橋校舎,日本国憲法 {I群}
まちづくり工学科,前期,月,3,1021,船橋校舎,日本国憲法 {I群}
応用情報工学科,前期,月,3,1021,船橋校舎,日本国憲法 {I群}
一般教育,前期,月,3,1021,船橋校舎,日本国憲法 {I群}
土木工学科,前期,月,3,1022,船橋校舎,科学技術と経済 {III群}
交通システム工学科,前期,月,3,1022,船橋校舎,科学技術と経済 {III群}
交通システム工学科,前期,月,3,1022,船橋校舎,科学技術と経済 {III群}
建築学科,前期,月,3,1022,船橋校舎,科学技術と経済 {III群}
海洋建築工学科,前期,月,3,1022,船橋校舎,科学技術と経済 {III群}
機械工学科,前期,月,3,1022,船橋校舎,科学技術と経済 {III群}
精密機械工学科,前期,月,3,1022,船橋校舎,科学技術と経済 {III群}
航空宇宙工学科,前期,月,3,1022,船橋校舎,科学技術と経済 {III群}
電気工学科,前期,月,3,1022,船橋校舎,科学技術と経済 {III群}
電子工学科,前期,月,3,1022,船橋校舎,科学技術と経済 {III群}
物質応用化学科,前期,月,3,1022,船橋校舎,科学技術と経済 {III群}
物理学科,前期,月,3,1022,船橋校舎,科学技術と経済 {III群}
数学科,前期,月,3,1022,船橋校舎,科学技術と経済 {III群}
まちづくり工学科,前期,月,3,1022,船橋校舎,科学技術と経済 {III群}
応用情報工学科,前期,月,3,1022,船橋校舎,科学技術と経済 {III群}
一般教育,前期,月,3,1022,船橋校舎,科学技術と経済 {III群}
土木工学科,前期,月,3,1023,船橋校舎,ことばと文化 {I群}
交通システム工学科,前期,月,3,1023,船橋校舎,ことばと文化 {I群}
交通システム工学科,前期,月,3,1023,船橋校舎,ことばと文化 {I群}
建築学科,前期,月,3,1023,船橋校舎,ことばと文化 {I群}
海洋建築工学科,前期,月,3,1023,船橋校舎,ことばと文化 {I群}
機械工学科,前期,月,3,1023,船橋校舎,ことばと文化 {I群}
精密機械工学科,前期,月,3,1023,船橋校舎,ことばと文化 {I群}
航空宇宙工学科,前期,月,3,1023,船橋校舎,ことばと文化 {I群}
電気工学科,前期,月,3,1023,船橋校舎,ことばと文化 {I群}
電子工学科,前期,月,3,1023,船橋校舎,ことばと文化 {I群}
物質応用化学科,前期,月,3,1023,船橋校舎,ことばと文化 {I群}
物理学科,前期,月,3,1023,船橋校舎,ことばと文化 {I群}
数学科,前期,月,3,1023,船橋校舎,ことばと文化 {I群}
まちづくり工学科,前期,月,3,1023,船橋校舎,ことばと文化 {I群}
応用情報工学科,前期,月,3,1023,船橋校舎,ことばと文化 {I群}
一般教育,前期,月,3,1023,船橋校舎,ことばと文化 {I群}
土木工学科,前期,月,3,1031,船橋校舎,技術者倫理 {III群}
交通システム工学科,前期,月,3,1031,船橋校舎,技術者倫理 {III群}
交通システム工学科,前期,月,3,1031,船橋校舎,技術者倫理 {III群}
建築学科,前期,月,3,1031,船橋校舎,技術者倫理 {III群}
海洋建築工学科,前期,月,3,1031,船橋校舎,技術者倫理 {III群}
機械工学科,前期,月,3,1031,船橋校舎,技術者倫理 {III群}
精密機械工学科,前期,月,3,1031,船橋校舎,技術者倫理 {III群}
航空宇宙工学科,前期,月,3,1031,船橋校舎,技術者倫理 {III群}
電気工学科,前期,月,3,1031,船橋校舎,技術者倫理 {III群}
電子工学科,前期,月,3,1031,船橋校舎,技術者倫理 {III群}
物質応用化学科,前期,月,3,1031,船橋校舎,技術者倫理 {III群}
物理学科,前期,月,3,1031,船橋校舎,技術者倫理 {III群}
数学科,前期,月,3,1031,船橋校舎,技術者倫理 {III群}
まちづくり工学科,前期,月,3,1031,船橋校舎,技術者倫理 {III群}
応用情報工学科,前期,月,3,1031,船橋校舎,技術者倫理 {III群}
一般教育,前期,月,3,1031,船橋校舎,技術者倫理 {III群}
土木工学科,前期,月,3,1032,船橋校舎,感性芸術学 {II群}
交通システム工学科,前期,月,3,1032,船橋校舎,感性芸術学 {II群}
交通システム工学科,前期,月,3,1032,船橋校舎,感性芸術学 {II群}
建築学科,前期,月,3,1032,船橋校舎,感性芸術学 {II群}
海洋建築工学科,前期,月,3,1032,船橋校舎,感性芸術学 {II群}
機械工学科,前期,月,3,1032,船橋校舎,感性芸術学 {II群}
精密機械工学科,前期,月,3,1032,船橋校舎,感性芸術学 {II群}
航空宇宙工学科,前期,月,3,1032,船橋校舎,感性芸術学 {II群}
電気工学科,前期,月,3,1032,船橋校舎,感性芸術学 {II群}
電子工学科,前期,月,3,1032,船橋校舎,感性芸術学 {II群}
物質応用化学科,前期,月,3,1032,船橋校舎,感性芸術学 {II群}
物理学科,前期,月,3,1032,船橋校舎,感性芸術学 {II群}
数学科,前期,月,3,1032,船橋校舎,感性芸術学 {II群}
まちづくり工学科,前期,月,3,1032,船橋校舎,感性芸術学 {II群}
応用情報工学科,前期,月,3,1032,船橋校舎,感性芸術学 {II群}
一般教育,前期,月,3,1032,船橋校舎,感性芸術学 {II群}
土木工学科,前期,月,3,1033,船橋校舎,心理学 {II群}
交通システム工学科,前期,月,3,1033,船橋校舎,心理学 {II群}
交通システム工学科,前期,月,3,1033,船橋校舎,心理学 {II群}
建築学科,前期,月,3,1033,船橋校舎,心理学 {II群}
海洋建築工学科,前期,月,3,1033,船橋校舎,心理学 {II群}
機械工学科,前期,月,3,1033,船橋校舎,心理学 {II群}
精密機械工学科,前期,月,3,1033,船橋校舎,心理学 {II群}
航空宇宙工学科,前期,月,3,1033,船橋校舎,心理学 {II群}
電気工学科,前期,月,3,1033,船橋校舎,心理学 {II群}
電子工学科,前期,月,3,1033,船橋校舎,心理学 {II群}
物質応用化学科,前期,月,3,1033,船橋校舎,心理学 {II群}
物理学科,前期,月,3,1033,船橋校舎,心理学 {II群}
数学科,前期,月,3,1033,船橋校舎,心理学 {II群}
まちづくり工学科,前期,月,3,1033,船橋校舎,心理学 {II群}
応用情報工学科,前期,月,3,1033,船橋校舎,心理学 {II群}
一般教育,前期,月,3,1033,船橋校舎,心理学 {II群}
土木工学科,前期,月,3,1041,船橋校舎,科学技術と人間 {III群}
交通システム工学科,前期,月,3,1041,船橋校舎,科学技術と人間 {III群}
交通システム工学科,前期,月,3,1041,船橋校舎,科学技術と人間 {III群}
建築学科,前期,月,3,1041,船橋校舎,科学技術と人間 {III群}
海洋建築工学科,前期,月,3,1041,船橋校舎,科学技術と人間 {III群}
機械工学科,前期,月,3,1041,船橋校舎,科学技術と人間 {III群}
精密機械工学科,前期,月,3,1041,船橋校舎,科学技術と人間 {III群}
航空宇宙工学科,前期,月,3,1041,船橋校舎,科学技術と人間 {III群}
電気工学科,前期,月,3,1041,船橋校舎,科学技術と人間 {III群}
電子工学科,前期,月,3,1041,船橋校舎,科学技術と人間 {III群}
物質応用化学科,前期,月,3,1041,船橋校舎,科学技術と人間 {III群}
物理学科,前期,月,3,1041,船橋校舎,科学技術と人間 {III群}
数学科,前期,月,3,1041,船橋校舎,科学技術と人間 {III群}
まちづくり工学科,前期,月,3,1041,船橋校舎,科学技術と人間 {III群}
応用情報工学科,前期,月,3,1041,船橋校舎,科学技術と人間 {III群}
一般教育,前期,月,3,1041,船橋校舎,科学技術と人間 {III群}
物理学科,前期,月,3,1042/43,船橋校舎,物理学インセンティブ {未来}
土木工学科,前期,月,3,105,船橋校舎,基礎物理学実験 {年間隔週}↓連続２時限【年間隔週】
交通システム工学科,前期,月,3,105,船橋校舎,基礎物理学実験 {年間隔週}↓連続２時限【年間隔週】
交通システム工学科,前期,月,3,105,船橋校舎,基礎物理学実験 {年間隔週}↓連続２時限【年間隔週】
建築学科,前期,月,3,105,船橋校舎,基礎物理学実験 {年間隔週}↓連続２時限【年間隔週】
海洋建築工学科,前期,月,3,105,船橋校舎,基礎物理学実験 {年間隔週}↓連続２時限【年間隔週】
機械工学科,前期,月,3,105,船橋校舎,基礎物理学実験 {年間隔週}↓連続２時限【年間隔週】
精密機械工学科,前期,月,3,105,船橋校舎,基礎物理学実験 {年間隔週}↓連続２時限【年間隔週】
航空宇宙工学科,前期,月,3,105,船橋校舎,基礎物理学実験 {年間隔週}↓連続２時限【年間隔週】
電気工学科,前期,月,3,105,船橋校舎,基礎物理学実験 {年間隔週}↓連続２時限【年間隔週】
電子工学科,前期,月,3,105,船橋校舎,基礎物理学実験 {年間隔週}↓連続２時限【年間隔週】
物質応用化学科,前期,月,3,105,船橋校舎,基礎物理学実験 {年間隔週}↓連続２時限【年間隔週】
物理学科,前期,月,3,105,船橋校舎,基礎物理学実験 {年間隔週}↓連続２時限【年間隔週】
数学科,前期,月,3,105,船橋校舎,基礎物理学実験 {年間隔週}↓連続２時限【年間隔週】
まちづくり工学科,前期,月,3,105,船橋校舎,基礎物理学実験 {年間隔週}↓連続２時限【年間隔週】
応用情報工学科,前期,月,3,105,船橋校舎,基礎物理学実験 {年間隔週}↓連続２時限【年間隔週】
一般教育,前期,月,3,105,船橋校舎,基礎物理学実験 {年間隔週}↓連続２時限【年間隔週】
航空宇宙工学科,前期,月,3,1122/3,船橋校舎,航空宇宙工学実験ⅡA {未来}↓連続２時限
土木工学科,前期,月,3,113,船橋校舎,基礎物理学実験 {年間隔週}↓連続２時限【年間隔週】
交通システム工学科,前期,月,3,113,船橋校舎,基礎物理学実験 {年間隔週}↓連続２時限【年間隔週】
交通システム工学科,前期,月,3,113,船橋校舎,基礎物理学実験 {年間隔週}↓連続２時限【年間隔週】
建築学科,前期,月,3,113,船橋校舎,基礎物理学実験 {年間隔週}↓連続２時限【年間隔週】
海洋建築工学科,前期,月,3,113,船橋校舎,基礎物理学実験 {年間隔週}↓連続２時限【年間隔週】
機械工学科,前期,月,3,113,船橋校舎,基礎物理学実験 {年間隔週}↓連続２時限【年間隔週】
精密機械工学科,前期,月,3,113,船橋校舎,基礎物理学実験 {年間隔週}↓連続２時限【年間隔週】
航空宇宙工学科,前期,月,3,113,船橋校舎,基礎物理学実験 {年間隔週}↓連続２時限【年間隔週】
電気工学科,前期,月,3,113,船橋校舎,基礎物理学実験 {年間隔週}↓連続２時限【年間隔週】
電子工学科,前期,月,3,113,船橋校舎,基礎物理学実験 {年間隔週}↓連続２時限【年間隔週】
物質応用化学科,前期,月,3,113,船橋校舎,基礎物理学実験 {年間隔週}↓連続２時限【年間隔週】
物理学科,前期,月,3,113,船橋校舎,基礎物理学実験 {年間隔週}↓連続２時限【年間隔週】
数学科,前期,月,3,113,船橋校舎,基礎物理学実験 {年間隔週}↓連続２時限【年間隔週】
まちづくり工学科,前期,月,3,113,船橋校舎,基礎物理学実験 {年間隔週}↓連続２時限【年間隔週】
応用情報工学科,前期,月,3,113,船橋校舎,基礎物理学実験 {年間隔週}↓連続２時限【年間隔週】
一般教育,前期,月,3,113,船橋校舎,基礎物理学実験 {年間隔週}↓連続２時限【年間隔週】
機械工学科,前期,月,3,1131,船橋校舎,微分積分学Ⅰ {A}
機械工学科,前期,月,3,1132,船橋校舎,微分積分学Ⅰ {B}
電子工学科,前期,月,3,1133,船橋校舎,数学演習Ⅰ
土木工学科,前期,月,3,1141,船橋校舎,歴史学 {I群}
交通システム工学科,前期,月,3,1141,船橋校舎,歴史学 {I群}
交通システム工学科,前期,月,3,1141,船橋校舎,歴史学 {I群}
建築学科,前期,月,3,1141,船橋校舎,歴史学 {I群}
海洋建築工学科,前期,月,3,1141,船橋校舎,歴史学 {I群}
機械工学科,前期,月,3,1141,船橋校舎,歴史学 {I群}
精密機械工学科,前期,月,3,1141,船橋校舎,歴史学 {I群}
航空宇宙工学科,前期,月,3,1141,船橋校舎,歴史学 {I群}
電気工学科,前期,月,3,1141,船橋校舎,歴史学 {I群}
電子工学科,前期,月,3,1141,船橋校舎,歴史学 {I群}
物質応用化学科,前期,月,3,1141,船橋校舎,歴史学 {I群}
物理学科,前期,月,3,1141,船橋校舎,歴史学 {I群}
数学科,前期,月,3,1141,船橋校舎,歴史学 {I群}
まちづくり工学科,前期,月,3,1141,船橋校舎,歴史学 {I群}
応用情報工学科,前期,月,3,1141,船橋校舎,歴史学 {I群}
一般教育,前期,月,3,1141,船橋校舎,歴史学 {I群}
海洋建築工学科,前期,月,3,1142,船橋校舎,線形代数学Ⅰ {1}
海洋建築工学科,前期,月,3,1143,船橋校舎,線形代数学Ⅰ {2}
精密機械工学専攻,前期,月,3,1214,船橋校舎,ロボットシステム特論Ⅰ ＊
応用情報工学科,前期,月,3,1223,船橋校舎,情報工学実験Ⅰ {年間隔週}↓連続２時限【年間隔週】
物理学科,前期,月,3,1231/32/33/34,船橋校舎,物理学インセンティブ {未来}
航空宇宙工学科,前期,月,3,1234,船橋校舎,航空宇宙工学実験ⅡA {未来}↓連続２時限
土木工学科,前期,月,3,1325,船橋校舎,デザイン基礎・演習 {2}↓連続２時限
精密機械工学科,前期,月,3,1326,船橋校舎,電磁気学Ⅰ
土木工学科,前期,月,3,134,船橋校舎,基礎物理学実験 {年間隔週}↓連続２時限【年間隔週】
交通システム工学科,前期,月,3,134,船橋校舎,基礎物理学実験 {年間隔週}↓連続２時限【年間隔週】
交通システム工学科,前期,月,3,134,船橋校舎,基礎物理学実験 {年間隔週}↓連続２時限【年間隔週】
建築学科,前期,月,3,134,船橋校舎,基礎物理学実験 {年間隔週}↓連続２時限【年間隔週】
海洋建築工学科,前期,月,3,134,船橋校舎,基礎物理学実験 {年間隔週}↓連続２時限【年間隔週】
機械工学科,前期,月,3,134,船橋校舎,基礎物理学実験 {年間隔週}↓連続２時限【年間隔週】
精密機械工学科,前期,月,3,134,船橋校舎,基礎物理学実験 {年間隔週}↓連続２時限【年間隔週】
航空宇宙工学科,前期,月,3,134,船橋校舎,基礎物理学実験 {年間隔週}↓連続２時限【年間隔週】
電気工学科,前期,月,3,134,船橋校舎,基礎物理学実験 {年間隔週}↓連続２時限【年間隔週】
電子工学科,前期,月,3,134,船橋校舎,基礎物理学実験 {年間隔週}↓連続２時限【年間隔週】
物質応用化学科,前期,月,3,134,船橋校舎,基礎物理学実験 {年間隔週}↓連続２時限【年間隔週】
物理学科,前期,月,3,134,船橋校舎,基礎物理学実験 {年間隔週}↓連続２時限【年間隔週】
数学科,前期,月,3,134,船橋校舎,基礎物理学実験 {年間隔週}↓連続２時限【年間隔週】
まちづくり工学科,前期,月,3,134,船橋校舎,基礎物理学実験 {年間隔週}↓連続２時限【年間隔週】
応用情報工学科,前期,月,3,134,船橋校舎,基礎物理学実験 {年間隔週}↓連続２時限【年間隔週】
一般教育,前期,月,3,134,船橋校舎,基礎物理学実験 {年間隔週}↓連続２時限【年間隔週】
海洋建築工学科,前期,月,3,1421,船橋校舎,海洋建築実験Ⅲ↓連続２時限
精密機械工学科,前期,月,3,1422,船橋校舎,システム工学
電子工学科,前期,月,3,1423,船橋校舎,基礎電子物性
交通システム工学科,前期,月,3,1424,船橋校舎,舗装材料実験↓連続２時限
交通システム工学科,前期,月,3,1424,船橋校舎,舗装材料実験↓連続２時限
土木工学科,前期,月,3,143,船橋校舎,基礎物理学実験 {年間隔週}↓連続２時限【年間隔週】
交通システム工学科,前期,月,3,143,船橋校舎,基礎物理学実験 {年間隔週}↓連続２時限【年間隔週】
交通システム工学科,前期,月,3,143,船橋校舎,基礎物理学実験 {年間隔週}↓連続２時限【年間隔週】
建築学科,前期,月,3,143,船橋校舎,基礎物理学実験 {年間隔週}↓連続２時限【年間隔週】
海洋建築工学科,前期,月,3,143,船橋校舎,基礎物理学実験 {年間隔週}↓連続２時限【年間隔週】
機械工学科,前期,月,3,143,船橋校舎,基礎物理学実験 {年間隔週}↓連続２時限【年間隔週】
精密機械工学科,前期,月,3,143,船橋校舎,基礎物理学実験 {年間隔週}↓連続２時限【年間隔週】
航空宇宙工学科,前期,月,3,143,船橋校舎,基礎物理学実験 {年間隔週}↓連続２時限【年間隔週】
電気工学科,前期,月,3,143,船橋校舎,基礎物理学実験 {年間隔週}↓連続２時限【年間隔週】
電子工学科,前期,月,3,143,船橋校舎,基礎物理学実験 {年間隔週}↓連続２時限【年間隔週】
物質応用化学科,前期,月,3,143,船橋校舎,基礎物理学実験 {年間隔週}↓連続２時限【年間隔週】
物理学科,前期,月,3,143,船橋校舎,基礎物理学実験 {年間隔週}↓連続２時限【年間隔週】
数学科,前期,月,3,143,船橋校舎,基礎物理学実験 {年間隔週}↓連続２時限【年間隔週】
まちづくり工学科,前期,月,3,143,船橋校舎,基礎物理学実験 {年間隔週}↓連続２時限【年間隔週】
応用情報工学科,前期,月,3,143,船橋校舎,基礎物理学実験 {年間隔週}↓連続２時限【年間隔週】
一般教育,前期,月,3,143,船橋校舎,基礎物理学実験 {年間隔週}↓連続２時限【年間隔週】
電子工学専攻,前期,月,3,1431,船橋校舎,制御工学特論
海洋建築工学科,前期,月,3,1434,船橋校舎,総合演習（海洋環境影響評価）↓連続２時限
土木工学科,前期,月,3,144,船橋校舎,基礎物理学実験 {年間隔週}↓連続２時限【年間隔週】
交通システム工学科,前期,月,3,144,船橋校舎,基礎物理学実験 {年間隔週}↓連続２時限【年間隔週】
交通システム工学科,前期,月,3,144,船橋校舎,基礎物理学実験 {年間隔週}↓連続２時限【年間隔週】
建築学科,前期,月,3,144,船橋校舎,基礎物理学実験 {年間隔週}↓連続２時限【年間隔週】
海洋建築工学科,前期,月,3,144,船橋校舎,基礎物理学実験 {年間隔週}↓連続２時限【年間隔週】
機械工学科,前期,月,3,144,船橋校舎,基礎物理学実験 {年間隔週}↓連続２時限【年間隔週】
精密機械工学科,前期,月,3,144,船橋校舎,基礎物理学実験 {年間隔週}↓連続２時限【年間隔週】
航空宇宙工学科,前期,月,3,144,船橋校舎,基礎物理学実験 {年間隔週}↓連続２時限【年間隔週】
電気工学科,前期,月,3,144,船橋校舎,基礎物理学実験 {年間隔週}↓連続２時限【年間隔週】
電子工学科,前期,月,3,144,船橋校舎,基礎物理学実験 {年間隔週}↓連続２時限【年間隔週】
物質応用化学科,前期,月,3,144,船橋校舎,基礎物理学実験 {年間隔週}↓連続２時限【年間隔週】
物理学科,前期,月,3,144,船橋校舎,基礎物理学実験 {年間隔週}↓連続２時限【年間隔週】
数学科,前期,月,3,144,船橋校舎,基礎物理学実験 {年間隔週}↓連続２時限【年間隔週】
まちづくり工学科,前期,月,3,144,船橋校舎,基礎物理学実験 {年間隔週}↓連続２時限【年間隔週】
応用情報工学科,前期,月,3,144,船橋校舎,基礎物理学実験 {年間隔週}↓連続２時限【年間隔週】
一般教育,前期,月,3,144,船橋校舎,基礎物理学実験 {年間隔週}↓連続２時限【年間隔週】
精密機械工学科,前期,月,3,1441,船橋校舎,機械設計製図ⅡA {未来}↓連続２時限
物質応用化学科,前期,月,3,1442,船橋校舎,力と運動の物理学Ⅰ演習 {前期隔週}↓連続２時限【前期隔週】
物質応用化学科,前期,月,3,1443,船橋校舎,力と運動の物理学Ⅰ演習 {前期隔週}↓連続２時限【前期隔週】
物質応用化学科,前期,月,3,1444,船橋校舎,力と運動の物理学Ⅰ演習 {前期隔週}↓連続２時限【前期隔週】
海洋建築工学専攻,前期,月,3,1452,船橋校舎,港湾空間計画特論
航空宇宙工学専攻,前期,月,3,1455,船橋校舎,システム工学特論
航空宇宙工学科,前期,月,3,1456/7/8,船橋校舎,航空宇宙工学実験ⅡA {未来}↓連続２時限
物理学科,前期,月,3,1457/58,船橋校舎,物理学インセンティブ {未来}
交通システム工学科,前期,月,3,202,船橋校舎,舗装材料実験↓連続２時限
交通システム工学科,前期,月,3,202,船橋校舎,舗装材料実験↓連続２時限
応用情報工学科,前期,月,3,221,船橋校舎,情報工学実験Ⅲ↓連続２時限【年間】
応用情報工学科,前期,月,3,222,船橋校舎,コンピュータグラフィックス
応用情報工学科,前期,月,3,231,船橋校舎,情報工学実験Ⅰ {年間隔週}↓連続２時限【年間隔週】
航空宇宙工学科,前期,月,3,341,船橋校舎,航空宇宙工学実験ⅡA {未来}↓連続２時限
航空宇宙工学科,前期,月,3,342,船橋校舎,航空宇宙工学実験ⅡA {未来}↓連続２時限
電子工学科,前期,月,3,433,船橋校舎,電子工学実験Ⅳ↓連続２時限
海洋建築工学科,前期,月,3,521/2/3/4/5/7/8/9/10,船橋校舎,デザイン演習Ⅰ↓連続２時限
交通システム工学科,前期,月,3,633,船橋校舎,水理学
交通システム工学科,前期,月,3,633,船橋校舎,水理学
精密機械工学科,前期,月,3,742,船橋校舎,機械設計製図ⅡA {未来}↓連続２時限
土木工学科,前期,月,3,819,船橋校舎,基礎化学実験 {年間隔週}↓連続２時限【年間隔週】
交通システム工学科,前期,月,3,819,船橋校舎,基礎化学実験 {年間隔週}↓連続２時限【年間隔週】
交通システム工学科,前期,月,3,819,船橋校舎,基礎化学実験 {年間隔週}↓連続２時限【年間隔週】
建築学科,前期,月,3,819,船橋校舎,基礎化学実験 {年間隔週}↓連続２時限【年間隔週】
海洋建築工学科,前期,月,3,819,船橋校舎,基礎化学実験 {年間隔週}↓連続２時限【年間隔週】
機械工学科,前期,月,3,819,船橋校舎,基礎化学実験 {年間隔週}↓連続２時限【年間隔週】
精密機械工学科,前期,月,3,819,船橋校舎,基礎化学実験 {年間隔週}↓連続２時限【年間隔週】
航空宇宙工学科,前期,月,3,819,船橋校舎,基礎化学実験 {年間隔週}↓連続２時限【年間隔週】
電気工学科,前期,月,3,819,船橋校舎,基礎化学実験 {年間隔週}↓連続２時限【年間隔週】
電子工学科,前期,月,3,819,船橋校舎,基礎化学実験 {年間隔週}↓連続２時限【年間隔週】
物質応用化学科,前期,月,3,819,船橋校舎,基礎化学実験 {年間隔週}↓連続２時限【年間隔週】
物理学科,前期,月,3,819,船橋校舎,基礎化学実験 {年間隔週}↓連続２時限【年間隔週】
数学科,前期,月,3,819,船橋校舎,基礎化学実験 {年間隔週}↓連続２時限【年間隔週】
まちづくり工学科,前期,月,3,819,船橋校舎,基礎化学実験 {年間隔週}↓連続２時限【年間隔週】
応用情報工学科,前期,月,3,819,船橋校舎,基礎化学実験 {年間隔週}↓連続２時限【年間隔週】
一般教育,前期,月,3,819,船橋校舎,基礎化学実験 {年間隔週}↓連続２時限【年間隔週】
土木工学科,前期,月,3,826,船橋校舎,基礎化学実験 {年間隔週}↓連続２時限【年間隔週】
交通システム工学科,前期,月,3,826,船橋校舎,基礎化学実験 {年間隔週}↓連続２時限【年間隔週】
交通システム工学科,前期,月,3,826,船橋校舎,基礎化学実験 {年間隔週}↓連続２時限【年間隔週】
建築学科,前期,月,3,826,船橋校舎,基礎化学実験 {年間隔週}↓連続２時限【年間隔週】
海洋建築工学科,前期,月,3,826,船橋校舎,基礎化学実験 {年間隔週}↓連続２時限【年間隔週】
機械工学科,前期,月,3,826,船橋校舎,基礎化学実験 {年間隔週}↓連続２時限【年間隔週】
精密機械工学科,前期,月,3,826,船橋校舎,基礎化学実験 {年間隔週}↓連続２時限【年間隔週】
航空宇宙工学科,前期,月,3,826,船橋校舎,基礎化学実験 {年間隔週}↓連続２時限【年間隔週】
電気工学科,前期,月,3,826,船橋校舎,基礎化学実験 {年間隔週}↓連続２時限【年間隔週】
電子工学科,前期,月,3,826,船橋校舎,基礎化学実験 {年間隔週}↓連続２時限【年間隔週】
物質応用化学科,前期,月,3,826,船橋校舎,基礎化学実験 {年間隔週}↓連続２時限【年間隔週】
物理学科,前期,月,3,826,船橋校舎,基礎化学実験 {年間隔週}↓連続２時限【年間隔週】
数学科,前期,月,3,826,船橋校舎,基礎化学実験 {年間隔週}↓連続２時限【年間隔週】
まちづくり工学科,前期,月,3,826,船橋校舎,基礎化学実験 {年間隔週}↓連続２時限【年間隔週】
応用情報工学科,前期,月,3,826,船橋校舎,基礎化学実験 {年間隔週}↓連続２時限【年間隔週】
一般教育,前期,月,3,826,船橋校舎,基礎化学実験 {年間隔週}↓連続２時限【年間隔週】
土木工学科,前期,月,3,829,船橋校舎,基礎化学実験 {年間隔週}↓連続２時限【年間隔週】
交通システム工学科,前期,月,3,829,船橋校舎,基礎化学実験 {年間隔週}↓連続２時限【年間隔週】
交通システム工学科,前期,月,3,829,船橋校舎,基礎化学実験 {年間隔週}↓連続２時限【年間隔週】
建築学科,前期,月,3,829,船橋校舎,基礎化学実験 {年間隔週}↓連続２時限【年間隔週】
海洋建築工学科,前期,月,3,829,船橋校舎,基礎化学実験 {年間隔週}↓連続２時限【年間隔週】
機械工学科,前期,月,3,829,船橋校舎,基礎化学実験 {年間隔週}↓連続２時限【年間隔週】
精密機械工学科,前期,月,3,829,船橋校舎,基礎化学実験 {年間隔週}↓連続２時限【年間隔週】
航空宇宙工学科,前期,月,3,829,船橋校舎,基礎化学実験 {年間隔週}↓連続２時限【年間隔週】
電気工学科,前期,月,3,829,船橋校舎,基礎化学実験 {年間隔週}↓連続２時限【年間隔週】
電子工学科,前期,月,3,829,船橋校舎,基礎化学実験 {年間隔週}↓連続２時限【年間隔週】
物質応用化学科,前期,月,3,829,船橋校舎,基礎化学実験 {年間隔週}↓連続２時限【年間隔週】
物理学科,前期,月,3,829,船橋校舎,基礎化学実験 {年間隔週}↓連続２時限【年間隔週】
数学科,前期,月,3,829,船橋校舎,基礎化学実験 {年間隔週}↓連続２時限【年間隔週】
まちづくり工学科,前期,月,3,829,船橋校舎,基礎化学実験 {年間隔週}↓連続２時限【年間隔週】
応用情報工学科,前期,月,3,829,船橋校舎,基礎化学実験 {年間隔週}↓連続２時限【年間隔週】
一般教育,前期,月,3,829,船橋校舎,基礎化学実験 {年間隔週}↓連続２時限【年間隔週】
土木工学科,前期,月,3,測量実習ｾﾝﾀｰ(演習室AB),船橋校舎,測量実習Ⅰ {1}↓連続２時限
交通システム工学科,前期,月,3,社会基盤工学系実験室,船橋校舎,舗装材料実験↓連続２時限
交通システム工学科,前期,月,3,社会基盤工学系実験室,船橋校舎,舗装材料実験↓連続２時限
土木工学科,前期,月,3,階段教室（小）,船橋校舎,デザイン基礎・演習 {2}↓連続２時限
物理学科,前期,月,3,132,駿河台校舎,微分方程式論Ⅰ {1}
まちづくり工学科,前期,月,3,134,駿河台校舎,宅地建物学
機械工学科,前期,月,3,141,駿河台校舎,機械力学Ⅰ {A}
機械工学科,前期,月,3,144,駿河台校舎,材料力学Ⅰ {B}
電気工学科,前期,月,3,1511電気実験室,駿河台校舎,電気工学実験Ⅰ {A}↓連続２時限
電気工学科,前期,月,3,1511電気実験室,駿河台校舎,電気電子工学実験 {B}↓連続２時限
数学科,前期,月,3,152,駿河台校舎,ｺﾝﾋﾟｭｰﾀｸﾞﾗﾌｨｯｸｽ論Ａ
物理学科,前期,月,3,154,駿河台校舎,微分方程式論Ⅰ {2}
電気工学科,前期,月,3,805B,駿河台校舎,電気工学実験Ⅲ↓連続２時限
電気工学科,前期,月,3,811,駿河台校舎,電気工学実験Ⅲ↓連続２時限
電気工学科,前期,月,3,812,駿河台校舎,電気工学実験Ⅲ↓連続２時限
物質応用化学科,前期,月,3,841,駿河台校舎,エネルギー環境工学 {B}
物質応用化学科,前期,月,3,843,駿河台校舎,生命有機化学Ⅱ {A}
物質応用化学科,前期,月,3,851,駿河台校舎,高分子科学 {A}
物質応用化学科,前期,月,3,852,駿河台校舎,分析化学Ⅱ {B}
建築学科,前期,月,3,スタジオ（S701,駿河台校舎,建築学の実践↓連続２時限
土木工学科,前期,月,4,S101,タワースコラ,応用水理学 {2}
数学科,前期,月,4,S202,タワースコラ,代数学幾何学Ｃ {2}↓連続２時限
建築学科,前期,月,4,S204,タワースコラ,応用力学演習Ⅰ {2}
建築学科,前期,月,4,S301,タワースコラ,構造力学演習Ⅰ {1}
建築学科,前期,月,4,S302,タワースコラ,環境工学Ⅲ {1}
数学科,前期,月,4,S304,タワースコラ,微分積分学Ｃ {1}↓連続２時限
数学専攻,前期,月,4,S306,タワースコラ,応用解析学特論Ａ
土木工学専攻,前期,月,4,S402,タワースコラ,コンクリート材料の特性
建築学専攻,前期,月,4,S403,タワースコラ,建築環境工学特論Ⅱ
建築学専攻,前期,月,4,S404,タワースコラ,建築史意匠特論
物理学科,前期,月,4,S501,タワースコラ,アルゴリズムとプログラミングⅡ
物理学科,前期,月,4,S502,タワースコラ,アルゴリズムとプログラミングⅡ
建築学科,前期,月,4,S505,タワースコラ,ユニバーサルデザイン {2}
機械工学専攻,前期,月,4,S601,タワースコラ,弾塑性学Ⅰ ＊
電気工学専攻,前期,月,4,S602,タワースコラ,電磁理論特論
量子理工学専攻,前期,月,4,S603,タワースコラ,原子光学特論
建築学科,前期,月,4,S702,タワースコラ,建築学の実践↓連続２時限
建築学科,前期,月,4,S705）,タワースコラ,建築学の実践↓連続２時限
土木工学科,前期,月,4,1011,船橋校舎,感性芸術学 {II群}
交通システム工学科,前期,月,4,1011,船橋校舎,感性芸術学 {II群}
交通システム工学科,前期,月,4,1011,船橋校舎,感性芸術学 {II群}
建築学科,前期,月,4,1011,船橋校舎,感性芸術学 {II群}
海洋建築工学科,前期,月,4,1011,船橋校舎,感性芸術学 {II群}
機械工学科,前期,月,4,1011,船橋校舎,感性芸術学 {II群}
精密機械工学科,前期,月,4,1011,船橋校舎,感性芸術学 {II群}
航空宇宙工学科,前期,月,4,1011,船橋校舎,感性芸術学 {II群}
電気工学科,前期,月,4,1011,船橋校舎,感性芸術学 {II群}
電子工学科,前期,月,4,1011,船橋校舎,感性芸術学 {II群}
物質応用化学科,前期,月,4,1011,船橋校舎,感性芸術学 {II群}
物理学科,前期,月,4,1011,船橋校舎,感性芸術学 {II群}
数学科,前期,月,4,1011,船橋校舎,感性芸術学 {II群}
まちづくり工学科,前期,月,4,1011,船橋校舎,感性芸術学 {II群}
応用情報工学科,前期,月,4,1011,船橋校舎,感性芸術学 {II群}
一般教育,前期,月,4,1011,船橋校舎,感性芸術学 {II群}
土木工学科,前期,月,4,1012,船橋校舎,ことばと文化 {I群}
交通システム工学科,前期,月,4,1012,船橋校舎,ことばと文化 {I群}
交通システム工学科,前期,月,4,1012,船橋校舎,ことばと文化 {I群}
建築学科,前期,月,4,1012,船橋校舎,ことばと文化 {I群}
海洋建築工学科,前期,月,4,1012,船橋校舎,ことばと文化 {I群}
機械工学科,前期,月,4,1012,船橋校舎,ことばと文化 {I群}
精密機械工学科,前期,月,4,1012,船橋校舎,ことばと文化 {I群}
航空宇宙工学科,前期,月,4,1012,船橋校舎,ことばと文化 {I群}
電気工学科,前期,月,4,1012,船橋校舎,ことばと文化 {I群}
電子工学科,前期,月,4,1012,船橋校舎,ことばと文化 {I群}
物質応用化学科,前期,月,4,1012,船橋校舎,ことばと文化 {I群}
物理学科,前期,月,4,1012,船橋校舎,ことばと文化 {I群}
数学科,前期,月,4,1012,船橋校舎,ことばと文化 {I群}
まちづくり工学科,前期,月,4,1012,船橋校舎,ことばと文化 {I群}
応用情報工学科,前期,月,4,1012,船橋校舎,ことばと文化 {I群}
一般教育,前期,月,4,1012,船橋校舎,ことばと文化 {I群}
土木工学科,前期,月,4,1013,船橋校舎,文学 {I群}
交通システム工学科,前期,月,4,1013,船橋校舎,文学 {I群}
交通システム工学科,前期,月,4,1013,船橋校舎,文学 {I群}
建築学科,前期,月,4,1013,船橋校舎,文学 {I群}
海洋建築工学科,前期,月,4,1013,船橋校舎,文学 {I群}
機械工学科,前期,月,4,1013,船橋校舎,文学 {I群}
精密機械工学科,前期,月,4,1013,船橋校舎,文学 {I群}
航空宇宙工学科,前期,月,4,1013,船橋校舎,文学 {I群}
電気工学科,前期,月,4,1013,船橋校舎,文学 {I群}
電子工学科,前期,月,4,1013,船橋校舎,文学 {I群}
物質応用化学科,前期,月,4,1013,船橋校舎,文学 {I群}
物理学科,前期,月,4,1013,船橋校舎,文学 {I群}
数学科,前期,月,4,1013,船橋校舎,文学 {I群}
まちづくり工学科,前期,月,4,1013,船橋校舎,文学 {I群}
応用情報工学科,前期,月,4,1013,船橋校舎,文学 {I群}
一般教育,前期,月,4,1013,船橋校舎,文学 {I群}
土木工学科,前期,月,4,1021,船橋校舎,日本国憲法 {I群}
交通システム工学科,前期,月,4,1021,船橋校舎,日本国憲法 {I群}
交通システム工学科,前期,月,4,1021,船橋校舎,日本国憲法 {I群}
建築学科,前期,月,4,1021,船橋校舎,日本国憲法 {I群}
海洋建築工学科,前期,月,4,1021,船橋校舎,日本国憲法 {I群}
機械工学科,前期,月,4,1021,船橋校舎,日本国憲法 {I群}
精密機械工学科,前期,月,4,1021,船橋校舎,日本国憲法 {I群}
航空宇宙工学科,前期,月,4,1021,船橋校舎,日本国憲法 {I群}
電気工学科,前期,月,4,1021,船橋校舎,日本国憲法 {I群}
電子工学科,前期,月,4,1021,船橋校舎,日本国憲法 {I群}
物質応用化学科,前期,月,4,1021,船橋校舎,日本国憲法 {I群}
物理学科,前期,月,4,1021,船橋校舎,日本国憲法 {I群}
数学科,前期,月,4,1021,船橋校舎,日本国憲法 {I群}
まちづくり工学科,前期,月,4,1021,船橋校舎,日本国憲法 {I群}
応用情報工学科,前期,月,4,1021,船橋校舎,日本国憲法 {I群}
一般教育,前期,月,4,1021,船橋校舎,日本国憲法 {I群}
土木工学科,前期,月,4,1022,船橋校舎,科学技術と経済 {III群}
交通システム工学科,前期,月,4,1022,船橋校舎,科学技術と経済 {III群}
交通システム工学科,前期,月,4,1022,船橋校舎,科学技術と経済 {III群}
建築学科,前期,月,4,1022,船橋校舎,科学技術と経済 {III群}
海洋建築工学科,前期,月,4,1022,船橋校舎,科学技術と経済 {III群}
機械工学科,前期,月,4,1022,船橋校舎,科学技術と経済 {III群}
精密機械工学科,前期,月,4,1022,船橋校舎,科学技術と経済 {III群}
航空宇宙工学科,前期,月,4,1022,船橋校舎,科学技術と経済 {III群}
電気工学科,前期,月,4,1022,船橋校舎,科学技術と経済 {III群}
電子工学科,前期,月,4,1022,船橋校舎,科学技術と経済 {III群}
物質応用化学科,前期,月,4,1022,船橋校舎,科学技術と経済 {III群}
物理学科,前期,月,4,1022,船橋校舎,科学技術と経済 {III群}
数学科,前期,月,4,1022,船橋校舎,科学技術と経済 {III群}
まちづくり工学科,前期,月,4,1022,船橋校舎,科学技術と経済 {III群}
応用情報工学科,前期,月,4,1022,船橋校舎,科学技術と経済 {III群}
一般教育,前期,月,4,1022,船橋校舎,科学技術と経済 {III群}
土木工学科,前期,月,4,1023,船橋校舎,倫理学 {I群}
交通システム工学科,前期,月,4,1023,船橋校舎,倫理学 {I群}
交通システム工学科,前期,月,4,1023,船橋校舎,倫理学 {I群}
建築学科,前期,月,4,1023,船橋校舎,倫理学 {I群}
海洋建築工学科,前期,月,4,1023,船橋校舎,倫理学 {I群}
機械工学科,前期,月,4,1023,船橋校舎,倫理学 {I群}
精密機械工学科,前期,月,4,1023,船橋校舎,倫理学 {I群}
航空宇宙工学科,前期,月,4,1023,船橋校舎,倫理学 {I群}
電気工学科,前期,月,4,1023,船橋校舎,倫理学 {I群}
電子工学科,前期,月,4,1023,船橋校舎,倫理学 {I群}
物質応用化学科,前期,月,4,1023,船橋校舎,倫理学 {I群}
物理学科,前期,月,4,1023,船橋校舎,倫理学 {I群}
数学科,前期,月,4,1023,船橋校舎,倫理学 {I群}
まちづくり工学科,前期,月,4,1023,船橋校舎,倫理学 {I群}
応用情報工学科,前期,月,4,1023,船橋校舎,倫理学 {I群}
一般教育,前期,月,4,1023,船橋校舎,倫理学 {I群}
土木工学科,前期,月,4,1031,船橋校舎,技術者倫理 {III群}
交通システム工学科,前期,月,4,1031,船橋校舎,技術者倫理 {III群}
交通システム工学科,前期,月,4,1031,船橋校舎,技術者倫理 {III群}
建築学科,前期,月,4,1031,船橋校舎,技術者倫理 {III群}
海洋建築工学科,前期,月,4,1031,船橋校舎,技術者倫理 {III群}
機械工学科,前期,月,4,1031,船橋校舎,技術者倫理 {III群}
精密機械工学科,前期,月,4,1031,船橋校舎,技術者倫理 {III群}
航空宇宙工学科,前期,月,4,1031,船橋校舎,技術者倫理 {III群}
電気工学科,前期,月,4,1031,船橋校舎,技術者倫理 {III群}
電子工学科,前期,月,4,1031,船橋校舎,技術者倫理 {III群}
物質応用化学科,前期,月,4,1031,船橋校舎,技術者倫理 {III群}
物理学科,前期,月,4,1031,船橋校舎,技術者倫理 {III群}
数学科,前期,月,4,1031,船橋校舎,技術者倫理 {III群}
まちづくり工学科,前期,月,4,1031,船橋校舎,技術者倫理 {III群}
応用情報工学科,前期,月,4,1031,船橋校舎,技術者倫理 {III群}
一般教育,前期,月,4,1031,船橋校舎,技術者倫理 {III群}
土木工学科,前期,月,4,1033,船橋校舎,心理学 {II群}
交通システム工学科,前期,月,4,1033,船橋校舎,心理学 {II群}
交通システム工学科,前期,月,4,1033,船橋校舎,心理学 {II群}
建築学科,前期,月,4,1033,船橋校舎,心理学 {II群}
海洋建築工学科,前期,月,4,1033,船橋校舎,心理学 {II群}
機械工学科,前期,月,4,1033,船橋校舎,心理学 {II群}
精密機械工学科,前期,月,4,1033,船橋校舎,心理学 {II群}
航空宇宙工学科,前期,月,4,1033,船橋校舎,心理学 {II群}
電気工学科,前期,月,4,1033,船橋校舎,心理学 {II群}
電子工学科,前期,月,4,1033,船橋校舎,心理学 {II群}
物質応用化学科,前期,月,4,1033,船橋校舎,心理学 {II群}
物理学科,前期,月,4,1033,船橋校舎,心理学 {II群}
数学科,前期,月,4,1033,船橋校舎,心理学 {II群}
まちづくり工学科,前期,月,4,1033,船橋校舎,心理学 {II群}
応用情報工学科,前期,月,4,1033,船橋校舎,心理学 {II群}
一般教育,前期,月,4,1033,船橋校舎,心理学 {II群}
土木工学科,前期,月,4,1041,船橋校舎,科学技術と人間 {III群}
交通システム工学科,前期,月,4,1041,船橋校舎,科学技術と人間 {III群}
交通システム工学科,前期,月,4,1041,船橋校舎,科学技術と人間 {III群}
建築学科,前期,月,4,1041,船橋校舎,科学技術と人間 {III群}
海洋建築工学科,前期,月,4,1041,船橋校舎,科学技術と人間 {III群}
機械工学科,前期,月,4,1041,船橋校舎,科学技術と人間 {III群}
精密機械工学科,前期,月,4,1041,船橋校舎,科学技術と人間 {III群}
航空宇宙工学科,前期,月,4,1041,船橋校舎,科学技術と人間 {III群}
電気工学科,前期,月,4,1041,船橋校舎,科学技術と人間 {III群}
電子工学科,前期,月,4,1041,船橋校舎,科学技術と人間 {III群}
物質応用化学科,前期,月,4,1041,船橋校舎,科学技術と人間 {III群}
物理学科,前期,月,4,1041,船橋校舎,科学技術と人間 {III群}
数学科,前期,月,4,1041,船橋校舎,科学技術と人間 {III群}
まちづくり工学科,前期,月,4,1041,船橋校舎,科学技術と人間 {III群}
応用情報工学科,前期,月,4,1041,船橋校舎,科学技術と人間 {III群}
一般教育,前期,月,4,1041,船橋校舎,科学技術と人間 {III群}
土木工学科,前期,月,4,105,船橋校舎,基礎物理学実験 {年間隔週}↓連続２時限【年間隔週】
交通システム工学科,前期,月,4,105,船橋校舎,基礎物理学実験 {年間隔週}↓連続２時限【年間隔週】
交通システム工学科,前期,月,4,105,船橋校舎,基礎物理学実験 {年間隔週}↓連続２時限【年間隔週】
建築学科,前期,月,4,105,船橋校舎,基礎物理学実験 {年間隔週}↓連続２時限【年間隔週】
海洋建築工学科,前期,月,4,105,船橋校舎,基礎物理学実験 {年間隔週}↓連続２時限【年間隔週】
機械工学科,前期,月,4,105,船橋校舎,基礎物理学実験 {年間隔週}↓連続２時限【年間隔週】
精密機械工学科,前期,月,4,105,船橋校舎,基礎物理学実験 {年間隔週}↓連続２時限【年間隔週】
航空宇宙工学科,前期,月,4,105,船橋校舎,基礎物理学実験 {年間隔週}↓連続２時限【年間隔週】
電気工学科,前期,月,4,105,船橋校舎,基礎物理学実験 {年間隔週}↓連続２時限【年間隔週】
電子工学科,前期,月,4,105,船橋校舎,基礎物理学実験 {年間隔週}↓連続２時限【年間隔週】
物質応用化学科,前期,月,4,105,船橋校舎,基礎物理学実験 {年間隔週}↓連続２時限【年間隔週】
物理学科,前期,月,4,105,船橋校舎,基礎物理学実験 {年間隔週}↓連続２時限【年間隔週】
数学科,前期,月,4,105,船橋校舎,基礎物理学実験 {年間隔週}↓連続２時限【年間隔週】
まちづくり工学科,前期,月,4,105,船橋校舎,基礎物理学実験 {年間隔週}↓連続２時限【年間隔週】
応用情報工学科,前期,月,4,105,船橋校舎,基礎物理学実験 {年間隔週}↓連続２時限【年間隔週】
一般教育,前期,月,4,105,船橋校舎,基礎物理学実験 {年間隔週}↓連続２時限【年間隔週】
航空宇宙工学科,前期,月,4,1122/3,船橋校舎,航空宇宙工学実験ⅡA {未来}↓連続２時限
土木工学科,前期,月,4,113,船橋校舎,基礎物理学実験 {年間隔週}↓連続２時限【年間隔週】
交通システム工学科,前期,月,4,113,船橋校舎,基礎物理学実験 {年間隔週}↓連続２時限【年間隔週】
交通システム工学科,前期,月,4,113,船橋校舎,基礎物理学実験 {年間隔週}↓連続２時限【年間隔週】
建築学科,前期,月,4,113,船橋校舎,基礎物理学実験 {年間隔週}↓連続２時限【年間隔週】
海洋建築工学科,前期,月,4,113,船橋校舎,基礎物理学実験 {年間隔週}↓連続２時限【年間隔週】
機械工学科,前期,月,4,113,船橋校舎,基礎物理学実験 {年間隔週}↓連続２時限【年間隔週】
精密機械工学科,前期,月,4,113,船橋校舎,基礎物理学実験 {年間隔週}↓連続２時限【年間隔週】
航空宇宙工学科,前期,月,4,113,船橋校舎,基礎物理学実験 {年間隔週}↓連続２時限【年間隔週】
電気工学科,前期,月,4,113,船橋校舎,基礎物理学実験 {年間隔週}↓連続２時限【年間隔週】
電子工学科,前期,月,4,113,船橋校舎,基礎物理学実験 {年間隔週}↓連続２時限【年間隔週】
物質応用化学科,前期,月,4,113,船橋校舎,基礎物理学実験 {年間隔週}↓連続２時限【年間隔週】
物理学科,前期,月,4,113,船橋校舎,基礎物理学実験 {年間隔週}↓連続２時限【年間隔週】
数学科,前期,月,4,113,船橋校舎,基礎物理学実験 {年間隔週}↓連続２時限【年間隔週】
まちづくり工学科,前期,月,4,113,船橋校舎,基礎物理学実験 {年間隔週}↓連続２時限【年間隔週】
応用情報工学科,前期,月,4,113,船橋校舎,基礎物理学実験 {年間隔週}↓連続２時限【年間隔週】
一般教育,前期,月,4,113,船橋校舎,基礎物理学実験 {年間隔週}↓連続２時限【年間隔週】
機械工学科,前期,月,4,1131,船橋校舎,数学演習Ⅰ {A}
機械工学科,前期,月,4,1132,船橋校舎,数学演習Ⅰ {B}
一般教育,前期,月,4,1133,船橋校舎,関数論Ⅰ
土木工学科,前期,月,4,1141,船橋校舎,歴史学 {I群}
交通システム工学科,前期,月,4,1141,船橋校舎,歴史学 {I群}
交通システム工学科,前期,月,4,1141,船橋校舎,歴史学 {I群}
建築学科,前期,月,4,1141,船橋校舎,歴史学 {I群}
海洋建築工学科,前期,月,4,1141,船橋校舎,歴史学 {I群}
機械工学科,前期,月,4,1141,船橋校舎,歴史学 {I群}
精密機械工学科,前期,月,4,1141,船橋校舎,歴史学 {I群}
航空宇宙工学科,前期,月,4,1141,船橋校舎,歴史学 {I群}
電気工学科,前期,月,4,1141,船橋校舎,歴史学 {I群}
電子工学科,前期,月,4,1141,船橋校舎,歴史学 {I群}
物質応用化学科,前期,月,4,1141,船橋校舎,歴史学 {I群}
物理学科,前期,月,4,1141,船橋校舎,歴史学 {I群}
数学科,前期,月,4,1141,船橋校舎,歴史学 {I群}
まちづくり工学科,前期,月,4,1141,船橋校舎,歴史学 {I群}
応用情報工学科,前期,月,4,1141,船橋校舎,歴史学 {I群}
一般教育,前期,月,4,1141,船橋校舎,歴史学 {I群}
海洋建築工学科,前期,月,4,1142,船橋校舎,数学演習Ⅱ {1}
海洋建築工学科,前期,月,4,1143,船橋校舎,数学演習Ⅱ {2}
物理学科,前期,月,4,1201,船橋校舎,コンピュータリテラシ
物理学科,前期,月,4,1204,船橋校舎,コンピュータリテラシ
応用情報工学科,前期,月,4,1223,船橋校舎,情報工学実験Ⅰ {年間隔週}↓連続２時限【年間隔週】
電子工学科,前期,月,4,1231,船橋校舎,英語ⅠA
電子工学科,前期,月,4,1232,船橋校舎,英語ⅠA
電子工学科,前期,月,4,1233,船橋校舎,英語ⅠA
航空宇宙工学科,前期,月,4,1234,船橋校舎,航空宇宙工学実験ⅡA {未来}↓連続２時限
土木工学科,前期,月,4,1325,船橋校舎,デザイン基礎・演習 {2}↓連続２時限
精密機械工学科,前期,月,4,1326,船橋校舎,コンピュータ工学
土木工学科,前期,月,4,134,船橋校舎,基礎物理学実験 {年間隔週}↓連続２時限【年間隔週】
交通システム工学科,前期,月,4,134,船橋校舎,基礎物理学実験 {年間隔週}↓連続２時限【年間隔週】
交通システム工学科,前期,月,4,134,船橋校舎,基礎物理学実験 {年間隔週}↓連続２時限【年間隔週】
建築学科,前期,月,4,134,船橋校舎,基礎物理学実験 {年間隔週}↓連続２時限【年間隔週】
海洋建築工学科,前期,月,4,134,船橋校舎,基礎物理学実験 {年間隔週}↓連続２時限【年間隔週】
機械工学科,前期,月,4,134,船橋校舎,基礎物理学実験 {年間隔週}↓連続２時限【年間隔週】
精密機械工学科,前期,月,4,134,船橋校舎,基礎物理学実験 {年間隔週}↓連続２時限【年間隔週】
航空宇宙工学科,前期,月,4,134,船橋校舎,基礎物理学実験 {年間隔週}↓連続２時限【年間隔週】
電気工学科,前期,月,4,134,船橋校舎,基礎物理学実験 {年間隔週}↓連続２時限【年間隔週】
電子工学科,前期,月,4,134,船橋校舎,基礎物理学実験 {年間隔週}↓連続２時限【年間隔週】
物質応用化学科,前期,月,4,134,船橋校舎,基礎物理学実験 {年間隔週}↓連続２時限【年間隔週】
物理学科,前期,月,4,134,船橋校舎,基礎物理学実験 {年間隔週}↓連続２時限【年間隔週】
数学科,前期,月,4,134,船橋校舎,基礎物理学実験 {年間隔週}↓連続２時限【年間隔週】
まちづくり工学科,前期,月,4,134,船橋校舎,基礎物理学実験 {年間隔週}↓連続２時限【年間隔週】
応用情報工学科,前期,月,4,134,船橋校舎,基礎物理学実験 {年間隔週}↓連続２時限【年間隔週】
一般教育,前期,月,4,134,船橋校舎,基礎物理学実験 {年間隔週}↓連続２時限【年間隔週】
海洋建築工学科,前期,月,4,1421,船橋校舎,海洋建築物の構造計画
電子工学科,前期,月,4,1422,船橋校舎,電気計測
交通システム工学科,前期,月,4,1424,船橋校舎,舗装材料実験↓連続２時限
交通システム工学科,前期,月,4,1424,船橋校舎,舗装材料実験↓連続２時限
土木工学科,前期,月,4,143,船橋校舎,基礎物理学実験 {年間隔週}↓連続２時限【年間隔週】
交通システム工学科,前期,月,4,143,船橋校舎,基礎物理学実験 {年間隔週}↓連続２時限【年間隔週】
交通システム工学科,前期,月,4,143,船橋校舎,基礎物理学実験 {年間隔週}↓連続２時限【年間隔週】
建築学科,前期,月,4,143,船橋校舎,基礎物理学実験 {年間隔週}↓連続２時限【年間隔週】
海洋建築工学科,前期,月,4,143,船橋校舎,基礎物理学実験 {年間隔週}↓連続２時限【年間隔週】
機械工学科,前期,月,4,143,船橋校舎,基礎物理学実験 {年間隔週}↓連続２時限【年間隔週】
精密機械工学科,前期,月,4,143,船橋校舎,基礎物理学実験 {年間隔週}↓連続２時限【年間隔週】
航空宇宙工学科,前期,月,4,143,船橋校舎,基礎物理学実験 {年間隔週}↓連続２時限【年間隔週】
電気工学科,前期,月,4,143,船橋校舎,基礎物理学実験 {年間隔週}↓連続２時限【年間隔週】
電子工学科,前期,月,4,143,船橋校舎,基礎物理学実験 {年間隔週}↓連続２時限【年間隔週】
物質応用化学科,前期,月,4,143,船橋校舎,基礎物理学実験 {年間隔週}↓連続２時限【年間隔週】
物理学科,前期,月,4,143,船橋校舎,基礎物理学実験 {年間隔週}↓連続２時限【年間隔週】
数学科,前期,月,4,143,船橋校舎,基礎物理学実験 {年間隔週}↓連続２時限【年間隔週】
まちづくり工学科,前期,月,4,143,船橋校舎,基礎物理学実験 {年間隔週}↓連続２時限【年間隔週】
応用情報工学科,前期,月,4,143,船橋校舎,基礎物理学実験 {年間隔週}↓連続２時限【年間隔週】
一般教育,前期,月,4,143,船橋校舎,基礎物理学実験 {年間隔週}↓連続２時限【年間隔週】
電子工学科,前期,月,4,1433,船橋校舎,光・電子機能マテリアル
海洋建築工学科,前期,月,4,1434,船橋校舎,総合演習（海洋環境影響評価）↓連続２時限
土木工学科,前期,月,4,144,船橋校舎,基礎物理学実験 {年間隔週}↓連続２時限【年間隔週】
交通システム工学科,前期,月,4,144,船橋校舎,基礎物理学実験 {年間隔週}↓連続２時限【年間隔週】
交通システム工学科,前期,月,4,144,船橋校舎,基礎物理学実験 {年間隔週}↓連続２時限【年間隔週】
建築学科,前期,月,4,144,船橋校舎,基礎物理学実験 {年間隔週}↓連続２時限【年間隔週】
海洋建築工学科,前期,月,4,144,船橋校舎,基礎物理学実験 {年間隔週}↓連続２時限【年間隔週】
機械工学科,前期,月,4,144,船橋校舎,基礎物理学実験 {年間隔週}↓連続２時限【年間隔週】
精密機械工学科,前期,月,4,144,船橋校舎,基礎物理学実験 {年間隔週}↓連続２時限【年間隔週】
航空宇宙工学科,前期,月,4,144,船橋校舎,基礎物理学実験 {年間隔週}↓連続２時限【年間隔週】
電気工学科,前期,月,4,144,船橋校舎,基礎物理学実験 {年間隔週}↓連続２時限【年間隔週】
電子工学科,前期,月,4,144,船橋校舎,基礎物理学実験 {年間隔週}↓連続２時限【年間隔週】
物質応用化学科,前期,月,4,144,船橋校舎,基礎物理学実験 {年間隔週}↓連続２時限【年間隔週】
物理学科,前期,月,4,144,船橋校舎,基礎物理学実験 {年間隔週}↓連続２時限【年間隔週】
数学科,前期,月,4,144,船橋校舎,基礎物理学実験 {年間隔週}↓連続２時限【年間隔週】
まちづくり工学科,前期,月,4,144,船橋校舎,基礎物理学実験 {年間隔週}↓連続２時限【年間隔週】
応用情報工学科,前期,月,4,144,船橋校舎,基礎物理学実験 {年間隔週}↓連続２時限【年間隔週】
一般教育,前期,月,4,144,船橋校舎,基礎物理学実験 {年間隔週}↓連続２時限【年間隔週】
精密機械工学科,前期,月,4,1441,船橋校舎,機械設計製図ⅡA {未来}↓連続２時限
物質応用化学科,前期,月,4,1442,船橋校舎,力と運動の物理学Ⅰ演習 {前期隔週}↓連続２時限【前期隔週】
物質応用化学科,前期,月,4,1443,船橋校舎,力と運動の物理学Ⅰ演習 {前期隔週}↓連続２時限【前期隔週】
物質応用化学科,前期,月,4,1444,船橋校舎,力と運動の物理学Ⅰ演習 {前期隔週}↓連続２時限【前期隔週】
海洋建築工学専攻,前期,月,4,1452,船橋校舎,海洋空間利用計画特論
精密機械工学専攻,前期,月,4,1453,船橋校舎,精密計測特論Ⅰ ＊
航空宇宙工学専攻,前期,月,4,1455,船橋校舎,航空宇宙推進工学特論Ⅲ
航空宇宙工学科,前期,月,4,1456/7/8,船橋校舎,航空宇宙工学実験ⅡA {未来}↓連続２時限
交通システム工学科,前期,月,4,202,船橋校舎,舗装材料実験↓連続２時限
交通システム工学科,前期,月,4,202,船橋校舎,舗装材料実験↓連続２時限
応用情報工学科,前期,月,4,221,船橋校舎,情報工学実験Ⅲ↓連続２時限【年間】
応用情報工学科,前期,月,4,231,船橋校舎,情報工学実験Ⅰ {年間隔週}↓連続２時限【年間隔週】
航空宇宙工学科,前期,月,4,341,船橋校舎,航空宇宙工学実験ⅡA {未来}↓連続２時限
航空宇宙工学科,前期,月,4,342,船橋校舎,航空宇宙工学実験ⅡA {未来}↓連続２時限
電子工学科,前期,月,4,433,船橋校舎,電子工学実験Ⅳ↓連続２時限
海洋建築工学科,前期,月,4,521/2/3/4/5/7/8/9/10,船橋校舎,デザイン演習Ⅰ↓連続２時限
交通システム工学科,前期,月,4,633,船橋校舎,基礎力学Ⅱ
交通システム工学科,前期,月,4,633,船橋校舎,基礎力学Ⅱ
精密機械工学科,前期,月,4,742,船橋校舎,機械設計製図ⅡA {未来}↓連続２時限
土木工学科,前期,月,4,819,船橋校舎,基礎化学実験 {年間隔週}↓連続２時限【年間隔週】
交通システム工学科,前期,月,4,819,船橋校舎,基礎化学実験 {年間隔週}↓連続２時限【年間隔週】
交通システム工学科,前期,月,4,819,船橋校舎,基礎化学実験 {年間隔週}↓連続２時限【年間隔週】
建築学科,前期,月,4,819,船橋校舎,基礎化学実験 {年間隔週}↓連続２時限【年間隔週】
海洋建築工学科,前期,月,4,819,船橋校舎,基礎化学実験 {年間隔週}↓連続２時限【年間隔週】
機械工学科,前期,月,4,819,船橋校舎,基礎化学実験 {年間隔週}↓連続２時限【年間隔週】
精密機械工学科,前期,月,4,819,船橋校舎,基礎化学実験 {年間隔週}↓連続２時限【年間隔週】
航空宇宙工学科,前期,月,4,819,船橋校舎,基礎化学実験 {年間隔週}↓連続２時限【年間隔週】
電気工学科,前期,月,4,819,船橋校舎,基礎化学実験 {年間隔週}↓連続２時限【年間隔週】
電子工学科,前期,月,4,819,船橋校舎,基礎化学実験 {年間隔週}↓連続２時限【年間隔週】
物質応用化学科,前期,月,4,819,船橋校舎,基礎化学実験 {年間隔週}↓連続２時限【年間隔週】
物理学科,前期,月,4,819,船橋校舎,基礎化学実験 {年間隔週}↓連続２時限【年間隔週】
数学科,前期,月,4,819,船橋校舎,基礎化学実験 {年間隔週}↓連続２時限【年間隔週】
まちづくり工学科,前期,月,4,819,船橋校舎,基礎化学実験 {年間隔週}↓連続２時限【年間隔週】
応用情報工学科,前期,月,4,819,船橋校舎,基礎化学実験 {年間隔週}↓連続２時限【年間隔週】
一般教育,前期,月,4,819,船橋校舎,基礎化学実験 {年間隔週}↓連続２時限【年間隔週】
土木工学科,前期,月,4,826,船橋校舎,基礎化学実験 {年間隔週}↓連続２時限【年間隔週】
交通システム工学科,前期,月,4,826,船橋校舎,基礎化学実験 {年間隔週}↓連続２時限【年間隔週】
交通システム工学科,前期,月,4,826,船橋校舎,基礎化学実験 {年間隔週}↓連続２時限【年間隔週】
建築学科,前期,月,4,826,船橋校舎,基礎化学実験 {年間隔週}↓連続２時限【年間隔週】
海洋建築工学科,前期,月,4,826,船橋校舎,基礎化学実験 {年間隔週}↓連続２時限【年間隔週】
機械工学科,前期,月,4,826,船橋校舎,基礎化学実験 {年間隔週}↓連続２時限【年間隔週】
精密機械工学科,前期,月,4,826,船橋校舎,基礎化学実験 {年間隔週}↓連続２時限【年間隔週】
航空宇宙工学科,前期,月,4,826,船橋校舎,基礎化学実験 {年間隔週}↓連続２時限【年間隔週】
電気工学科,前期,月,4,826,船橋校舎,基礎化学実験 {年間隔週}↓連続２時限【年間隔週】
電子工学科,前期,月,4,826,船橋校舎,基礎化学実験 {年間隔週}↓連続２時限【年間隔週】
物質応用化学科,前期,月,4,826,船橋校舎,基礎化学実験 {年間隔週}↓連続２時限【年間隔週】
物理学科,前期,月,4,826,船橋校舎,基礎化学実験 {年間隔週}↓連続２時限【年間隔週】
数学科,前期,月,4,826,船橋校舎,基礎化学実験 {年間隔週}↓連続２時限【年間隔週】
まちづくり工学科,前期,月,4,826,船橋校舎,基礎化学実験 {年間隔週}↓連続２時限【年間隔週】
応用情報工学科,前期,月,4,826,船橋校舎,基礎化学実験 {年間隔週}↓連続２時限【年間隔週】
一般教育,前期,月,4,826,船橋校舎,基礎化学実験 {年間隔週}↓連続２時限【年間隔週】
土木工学科,前期,月,4,829,船橋校舎,基礎化学実験 {年間隔週}↓連続２時限【年間隔週】
交通システム工学科,前期,月,4,829,船橋校舎,基礎化学実験 {年間隔週}↓連続２時限【年間隔週】
交通システム工学科,前期,月,4,829,船橋校舎,基礎化学実験 {年間隔週}↓連続２時限【年間隔週】
建築学科,前期,月,4,829,船橋校舎,基礎化学実験 {年間隔週}↓連続２時限【年間隔週】
海洋建築工学科,前期,月,4,829,船橋校舎,基礎化学実験 {年間隔週}↓連続２時限【年間隔週】
機械工学科,前期,月,4,829,船橋校舎,基礎化学実験 {年間隔週}↓連続２時限【年間隔週】
精密機械工学科,前期,月,4,829,船橋校舎,基礎化学実験 {年間隔週}↓連続２時限【年間隔週】
航空宇宙工学科,前期,月,4,829,船橋校舎,基礎化学実験 {年間隔週}↓連続２時限【年間隔週】
電気工学科,前期,月,4,829,船橋校舎,基礎化学実験 {年間隔週}↓連続２時限【年間隔週】
電子工学科,前期,月,4,829,船橋校舎,基礎化学実験 {年間隔週}↓連続２時限【年間隔週】
物質応用化学科,前期,月,4,829,船橋校舎,基礎化学実験 {年間隔週}↓連続２時限【年間隔週】
物理学科,前期,月,4,829,船橋校舎,基礎化学実験 {年間隔週}↓連続２時限【年間隔週】
数学科,前期,月,4,829,船橋校舎,基礎化学実験 {年間隔週}↓連続２時限【年間隔週】
まちづくり工学科,前期,月,4,829,船橋校舎,基礎化学実験 {年間隔週}↓連続２時限【年間隔週】
応用情報工学科,前期,月,4,829,船橋校舎,基礎化学実験 {年間隔週}↓連続２時限【年間隔週】
一般教育,前期,月,4,829,船橋校舎,基礎化学実験 {年間隔週}↓連続２時限【年間隔週】
土木工学科,前期,月,4,測量実習ｾﾝﾀｰ(演習室AB),船橋校舎,測量実習Ⅰ {1}↓連続２時限
交通システム工学科,前期,月,4,社会基盤工学系実験室,船橋校舎,舗装材料実験↓連続２時限
交通システム工学科,前期,月,4,社会基盤工学系実験室,船橋校舎,舗装材料実験↓連続２時限
土木工学科,前期,月,4,階段教室（小）,船橋校舎,デザイン基礎・演習 {2}↓連続２時限
まちづくり工学科,前期,月,4,134,駿河台校舎,都市環境学概論
機械工学科,前期,月,4,141,駿河台校舎,材料力学Ⅰ {A}
数学科,前期,月,4,142,駿河台校舎,数学総合研究
機械工学科,前期,月,4,144,駿河台校舎,機械力学Ⅰ {B}
機械工学科,前期,月,4,151,駿河台校舎,弾性学Ⅰ
電気工学科,前期,月,4,1511電気実験室,駿河台校舎,電気工学実験Ⅰ {A}↓連続２時限
電気工学科,前期,月,4,1511電気実験室,駿河台校舎,電気電子工学実験 {B}↓連続２時限
数学科,前期,月,4,152,駿河台校舎,現代幾何学Ⅰ
電気工学科,前期,月,4,805B,駿河台校舎,電気工学実験Ⅲ↓連続２時限
電気工学科,前期,月,4,811,駿河台校舎,電気工学実験Ⅲ↓連続２時限
電気工学科,前期,月,4,812,駿河台校舎,電気工学実験Ⅲ↓連続２時限
物質応用化学科,前期,月,4,841,駿河台校舎,生命有機化学Ⅱ {B}
物質応用化学科,前期,月,4,843,駿河台校舎,エネルギー環境工学 {A}
物質応用化学科,前期,月,4,851,駿河台校舎,分析化学Ⅱ {A}
物質応用化学科,前期,月,4,852,駿河台校舎,高分子科学 {B}
建築学科,前期,月,4,スタジオ（S701,駿河台校舎,建築学の実践↓連続２時限
一般教育,前期,月,5,S201,タワースコラ,数理統計学Ⅰ
一般教育,前期,月,5,S203,タワースコラ,物質の構造と状態
一般教育,前期,月,5,S303,タワースコラ,教）理科教育法Ⅲ
一般教育,前期,月,5,S304,タワースコラ,教）幾何学Ⅰ
建築学専攻,前期,月,5,S403,タワースコラ,空間構造デザイン特論Ⅰ
建築学科,前期,月,5,S404,タワースコラ,建築構造特別講義
土木工学科,前期,月,5,S405,タワースコラ,地盤力学Ⅰ {再履修}
物理学専攻,前期,月,5,S406,タワースコラ,原子核物理学 {カリ変}
建築学科,前期,月,5,S501,タワースコラ,建築情報処理Ⅰ {2}
一般教育,前期,月,5,S504,タワースコラ,熱とエントロピーの物理学
機械工学専攻,前期,月,5,S601,タワースコラ,塑性力学特論Ⅰ
電気工学専攻,前期,月,5,S602,タワースコラ,電気機器特論
量子理工学専攻,前期,月,5,S603,タワースコラ,量子力学Ⅰ
建築学科,前期,月,5,S706建築スライド室,タワースコラ,建築計画特別講義
一般教育,前期,月,5,1011,船橋校舎,技術者倫理 {III群}
一般教育,前期,月,5,1013,船橋校舎,日本語表現の基礎 {II群}
一般教育,前期,月,5,1021,船橋校舎,日本国憲法 {I群}
一般教育,前期,月,5,1032,船橋校舎,物理学Ⅱ {再履修}
海洋建築工学科,前期,月,5,1231,船橋校舎,英語ⅠA
海洋建築工学科,前期,月,5,1232,船橋校舎,英語ⅠA
海洋建築工学科,前期,月,5,1233,船橋校舎,英語ⅠA
精密機械工学科,前期,月,5,1326,船橋校舎,機構学
一般教育,前期,月,5,1421,船橋校舎,教養基礎ゼミナール {ﾒﾝﾄﾚ}
一般教育,前期,月,5,1431,船橋校舎,学）博物館情報・メディア論
精密機械工学科,前期,月,5,1442,船橋校舎,光工学
電子工学専攻,前期,月,5,1453,船橋校舎,電子材料特論Ⅰ
一般教育,前期,月,5,1454,船橋校舎,教）生物学概論
一般教育,前期,月,5,1456,船橋校舎,教）教育課程論
一般教育,前期,月,5,132,駿河台校舎,教）発達と学習
機械工学科,前期,月,5,151,駿河台校舎,動的システム
物質応用化学科,前期,月,5,843,駿河台校舎,基礎生命科学 {再履修}
物質応用化学科,前期,月,5,851,駿河台校舎,基礎有機化学 {再履修}
一般教育,前期,月,5,852,駿河台校舎,科学技術史 {III群}
まちづくり工学専攻,前期,月,6,S1201,タワースコラ,観光まちづくり特論 △
土木工学科,前期,月,6,S405,タワースコラ,地盤力学Ⅰ演習 {再履修}
物理学専攻,前期,月,6,S406,タワースコラ,素粒子物理学Ⅰ △
電気工学専攻,前期,月,6,S602,タワースコラ,電気機器特論 △
量子理工学専攻,前期,月,6,S603,タワースコラ,量子力学Ⅰ △
量子理工学専攻,前期,月,6,S604,タワースコラ,力学特論
交通システム工学専攻,前期,月,6,1444,船橋校舎,交通システム計画・工学演習Ａ
精密機械工学専攻,前期,月,6,1453,船橋校舎,ロボット制御工学特論Ⅰ △
情報科学専攻,前期,月,6,1456,船橋校舎,情報通信システム特論 △
一般教育,前期,月,6,0000,駿河台校舎,学）博物館実習A（見学）【年隔集中(資)】
物理学専攻,前期,月,6,841,駿河台校舎,科学史特論Ⅰ △
電気工学科,前期,木,1,S201,タワースコラ,微分方程式Ⅰ {B}
電気工学科,前期,木,1,S202,タワースコラ,微分方程式Ⅰ {A}
電気工学科,前期,木,1,S203,タワースコラ,電磁波工学
土木工学科,前期,木,1,S204,タワースコラ,交通計画
建築学科,前期,木,1,S301,タワースコラ,応用力学Ⅰ {1}
建築学科,前期,木,1,S302,タワースコラ,鋼構造 {1}
まちづくり工学科,前期,木,1,S304,タワースコラ,建設材料学
建築学科,前期,木,1,S401,タワースコラ,建築施工 {2}
物理学専攻,前期,木,1,S406,タワースコラ,多体問題特論Ⅰ ＊
物理学科,前期,木,1,S501,タワースコラ,ネットワーク基礎論
物理学科,前期,木,1,S502,タワースコラ,ネットワーク基礎論
数学科,前期,木,1,S504,タワースコラ,数値解析学及び演習Ａ↓連続２時限
機械工学専攻,前期,木,1,S602,タワースコラ,流体工学特論Ⅰ
応用情報工学科,前期,木,1,1011,船橋校舎,画像処理
土木工学科,前期,木,1,1012,船橋校舎,英語ⅡA
交通システム工学科,前期,木,1,1012,船橋校舎,英語ⅡA
交通システム工学科,前期,木,1,1012,船橋校舎,英語ⅡA
建築学科,前期,木,1,1012,船橋校舎,英語ⅡA
海洋建築工学科,前期,木,1,1012,船橋校舎,英語ⅡA
機械工学科,前期,木,1,1012,船橋校舎,英語ⅡA
精密機械工学科,前期,木,1,1012,船橋校舎,英語ⅡA
航空宇宙工学科,前期,木,1,1012,船橋校舎,英語ⅡA
電気工学科,前期,木,1,1012,船橋校舎,英語ⅡA
電子工学科,前期,木,1,1012,船橋校舎,英語ⅡA
物質応用化学科,前期,木,1,1012,船橋校舎,英語ⅡA
物理学科,前期,木,1,1012,船橋校舎,英語ⅡA
数学科,前期,木,1,1012,船橋校舎,英語ⅡA
まちづくり工学科,前期,木,1,1012,船橋校舎,英語ⅡA
応用情報工学科,前期,木,1,1012,船橋校舎,英語ⅡA
一般教育,前期,木,1,1012,船橋校舎,英語ⅡA
航空宇宙工学科,前期,木,1,1013,船橋校舎,電気の基礎 {未来}
土木工学科,前期,木,1,1021,船橋校舎,英語ⅡA
交通システム工学科,前期,木,1,1021,船橋校舎,英語ⅡA
交通システム工学科,前期,木,1,1021,船橋校舎,英語ⅡA
建築学科,前期,木,1,1021,船橋校舎,英語ⅡA
海洋建築工学科,前期,木,1,1021,船橋校舎,英語ⅡA
機械工学科,前期,木,1,1021,船橋校舎,英語ⅡA
精密機械工学科,前期,木,1,1021,船橋校舎,英語ⅡA
航空宇宙工学科,前期,木,1,1021,船橋校舎,英語ⅡA
電気工学科,前期,木,1,1021,船橋校舎,英語ⅡA
電子工学科,前期,木,1,1021,船橋校舎,英語ⅡA
物質応用化学科,前期,木,1,1021,船橋校舎,英語ⅡA
物理学科,前期,木,1,1021,船橋校舎,英語ⅡA
数学科,前期,木,1,1021,船橋校舎,英語ⅡA
まちづくり工学科,前期,木,1,1021,船橋校舎,英語ⅡA
応用情報工学科,前期,木,1,1021,船橋校舎,英語ⅡA
一般教育,前期,木,1,1021,船橋校舎,英語ⅡA
土木工学科,前期,木,1,1022,船橋校舎,英語ⅡA
交通システム工学科,前期,木,1,1022,船橋校舎,英語ⅡA
交通システム工学科,前期,木,1,1022,船橋校舎,英語ⅡA
建築学科,前期,木,1,1022,船橋校舎,英語ⅡA
海洋建築工学科,前期,木,1,1022,船橋校舎,英語ⅡA
機械工学科,前期,木,1,1022,船橋校舎,英語ⅡA
精密機械工学科,前期,木,1,1022,船橋校舎,英語ⅡA
航空宇宙工学科,前期,木,1,1022,船橋校舎,英語ⅡA
電気工学科,前期,木,1,1022,船橋校舎,英語ⅡA
電子工学科,前期,木,1,1022,船橋校舎,英語ⅡA
物質応用化学科,前期,木,1,1022,船橋校舎,英語ⅡA
物理学科,前期,木,1,1022,船橋校舎,英語ⅡA
数学科,前期,木,1,1022,船橋校舎,英語ⅡA
まちづくり工学科,前期,木,1,1022,船橋校舎,英語ⅡA
応用情報工学科,前期,木,1,1022,船橋校舎,英語ⅡA
一般教育,前期,木,1,1022,船橋校舎,英語ⅡA
数学科,前期,木,1,1023,船橋校舎,微分積分学Ａ {1}↓連続２時限
数学科,前期,木,1,1031,船橋校舎,代数学幾何学Ａ {2}↓連続２時限
土木工学科,前期,木,1,1032,船橋校舎,英語ⅡA
交通システム工学科,前期,木,1,1032,船橋校舎,英語ⅡA
交通システム工学科,前期,木,1,1032,船橋校舎,英語ⅡA
建築学科,前期,木,1,1032,船橋校舎,英語ⅡA
海洋建築工学科,前期,木,1,1032,船橋校舎,英語ⅡA
機械工学科,前期,木,1,1032,船橋校舎,英語ⅡA
精密機械工学科,前期,木,1,1032,船橋校舎,英語ⅡA
航空宇宙工学科,前期,木,1,1032,船橋校舎,英語ⅡA
電気工学科,前期,木,1,1032,船橋校舎,英語ⅡA
電子工学科,前期,木,1,1032,船橋校舎,英語ⅡA
物質応用化学科,前期,木,1,1032,船橋校舎,英語ⅡA
物理学科,前期,木,1,1032,船橋校舎,英語ⅡA
数学科,前期,木,1,1032,船橋校舎,英語ⅡA
まちづくり工学科,前期,木,1,1032,船橋校舎,英語ⅡA
応用情報工学科,前期,木,1,1032,船橋校舎,英語ⅡA
一般教育,前期,木,1,1032,船橋校舎,英語ⅡA
航空宇宙工学科,前期,木,1,1041,船橋校舎,微分積分学Ⅰ {1}
土木工学科,前期,木,1,1042,船橋校舎,英語ⅡA
交通システム工学科,前期,木,1,1042,船橋校舎,英語ⅡA
交通システム工学科,前期,木,1,1042,船橋校舎,英語ⅡA
建築学科,前期,木,1,1042,船橋校舎,英語ⅡA
海洋建築工学科,前期,木,1,1042,船橋校舎,英語ⅡA
機械工学科,前期,木,1,1042,船橋校舎,英語ⅡA
精密機械工学科,前期,木,1,1042,船橋校舎,英語ⅡA
航空宇宙工学科,前期,木,1,1042,船橋校舎,英語ⅡA
電気工学科,前期,木,1,1042,船橋校舎,英語ⅡA
電子工学科,前期,木,1,1042,船橋校舎,英語ⅡA
物質応用化学科,前期,木,1,1042,船橋校舎,英語ⅡA
物理学科,前期,木,1,1042,船橋校舎,英語ⅡA
数学科,前期,木,1,1042,船橋校舎,英語ⅡA
まちづくり工学科,前期,木,1,1042,船橋校舎,英語ⅡA
応用情報工学科,前期,木,1,1042,船橋校舎,英語ⅡA
一般教育,前期,木,1,1042,船橋校舎,英語ⅡA
応用情報工学科,前期,木,1,1043,船橋校舎,微分積分学Ⅰ
土木工学科,前期,木,1,105,船橋校舎,基礎物理学実験 {年間隔週}↓連続２時限【年間隔週】
交通システム工学科,前期,木,1,105,船橋校舎,基礎物理学実験 {年間隔週}↓連続２時限【年間隔週】
交通システム工学科,前期,木,1,105,船橋校舎,基礎物理学実験 {年間隔週}↓連続２時限【年間隔週】
建築学科,前期,木,1,105,船橋校舎,基礎物理学実験 {年間隔週}↓連続２時限【年間隔週】
海洋建築工学科,前期,木,1,105,船橋校舎,基礎物理学実験 {年間隔週}↓連続２時限【年間隔週】
機械工学科,前期,木,1,105,船橋校舎,基礎物理学実験 {年間隔週}↓連続２時限【年間隔週】
精密機械工学科,前期,木,1,105,船橋校舎,基礎物理学実験 {年間隔週}↓連続２時限【年間隔週】
航空宇宙工学科,前期,木,1,105,船橋校舎,基礎物理学実験 {年間隔週}↓連続２時限【年間隔週】
電気工学科,前期,木,1,105,船橋校舎,基礎物理学実験 {年間隔週}↓連続２時限【年間隔週】
電子工学科,前期,木,1,105,船橋校舎,基礎物理学実験 {年間隔週}↓連続２時限【年間隔週】
物質応用化学科,前期,木,1,105,船橋校舎,基礎物理学実験 {年間隔週}↓連続２時限【年間隔週】
物理学科,前期,木,1,105,船橋校舎,基礎物理学実験 {年間隔週}↓連続２時限【年間隔週】
数学科,前期,木,1,105,船橋校舎,基礎物理学実験 {年間隔週}↓連続２時限【年間隔週】
まちづくり工学科,前期,木,1,105,船橋校舎,基礎物理学実験 {年間隔週}↓連続２時限【年間隔週】
応用情報工学科,前期,木,1,105,船橋校舎,基礎物理学実験 {年間隔週}↓連続２時限【年間隔週】
一般教育,前期,木,1,105,船橋校舎,基礎物理学実験 {年間隔週}↓連続２時限【年間隔週】
精密機械工学科,前期,木,1,1113,船橋校舎,微分積分学Ⅰ {2}
土木工学科,前期,木,1,113,船橋校舎,基礎物理学実験 {年間隔週}↓連続２時限【年間隔週】
交通システム工学科,前期,木,1,113,船橋校舎,基礎物理学実験 {年間隔週}↓連続２時限【年間隔週】
交通システム工学科,前期,木,1,113,船橋校舎,基礎物理学実験 {年間隔週}↓連続２時限【年間隔週】
建築学科,前期,木,1,113,船橋校舎,基礎物理学実験 {年間隔週}↓連続２時限【年間隔週】
海洋建築工学科,前期,木,1,113,船橋校舎,基礎物理学実験 {年間隔週}↓連続２時限【年間隔週】
機械工学科,前期,木,1,113,船橋校舎,基礎物理学実験 {年間隔週}↓連続２時限【年間隔週】
精密機械工学科,前期,木,1,113,船橋校舎,基礎物理学実験 {年間隔週}↓連続２時限【年間隔週】
航空宇宙工学科,前期,木,1,113,船橋校舎,基礎物理学実験 {年間隔週}↓連続２時限【年間隔週】
電気工学科,前期,木,1,113,船橋校舎,基礎物理学実験 {年間隔週}↓連続２時限【年間隔週】
電子工学科,前期,木,1,113,船橋校舎,基礎物理学実験 {年間隔週}↓連続２時限【年間隔週】
物質応用化学科,前期,木,1,113,船橋校舎,基礎物理学実験 {年間隔週}↓連続２時限【年間隔週】
物理学科,前期,木,1,113,船橋校舎,基礎物理学実験 {年間隔週}↓連続２時限【年間隔週】
数学科,前期,木,1,113,船橋校舎,基礎物理学実験 {年間隔週}↓連続２時限【年間隔週】
まちづくり工学科,前期,木,1,113,船橋校舎,基礎物理学実験 {年間隔週}↓連続２時限【年間隔週】
応用情報工学科,前期,木,1,113,船橋校舎,基礎物理学実験 {年間隔週}↓連続２時限【年間隔週】
一般教育,前期,木,1,113,船橋校舎,基礎物理学実験 {年間隔週}↓連続２時限【年間隔週】
土木工学科,前期,木,1,1131,船橋校舎,英語ⅡA
交通システム工学科,前期,木,1,1131,船橋校舎,英語ⅡA
交通システム工学科,前期,木,1,1131,船橋校舎,英語ⅡA
建築学科,前期,木,1,1131,船橋校舎,英語ⅡA
海洋建築工学科,前期,木,1,1131,船橋校舎,英語ⅡA
機械工学科,前期,木,1,1131,船橋校舎,英語ⅡA
精密機械工学科,前期,木,1,1131,船橋校舎,英語ⅡA
航空宇宙工学科,前期,木,1,1131,船橋校舎,英語ⅡA
電気工学科,前期,木,1,1131,船橋校舎,英語ⅡA
電子工学科,前期,木,1,1131,船橋校舎,英語ⅡA
物質応用化学科,前期,木,1,1131,船橋校舎,英語ⅡA
物理学科,前期,木,1,1131,船橋校舎,英語ⅡA
数学科,前期,木,1,1131,船橋校舎,英語ⅡA
まちづくり工学科,前期,木,1,1131,船橋校舎,英語ⅡA
応用情報工学科,前期,木,1,1131,船橋校舎,英語ⅡA
一般教育,前期,木,1,1131,船橋校舎,英語ⅡA
土木工学科,前期,木,1,1132,船橋校舎,英語ⅡA
交通システム工学科,前期,木,1,1132,船橋校舎,英語ⅡA
交通システム工学科,前期,木,1,1132,船橋校舎,英語ⅡA
建築学科,前期,木,1,1132,船橋校舎,英語ⅡA
海洋建築工学科,前期,木,1,1132,船橋校舎,英語ⅡA
機械工学科,前期,木,1,1132,船橋校舎,英語ⅡA
精密機械工学科,前期,木,1,1132,船橋校舎,英語ⅡA
航空宇宙工学科,前期,木,1,1132,船橋校舎,英語ⅡA
電気工学科,前期,木,1,1132,船橋校舎,英語ⅡA
電子工学科,前期,木,1,1132,船橋校舎,英語ⅡA
物質応用化学科,前期,木,1,1132,船橋校舎,英語ⅡA
物理学科,前期,木,1,1132,船橋校舎,英語ⅡA
数学科,前期,木,1,1132,船橋校舎,英語ⅡA
まちづくり工学科,前期,木,1,1132,船橋校舎,英語ⅡA
応用情報工学科,前期,木,1,1132,船橋校舎,英語ⅡA
一般教育,前期,木,1,1132,船橋校舎,英語ⅡA
土木工学科,前期,木,1,1141,船橋校舎,英語ⅡA
交通システム工学科,前期,木,1,1141,船橋校舎,英語ⅡA
交通システム工学科,前期,木,1,1141,船橋校舎,英語ⅡA
建築学科,前期,木,1,1141,船橋校舎,英語ⅡA
海洋建築工学科,前期,木,1,1141,船橋校舎,英語ⅡA
機械工学科,前期,木,1,1141,船橋校舎,英語ⅡA
精密機械工学科,前期,木,1,1141,船橋校舎,英語ⅡA
航空宇宙工学科,前期,木,1,1141,船橋校舎,英語ⅡA
電気工学科,前期,木,1,1141,船橋校舎,英語ⅡA
電子工学科,前期,木,1,1141,船橋校舎,英語ⅡA
物質応用化学科,前期,木,1,1141,船橋校舎,英語ⅡA
物理学科,前期,木,1,1141,船橋校舎,英語ⅡA
数学科,前期,木,1,1141,船橋校舎,英語ⅡA
まちづくり工学科,前期,木,1,1141,船橋校舎,英語ⅡA
応用情報工学科,前期,木,1,1141,船橋校舎,英語ⅡA
一般教育,前期,木,1,1141,船橋校舎,英語ⅡA
土木工学科,前期,木,1,1143,船橋校舎,英語ⅡA
交通システム工学科,前期,木,1,1143,船橋校舎,英語ⅡA
交通システム工学科,前期,木,1,1143,船橋校舎,英語ⅡA
建築学科,前期,木,1,1143,船橋校舎,英語ⅡA
海洋建築工学科,前期,木,1,1143,船橋校舎,英語ⅡA
機械工学科,前期,木,1,1143,船橋校舎,英語ⅡA
精密機械工学科,前期,木,1,1143,船橋校舎,英語ⅡA
航空宇宙工学科,前期,木,1,1143,船橋校舎,英語ⅡA
電気工学科,前期,木,1,1143,船橋校舎,英語ⅡA
電子工学科,前期,木,1,1143,船橋校舎,英語ⅡA
物質応用化学科,前期,木,1,1143,船橋校舎,英語ⅡA
物理学科,前期,木,1,1143,船橋校舎,英語ⅡA
数学科,前期,木,1,1143,船橋校舎,英語ⅡA
まちづくり工学科,前期,木,1,1143,船橋校舎,英語ⅡA
応用情報工学科,前期,木,1,1143,船橋校舎,英語ⅡA
一般教育,前期,木,1,1143,船橋校舎,英語ⅡA
電気工学科,前期,木,1,1201,船橋校舎,電気工学ｲﾝｾﾝﾃｨﾌﾞ
電気工学科,前期,木,1,1202,船橋校舎,電気工学ｲﾝｾﾝﾃｨﾌﾞ
電気工学科,前期,木,1,1204,船橋校舎,電気工学ｲﾝｾﾝﾃｨﾌﾞ
航空宇宙工学科,前期,木,1,1231,船橋校舎,微分積分学Ⅰ {2}
一般教育,前期,木,1,1232,船橋校舎,English Communication Ⅰ
精密機械工学科,前期,木,1,1233,船橋校舎,微分積分学Ⅰ {1}
交通システム工学科,前期,木,1,1325,船橋校舎,製図・デザイン基礎Ⅰ↓連続２時限
交通システム工学科,前期,木,1,1325,船橋校舎,製図・デザイン基礎Ⅰ↓連続２時限
土木工学科,前期,木,1,134,船橋校舎,基礎物理学実験 {年間隔週}↓連続２時限【年間隔週】
交通システム工学科,前期,木,1,134,船橋校舎,基礎物理学実験 {年間隔週}↓連続２時限【年間隔週】
交通システム工学科,前期,木,1,134,船橋校舎,基礎物理学実験 {年間隔週}↓連続２時限【年間隔週】
建築学科,前期,木,1,134,船橋校舎,基礎物理学実験 {年間隔週}↓連続２時限【年間隔週】
海洋建築工学科,前期,木,1,134,船橋校舎,基礎物理学実験 {年間隔週}↓連続２時限【年間隔週】
機械工学科,前期,木,1,134,船橋校舎,基礎物理学実験 {年間隔週}↓連続２時限【年間隔週】
精密機械工学科,前期,木,1,134,船橋校舎,基礎物理学実験 {年間隔週}↓連続２時限【年間隔週】
航空宇宙工学科,前期,木,1,134,船橋校舎,基礎物理学実験 {年間隔週}↓連続２時限【年間隔週】
電気工学科,前期,木,1,134,船橋校舎,基礎物理学実験 {年間隔週}↓連続２時限【年間隔週】
電子工学科,前期,木,1,134,船橋校舎,基礎物理学実験 {年間隔週}↓連続２時限【年間隔週】
物質応用化学科,前期,木,1,134,船橋校舎,基礎物理学実験 {年間隔週}↓連続２時限【年間隔週】
物理学科,前期,木,1,134,船橋校舎,基礎物理学実験 {年間隔週}↓連続２時限【年間隔週】
数学科,前期,木,1,134,船橋校舎,基礎物理学実験 {年間隔週}↓連続２時限【年間隔週】
まちづくり工学科,前期,木,1,134,船橋校舎,基礎物理学実験 {年間隔週}↓連続２時限【年間隔週】
応用情報工学科,前期,木,1,134,船橋校舎,基礎物理学実験 {年間隔週}↓連続２時限【年間隔週】
一般教育,前期,木,1,134,船橋校舎,基礎物理学実験 {年間隔週}↓連続２時限【年間隔週】
海洋建築工学科,前期,木,1,1421,船橋校舎,総合演習（計画デザイン演習）↓連続２時限
電子工学科,前期,木,1,1422,船橋校舎,力と運動の物理学Ⅰ {1}
電子工学科,前期,木,1,1423,船橋校舎,力と運動の物理学Ⅰ {2}
交通システム工学科,前期,木,1,1424,船橋校舎,プログラミング↓連続２時限
交通システム工学科,前期,木,1,1424,船橋校舎,プログラミング↓連続２時限
土木工学科,前期,木,1,143,船橋校舎,基礎物理学実験 {年間隔週}↓連続２時限【年間隔週】
交通システム工学科,前期,木,1,143,船橋校舎,基礎物理学実験 {年間隔週}↓連続２時限【年間隔週】
交通システム工学科,前期,木,1,143,船橋校舎,基礎物理学実験 {年間隔週}↓連続２時限【年間隔週】
建築学科,前期,木,1,143,船橋校舎,基礎物理学実験 {年間隔週}↓連続２時限【年間隔週】
海洋建築工学科,前期,木,1,143,船橋校舎,基礎物理学実験 {年間隔週}↓連続２時限【年間隔週】
機械工学科,前期,木,1,143,船橋校舎,基礎物理学実験 {年間隔週}↓連続２時限【年間隔週】
精密機械工学科,前期,木,1,143,船橋校舎,基礎物理学実験 {年間隔週}↓連続２時限【年間隔週】
航空宇宙工学科,前期,木,1,143,船橋校舎,基礎物理学実験 {年間隔週}↓連続２時限【年間隔週】
電気工学科,前期,木,1,143,船橋校舎,基礎物理学実験 {年間隔週}↓連続２時限【年間隔週】
電子工学科,前期,木,1,143,船橋校舎,基礎物理学実験 {年間隔週}↓連続２時限【年間隔週】
物質応用化学科,前期,木,1,143,船橋校舎,基礎物理学実験 {年間隔週}↓連続２時限【年間隔週】
物理学科,前期,木,1,143,船橋校舎,基礎物理学実験 {年間隔週}↓連続２時限【年間隔週】
数学科,前期,木,1,143,船橋校舎,基礎物理学実験 {年間隔週}↓連続２時限【年間隔週】
まちづくり工学科,前期,木,1,143,船橋校舎,基礎物理学実験 {年間隔週}↓連続２時限【年間隔週】
応用情報工学科,前期,木,1,143,船橋校舎,基礎物理学実験 {年間隔週}↓連続２時限【年間隔週】
一般教育,前期,木,1,143,船橋校舎,基礎物理学実験 {年間隔週}↓連続２時限【年間隔週】
電子工学科,前期,木,1,1431,船橋校舎,制御工学
航空宇宙工学科,前期,木,1,1432,船橋校舎,材料力学Ⅰ及び演習 {未来}↓連続２時限
応用情報工学科,前期,木,1,1433,船橋校舎,組込システムⅡ
海洋建築工学科,前期,木,1,1434,船橋校舎,沿岸域工学及び演習↓連続２時限
土木工学科,前期,木,1,144,船橋校舎,基礎物理学実験 {年間隔週}↓連続２時限【年間隔週】
交通システム工学科,前期,木,1,144,船橋校舎,基礎物理学実験 {年間隔週}↓連続２時限【年間隔週】
交通システム工学科,前期,木,1,144,船橋校舎,基礎物理学実験 {年間隔週}↓連続２時限【年間隔週】
建築学科,前期,木,1,144,船橋校舎,基礎物理学実験 {年間隔週}↓連続２時限【年間隔週】
海洋建築工学科,前期,木,1,144,船橋校舎,基礎物理学実験 {年間隔週}↓連続２時限【年間隔週】
機械工学科,前期,木,1,144,船橋校舎,基礎物理学実験 {年間隔週}↓連続２時限【年間隔週】
精密機械工学科,前期,木,1,144,船橋校舎,基礎物理学実験 {年間隔週}↓連続２時限【年間隔週】
航空宇宙工学科,前期,木,1,144,船橋校舎,基礎物理学実験 {年間隔週}↓連続２時限【年間隔週】
電気工学科,前期,木,1,144,船橋校舎,基礎物理学実験 {年間隔週}↓連続２時限【年間隔週】
電子工学科,前期,木,1,144,船橋校舎,基礎物理学実験 {年間隔週}↓連続２時限【年間隔週】
物質応用化学科,前期,木,1,144,船橋校舎,基礎物理学実験 {年間隔週}↓連続２時限【年間隔週】
物理学科,前期,木,1,144,船橋校舎,基礎物理学実験 {年間隔週}↓連続２時限【年間隔週】
数学科,前期,木,1,144,船橋校舎,基礎物理学実験 {年間隔週}↓連続２時限【年間隔週】
まちづくり工学科,前期,木,1,144,船橋校舎,基礎物理学実験 {年間隔週}↓連続２時限【年間隔週】
応用情報工学科,前期,木,1,144,船橋校舎,基礎物理学実験 {年間隔週}↓連続２時限【年間隔週】
一般教育,前期,木,1,144,船橋校舎,基礎物理学実験 {年間隔週}↓連続２時限【年間隔週】
土木工学科,前期,木,1,1441,船橋校舎,力学の基礎Ⅰ及び演習 {ABC}↓連続２時限
土木工学科,前期,木,1,1442,船橋校舎,力学の基礎Ⅰ及び演習 {ABC}↓連続２時限
土木工学科,前期,木,1,1443,船橋校舎,力学の基礎Ⅰ及び演習 {ABC}↓連続２時限
土木工学専攻,前期,木,1,1454,船橋校舎,Academic Writing & Presenting 新カリ
交通システム工学専攻,前期,木,1,1454,船橋校舎,Academic Writing & Presenting 新カリ
建築学専攻,前期,木,1,1454,船橋校舎,Academic Writing & Presenting 新カリ
海洋建築工学専攻,前期,木,1,1454,船橋校舎,Academic Writing & Presenting 新カリ
機械工学専攻,前期,木,1,1454,船橋校舎,Academic Writing & Presenting 新カリ
精密機械工学専攻,前期,木,1,1454,船橋校舎,Academic Writing & Presenting 新カリ
航空宇宙工学専攻,前期,木,1,1454,船橋校舎,Academic Writing & Presenting 新カリ
電気工学専攻,前期,木,1,1454,船橋校舎,Academic Writing & Presenting 新カリ
電子工学専攻,前期,木,1,1454,船橋校舎,Academic Writing & Presenting 新カリ
物質応用化学専攻,前期,木,1,1454,船橋校舎,Academic Writing & Presenting 新カリ
物理学専攻,前期,木,1,1454,船橋校舎,Academic Writing & Presenting 新カリ
数学専攻,前期,木,1,1454,船橋校舎,Academic Writing & Presenting 新カリ
情報科学専攻,前期,木,1,1454,船橋校舎,Academic Writing & Presenting 新カリ
量子理工学専攻,前期,木,1,1454,船橋校舎,Academic Writing & Presenting 新カリ
まちづくり工学専攻,前期,木,1,1454,船橋校舎,Academic Writing & Presenting 新カリ
航空宇宙工学専攻,前期,木,1,1455,船橋校舎,応用数学Ⅰ
海洋建築工学科,前期,木,1,1458,船橋校舎,総合演習（計画デザイン演習）↓連続２時限
土木工学科,前期,木,1,341,船橋校舎,基礎化学実験 {年間隔週}↓連続２時限【年間隔週】
交通システム工学科,前期,木,1,341,船橋校舎,基礎化学実験 {年間隔週}↓連続２時限【年間隔週】
交通システム工学科,前期,木,1,341,船橋校舎,基礎化学実験 {年間隔週}↓連続２時限【年間隔週】
建築学科,前期,木,1,341,船橋校舎,基礎化学実験 {年間隔週}↓連続２時限【年間隔週】
海洋建築工学科,前期,木,1,341,船橋校舎,基礎化学実験 {年間隔週}↓連続２時限【年間隔週】
機械工学科,前期,木,1,341,船橋校舎,基礎化学実験 {年間隔週}↓連続２時限【年間隔週】
精密機械工学科,前期,木,1,341,船橋校舎,基礎化学実験 {年間隔週}↓連続２時限【年間隔週】
航空宇宙工学科,前期,木,1,341,船橋校舎,基礎化学実験 {年間隔週}↓連続２時限【年間隔週】
電気工学科,前期,木,1,341,船橋校舎,基礎化学実験 {年間隔週}↓連続２時限【年間隔週】
電子工学科,前期,木,1,341,船橋校舎,基礎化学実験 {年間隔週}↓連続２時限【年間隔週】
物質応用化学科,前期,木,1,341,船橋校舎,基礎化学実験 {年間隔週}↓連続２時限【年間隔週】
物理学科,前期,木,1,341,船橋校舎,基礎化学実験 {年間隔週}↓連続２時限【年間隔週】
数学科,前期,木,1,341,船橋校舎,基礎化学実験 {年間隔週}↓連続２時限【年間隔週】
まちづくり工学科,前期,木,1,341,船橋校舎,基礎化学実験 {年間隔週}↓連続２時限【年間隔週】
応用情報工学科,前期,木,1,341,船橋校舎,基礎化学実験 {年間隔週}↓連続２時限【年間隔週】
一般教育,前期,木,1,341,船橋校舎,基礎化学実験 {年間隔週}↓連続２時限【年間隔週】
土木工学科,前期,木,1,342,船橋校舎,基礎化学実験 {年間隔週}↓連続２時限【年間隔週】
交通システム工学科,前期,木,1,342,船橋校舎,基礎化学実験 {年間隔週}↓連続２時限【年間隔週】
交通システム工学科,前期,木,1,342,船橋校舎,基礎化学実験 {年間隔週}↓連続２時限【年間隔週】
建築学科,前期,木,1,342,船橋校舎,基礎化学実験 {年間隔週}↓連続２時限【年間隔週】
海洋建築工学科,前期,木,1,342,船橋校舎,基礎化学実験 {年間隔週}↓連続２時限【年間隔週】
機械工学科,前期,木,1,342,船橋校舎,基礎化学実験 {年間隔週}↓連続２時限【年間隔週】
精密機械工学科,前期,木,1,342,船橋校舎,基礎化学実験 {年間隔週}↓連続２時限【年間隔週】
航空宇宙工学科,前期,木,1,342,船橋校舎,基礎化学実験 {年間隔週}↓連続２時限【年間隔週】
電気工学科,前期,木,1,342,船橋校舎,基礎化学実験 {年間隔週}↓連続２時限【年間隔週】
電子工学科,前期,木,1,342,船橋校舎,基礎化学実験 {年間隔週}↓連続２時限【年間隔週】
物質応用化学科,前期,木,1,342,船橋校舎,基礎化学実験 {年間隔週}↓連続２時限【年間隔週】
物理学科,前期,木,1,342,船橋校舎,基礎化学実験 {年間隔週}↓連続２時限【年間隔週】
数学科,前期,木,1,342,船橋校舎,基礎化学実験 {年間隔週}↓連続２時限【年間隔週】
まちづくり工学科,前期,木,1,342,船橋校舎,基礎化学実験 {年間隔週}↓連続２時限【年間隔週】
応用情報工学科,前期,木,1,342,船橋校舎,基礎化学実験 {年間隔週}↓連続２時限【年間隔週】
一般教育,前期,木,1,342,船橋校舎,基礎化学実験 {年間隔週}↓連続２時限【年間隔週】
電子工学科,前期,木,1,442,船橋校舎,超高周波工学
機械工学科,前期,木,1,641,船橋校舎,機械設計製図ⅠA {A}{未来}↓連続２時限
機械工学科,前期,木,1,642,船橋校舎,機械設計製図ⅠA {A}{未来}↓連続２時限
機械工学科,前期,木,1,644,船橋校舎,機械設計製図ⅠA {A}{未来}↓連続２時限
土木工学科,前期,木,1,819,船橋校舎,基礎化学実験 {年間隔週}↓連続２時限【年間隔週】
交通システム工学科,前期,木,1,819,船橋校舎,基礎化学実験 {年間隔週}↓連続２時限【年間隔週】
交通システム工学科,前期,木,1,819,船橋校舎,基礎化学実験 {年間隔週}↓連続２時限【年間隔週】
建築学科,前期,木,1,819,船橋校舎,基礎化学実験 {年間隔週}↓連続２時限【年間隔週】
海洋建築工学科,前期,木,1,819,船橋校舎,基礎化学実験 {年間隔週}↓連続２時限【年間隔週】
機械工学科,前期,木,1,819,船橋校舎,基礎化学実験 {年間隔週}↓連続２時限【年間隔週】
精密機械工学科,前期,木,1,819,船橋校舎,基礎化学実験 {年間隔週}↓連続２時限【年間隔週】
航空宇宙工学科,前期,木,1,819,船橋校舎,基礎化学実験 {年間隔週}↓連続２時限【年間隔週】
電気工学科,前期,木,1,819,船橋校舎,基礎化学実験 {年間隔週}↓連続２時限【年間隔週】
電子工学科,前期,木,1,819,船橋校舎,基礎化学実験 {年間隔週}↓連続２時限【年間隔週】
物質応用化学科,前期,木,1,819,船橋校舎,基礎化学実験 {年間隔週}↓連続２時限【年間隔週】
物理学科,前期,木,1,819,船橋校舎,基礎化学実験 {年間隔週}↓連続２時限【年間隔週】
数学科,前期,木,1,819,船橋校舎,基礎化学実験 {年間隔週}↓連続２時限【年間隔週】
まちづくり工学科,前期,木,1,819,船橋校舎,基礎化学実験 {年間隔週}↓連続２時限【年間隔週】
応用情報工学科,前期,木,1,819,船橋校舎,基礎化学実験 {年間隔週}↓連続２時限【年間隔週】
一般教育,前期,木,1,819,船橋校舎,基礎化学実験 {年間隔週}↓連続２時限【年間隔週】
土木工学科,前期,木,1,826,船橋校舎,基礎化学実験 {年間隔週}↓連続２時限【年間隔週】
交通システム工学科,前期,木,1,826,船橋校舎,基礎化学実験 {年間隔週}↓連続２時限【年間隔週】
交通システム工学科,前期,木,1,826,船橋校舎,基礎化学実験 {年間隔週}↓連続２時限【年間隔週】
建築学科,前期,木,1,826,船橋校舎,基礎化学実験 {年間隔週}↓連続２時限【年間隔週】
海洋建築工学科,前期,木,1,826,船橋校舎,基礎化学実験 {年間隔週}↓連続２時限【年間隔週】
機械工学科,前期,木,1,826,船橋校舎,基礎化学実験 {年間隔週}↓連続２時限【年間隔週】
精密機械工学科,前期,木,1,826,船橋校舎,基礎化学実験 {年間隔週}↓連続２時限【年間隔週】
航空宇宙工学科,前期,木,1,826,船橋校舎,基礎化学実験 {年間隔週}↓連続２時限【年間隔週】
電気工学科,前期,木,1,826,船橋校舎,基礎化学実験 {年間隔週}↓連続２時限【年間隔週】
電子工学科,前期,木,1,826,船橋校舎,基礎化学実験 {年間隔週}↓連続２時限【年間隔週】
物質応用化学科,前期,木,1,826,船橋校舎,基礎化学実験 {年間隔週}↓連続２時限【年間隔週】
物理学科,前期,木,1,826,船橋校舎,基礎化学実験 {年間隔週}↓連続２時限【年間隔週】
数学科,前期,木,1,826,船橋校舎,基礎化学実験 {年間隔週}↓連続２時限【年間隔週】
まちづくり工学科,前期,木,1,826,船橋校舎,基礎化学実験 {年間隔週}↓連続２時限【年間隔週】
応用情報工学科,前期,木,1,826,船橋校舎,基礎化学実験 {年間隔週}↓連続２時限【年間隔週】
一般教育,前期,木,1,826,船橋校舎,基礎化学実験 {年間隔週}↓連続２時限【年間隔週】
土木工学科,前期,木,1,829,船橋校舎,基礎化学実験 {年間隔週}↓連続２時限【年間隔週】
交通システム工学科,前期,木,1,829,船橋校舎,基礎化学実験 {年間隔週}↓連続２時限【年間隔週】
交通システム工学科,前期,木,1,829,船橋校舎,基礎化学実験 {年間隔週}↓連続２時限【年間隔週】
建築学科,前期,木,1,829,船橋校舎,基礎化学実験 {年間隔週}↓連続２時限【年間隔週】
海洋建築工学科,前期,木,1,829,船橋校舎,基礎化学実験 {年間隔週}↓連続２時限【年間隔週】
機械工学科,前期,木,1,829,船橋校舎,基礎化学実験 {年間隔週}↓連続２時限【年間隔週】
精密機械工学科,前期,木,1,829,船橋校舎,基礎化学実験 {年間隔週}↓連続２時限【年間隔週】
航空宇宙工学科,前期,木,1,829,船橋校舎,基礎化学実験 {年間隔週}↓連続２時限【年間隔週】
電気工学科,前期,木,1,829,船橋校舎,基礎化学実験 {年間隔週}↓連続２時限【年間隔週】
電子工学科,前期,木,1,829,船橋校舎,基礎化学実験 {年間隔週}↓連続２時限【年間隔週】
物質応用化学科,前期,木,1,829,船橋校舎,基礎化学実験 {年間隔週}↓連続２時限【年間隔週】
物理学科,前期,木,1,829,船橋校舎,基礎化学実験 {年間隔週}↓連続２時限【年間隔週】
数学科,前期,木,1,829,船橋校舎,基礎化学実験 {年間隔週}↓連続２時限【年間隔週】
まちづくり工学科,前期,木,1,829,船橋校舎,基礎化学実験 {年間隔週}↓連続２時限【年間隔週】
応用情報工学科,前期,木,1,829,船橋校舎,基礎化学実験 {年間隔週}↓連続２時限【年間隔週】
一般教育,前期,木,1,829,船橋校舎,基礎化学実験 {年間隔週}↓連続２時限【年間隔週】
機械工学科,前期,木,1,テクノ・工作技術センター,船橋校舎,機械工作実習A {B}{未来}↓連続２時限
土木工学科,前期,木,1,144,駿河台校舎,水理学Ⅰ {2}
土木工学科,前期,木,1,151,駿河台校舎,地盤力学Ⅰ {1}
機械工学科,前期,木,1,152,駿河台校舎,自動車運動力学
物質応用化学専攻,前期,木,1,831,駿河台校舎,微生物生理学
物質応用化学科,前期,木,1,841,駿河台校舎,有機合成化学 {B}
物質応用化学科,前期,木,1,843,駿河台校舎,物理化学Ⅱ {A}
物質応用化学科,前期,木,1,852,駿河台校舎,生命科学Ⅱ {B}
まちづくり工学科,前期,木,2,S101,タワースコラ,まちづくりワークショップⅠ↓連続２時限
まちづくり工学専攻,前期,木,2,S1201,タワースコラ,歴史まちづくり特論
物理学科,前期,木,2,S202,タワースコラ,物理実験学
電気工学科,前期,木,2,S203,タワースコラ,通信工学
土木工学科,前期,木,2,S204,タワースコラ,都市計画
建築学科,前期,木,2,S301,タワースコラ,応用力学演習Ⅰ {1}
建築学科,前期,木,2,S302,タワースコラ,建築施工 {1}
機械工学専攻,前期,木,2,S303,タワースコラ,熱機関特論Ⅰ
土木工学専攻,前期,木,2,S305,タワースコラ,ジオシンセティックス材料
建築学科,前期,木,2,S401,タワースコラ,鋼構造 {2}
物理学専攻,前期,木,2,S406,タワースコラ,統計力学 ＊
航空宇宙工学専攻,前期,木,2,S407,タワースコラ,航空原動機 {ﾊｲ}
数学科,前期,木,2,S504,タワースコラ,数値解析学及び演習Ａ↓連続２時限
電気工学科,前期,木,2,S505,タワースコラ,電子デバイス
電気工学専攻,前期,木,2,S602,タワースコラ,光エレクトロニクス特論
土木工学専攻,前期,木,2,S603,タワースコラ,環境反応学特論
建築学科,前期,木,2,S702,タワースコラ,建築設計Ⅰ {2}↓連続３時限
建築学科,前期,木,2,S705）,タワースコラ,建築設計Ⅰ {2}↓連続３時限
まちづくり工学科,前期,木,2,まち製図室１～５,タワースコラ,まちづくりワークショップⅠ↓連続２時限
応用情報工学科,前期,木,2,1011,船橋校舎,情報数学
一般教育,前期,木,2,1012,船橋校舎,英語特殊講義B
海洋建築工学科,前期,木,2,1021,船橋校舎,力と運動の物理学Ⅰ {1}
海洋建築工学科,前期,木,2,1022,船橋校舎,力と運動の物理学Ⅰ {2}
数学科,前期,木,2,1023,船橋校舎,微分積分学Ａ {1}↓連続２時限
数学科,前期,木,2,1031,船橋校舎,代数学幾何学Ａ {2}↓連続２時限
電気工学科,前期,木,2,1032,船橋校舎,電気工学のための数学 {B}
電気工学科,前期,木,2,1033,船橋校舎,電気工学のための数学 {A}
航空宇宙工学科,前期,木,2,1041,船橋校舎,数学演習Ⅰ {1}
応用情報工学科,前期,木,2,1042,船橋校舎,物理学Ⅰ {1}
応用情報工学科,前期,木,2,1043,船橋校舎,物理学Ⅰ {2}
土木工学科,前期,木,2,105,船橋校舎,基礎物理学実験 {年間隔週}↓連続２時限【年間隔週】
交通システム工学科,前期,木,2,105,船橋校舎,基礎物理学実験 {年間隔週}↓連続２時限【年間隔週】
交通システム工学科,前期,木,2,105,船橋校舎,基礎物理学実験 {年間隔週}↓連続２時限【年間隔週】
建築学科,前期,木,2,105,船橋校舎,基礎物理学実験 {年間隔週}↓連続２時限【年間隔週】
海洋建築工学科,前期,木,2,105,船橋校舎,基礎物理学実験 {年間隔週}↓連続２時限【年間隔週】
機械工学科,前期,木,2,105,船橋校舎,基礎物理学実験 {年間隔週}↓連続２時限【年間隔週】
精密機械工学科,前期,木,2,105,船橋校舎,基礎物理学実験 {年間隔週}↓連続２時限【年間隔週】
航空宇宙工学科,前期,木,2,105,船橋校舎,基礎物理学実験 {年間隔週}↓連続２時限【年間隔週】
電気工学科,前期,木,2,105,船橋校舎,基礎物理学実験 {年間隔週}↓連続２時限【年間隔週】
電子工学科,前期,木,2,105,船橋校舎,基礎物理学実験 {年間隔週}↓連続２時限【年間隔週】
物質応用化学科,前期,木,2,105,船橋校舎,基礎物理学実験 {年間隔週}↓連続２時限【年間隔週】
物理学科,前期,木,2,105,船橋校舎,基礎物理学実験 {年間隔週}↓連続２時限【年間隔週】
数学科,前期,木,2,105,船橋校舎,基礎物理学実験 {年間隔週}↓連続２時限【年間隔週】
まちづくり工学科,前期,木,2,105,船橋校舎,基礎物理学実験 {年間隔週}↓連続２時限【年間隔週】
応用情報工学科,前期,木,2,105,船橋校舎,基礎物理学実験 {年間隔週}↓連続２時限【年間隔週】
一般教育,前期,木,2,105,船橋校舎,基礎物理学実験 {年間隔週}↓連続２時限【年間隔週】
精密機械工学科,前期,木,2,1113,船橋校舎,数学演習Ⅰ {2}
土木工学科,前期,木,2,113,船橋校舎,基礎物理学実験 {年間隔週}↓連続２時限【年間隔週】
交通システム工学科,前期,木,2,113,船橋校舎,基礎物理学実験 {年間隔週}↓連続２時限【年間隔週】
交通システム工学科,前期,木,2,113,船橋校舎,基礎物理学実験 {年間隔週}↓連続２時限【年間隔週】
建築学科,前期,木,2,113,船橋校舎,基礎物理学実験 {年間隔週}↓連続２時限【年間隔週】
海洋建築工学科,前期,木,2,113,船橋校舎,基礎物理学実験 {年間隔週}↓連続２時限【年間隔週】
機械工学科,前期,木,2,113,船橋校舎,基礎物理学実験 {年間隔週}↓連続２時限【年間隔週】
精密機械工学科,前期,木,2,113,船橋校舎,基礎物理学実験 {年間隔週}↓連続２時限【年間隔週】
航空宇宙工学科,前期,木,2,113,船橋校舎,基礎物理学実験 {年間隔週}↓連続２時限【年間隔週】
電気工学科,前期,木,2,113,船橋校舎,基礎物理学実験 {年間隔週}↓連続２時限【年間隔週】
電子工学科,前期,木,2,113,船橋校舎,基礎物理学実験 {年間隔週}↓連続２時限【年間隔週】
物質応用化学科,前期,木,2,113,船橋校舎,基礎物理学実験 {年間隔週}↓連続２時限【年間隔週】
物理学科,前期,木,2,113,船橋校舎,基礎物理学実験 {年間隔週}↓連続２時限【年間隔週】
数学科,前期,木,2,113,船橋校舎,基礎物理学実験 {年間隔週}↓連続２時限【年間隔週】
まちづくり工学科,前期,木,2,113,船橋校舎,基礎物理学実験 {年間隔週}↓連続２時限【年間隔週】
応用情報工学科,前期,木,2,113,船橋校舎,基礎物理学実験 {年間隔週}↓連続２時限【年間隔週】
一般教育,前期,木,2,113,船橋校舎,基礎物理学実験 {年間隔週}↓連続２時限【年間隔週】
一般教育,前期,木,2,1131,船橋校舎,英語特殊講義A
一般教育,前期,木,2,1133,船橋校舎,英語特殊講義B
一般教育,前期,木,2,1141,船橋校舎,英語特殊講義A
一般教育,前期,木,2,1142,船橋校舎,英語特殊講義A
一般教育,前期,木,2,1143,船橋校舎,英語特殊講義B
航空宇宙工学科,前期,木,2,1231,船橋校舎,数学演習Ⅰ {2}
一般教育,前期,木,2,1232,船橋校舎,English Communication Ⅰ
精密機械工学科,前期,木,2,1233,船橋校舎,数学演習Ⅰ {1}
交通システム工学科,前期,木,2,1325,船橋校舎,製図・デザイン基礎Ⅰ↓連続２時限
交通システム工学科,前期,木,2,1325,船橋校舎,製図・デザイン基礎Ⅰ↓連続２時限
精密機械工学科,前期,木,2,1326,船橋校舎,機械計測
土木工学科,前期,木,2,134,船橋校舎,基礎物理学実験 {年間隔週}↓連続２時限【年間隔週】
交通システム工学科,前期,木,2,134,船橋校舎,基礎物理学実験 {年間隔週}↓連続２時限【年間隔週】
交通システム工学科,前期,木,2,134,船橋校舎,基礎物理学実験 {年間隔週}↓連続２時限【年間隔週】
建築学科,前期,木,2,134,船橋校舎,基礎物理学実験 {年間隔週}↓連続２時限【年間隔週】
海洋建築工学科,前期,木,2,134,船橋校舎,基礎物理学実験 {年間隔週}↓連続２時限【年間隔週】
機械工学科,前期,木,2,134,船橋校舎,基礎物理学実験 {年間隔週}↓連続２時限【年間隔週】
精密機械工学科,前期,木,2,134,船橋校舎,基礎物理学実験 {年間隔週}↓連続２時限【年間隔週】
航空宇宙工学科,前期,木,2,134,船橋校舎,基礎物理学実験 {年間隔週}↓連続２時限【年間隔週】
電気工学科,前期,木,2,134,船橋校舎,基礎物理学実験 {年間隔週}↓連続２時限【年間隔週】
電子工学科,前期,木,2,134,船橋校舎,基礎物理学実験 {年間隔週}↓連続２時限【年間隔週】
物質応用化学科,前期,木,2,134,船橋校舎,基礎物理学実験 {年間隔週}↓連続２時限【年間隔週】
物理学科,前期,木,2,134,船橋校舎,基礎物理学実験 {年間隔週}↓連続２時限【年間隔週】
数学科,前期,木,2,134,船橋校舎,基礎物理学実験 {年間隔週}↓連続２時限【年間隔週】
まちづくり工学科,前期,木,2,134,船橋校舎,基礎物理学実験 {年間隔週}↓連続２時限【年間隔週】
応用情報工学科,前期,木,2,134,船橋校舎,基礎物理学実験 {年間隔週}↓連続２時限【年間隔週】
一般教育,前期,木,2,134,船橋校舎,基礎物理学実験 {年間隔週}↓連続２時限【年間隔週】
海洋建築工学科,前期,木,2,1421,船橋校舎,総合演習（計画デザイン演習）↓連続２時限
まちづくり工学科,前期,木,2,1422,船橋校舎,微分積分学Ⅰ {1}
まちづくり工学科,前期,木,2,1423,船橋校舎,微分積分学Ⅰ {2}
交通システム工学科,前期,木,2,1424,船橋校舎,プログラミング↓連続２時限
交通システム工学科,前期,木,2,1424,船橋校舎,プログラミング↓連続２時限
土木工学科,前期,木,2,143,船橋校舎,基礎物理学実験 {年間隔週}↓連続２時限【年間隔週】
交通システム工学科,前期,木,2,143,船橋校舎,基礎物理学実験 {年間隔週}↓連続２時限【年間隔週】
交通システム工学科,前期,木,2,143,船橋校舎,基礎物理学実験 {年間隔週}↓連続２時限【年間隔週】
建築学科,前期,木,2,143,船橋校舎,基礎物理学実験 {年間隔週}↓連続２時限【年間隔週】
海洋建築工学科,前期,木,2,143,船橋校舎,基礎物理学実験 {年間隔週}↓連続２時限【年間隔週】
機械工学科,前期,木,2,143,船橋校舎,基礎物理学実験 {年間隔週}↓連続２時限【年間隔週】
精密機械工学科,前期,木,2,143,船橋校舎,基礎物理学実験 {年間隔週}↓連続２時限【年間隔週】
航空宇宙工学科,前期,木,2,143,船橋校舎,基礎物理学実験 {年間隔週}↓連続２時限【年間隔週】
電気工学科,前期,木,2,143,船橋校舎,基礎物理学実験 {年間隔週}↓連続２時限【年間隔週】
電子工学科,前期,木,2,143,船橋校舎,基礎物理学実験 {年間隔週}↓連続２時限【年間隔週】
物質応用化学科,前期,木,2,143,船橋校舎,基礎物理学実験 {年間隔週}↓連続２時限【年間隔週】
物理学科,前期,木,2,143,船橋校舎,基礎物理学実験 {年間隔週}↓連続２時限【年間隔週】
数学科,前期,木,2,143,船橋校舎,基礎物理学実験 {年間隔週}↓連続２時限【年間隔週】
まちづくり工学科,前期,木,2,143,船橋校舎,基礎物理学実験 {年間隔週}↓連続２時限【年間隔週】
応用情報工学科,前期,木,2,143,船橋校舎,基礎物理学実験 {年間隔週}↓連続２時限【年間隔週】
一般教育,前期,木,2,143,船橋校舎,基礎物理学実験 {年間隔週}↓連続２時限【年間隔週】
航空宇宙工学科,前期,木,2,1432,船橋校舎,材料力学Ⅰ及び演習 {未来}↓連続２時限
応用情報工学科,前期,木,2,1433,船橋校舎,情報通信システム
海洋建築工学科,前期,木,2,1434,船橋校舎,沿岸域工学及び演習↓連続２時限
土木工学科,前期,木,2,144,船橋校舎,基礎物理学実験 {年間隔週}↓連続２時限【年間隔週】
交通システム工学科,前期,木,2,144,船橋校舎,基礎物理学実験 {年間隔週}↓連続２時限【年間隔週】
交通システム工学科,前期,木,2,144,船橋校舎,基礎物理学実験 {年間隔週}↓連続２時限【年間隔週】
建築学科,前期,木,2,144,船橋校舎,基礎物理学実験 {年間隔週}↓連続２時限【年間隔週】
海洋建築工学科,前期,木,2,144,船橋校舎,基礎物理学実験 {年間隔週}↓連続２時限【年間隔週】
機械工学科,前期,木,2,144,船橋校舎,基礎物理学実験 {年間隔週}↓連続２時限【年間隔週】
精密機械工学科,前期,木,2,144,船橋校舎,基礎物理学実験 {年間隔週}↓連続２時限【年間隔週】
航空宇宙工学科,前期,木,2,144,船橋校舎,基礎物理学実験 {年間隔週}↓連続２時限【年間隔週】
電気工学科,前期,木,2,144,船橋校舎,基礎物理学実験 {年間隔週}↓連続２時限【年間隔週】
電子工学科,前期,木,2,144,船橋校舎,基礎物理学実験 {年間隔週}↓連続２時限【年間隔週】
物質応用化学科,前期,木,2,144,船橋校舎,基礎物理学実験 {年間隔週}↓連続２時限【年間隔週】
物理学科,前期,木,2,144,船橋校舎,基礎物理学実験 {年間隔週}↓連続２時限【年間隔週】
数学科,前期,木,2,144,船橋校舎,基礎物理学実験 {年間隔週}↓連続２時限【年間隔週】
まちづくり工学科,前期,木,2,144,船橋校舎,基礎物理学実験 {年間隔週}↓連続２時限【年間隔週】
応用情報工学科,前期,木,2,144,船橋校舎,基礎物理学実験 {年間隔週}↓連続２時限【年間隔週】
一般教育,前期,木,2,144,船橋校舎,基礎物理学実験 {年間隔週}↓連続２時限【年間隔週】
土木工学科,前期,木,2,1441,船橋校舎,力学の基礎Ⅰ及び演習 {ABC}↓連続２時限
土木工学科,前期,木,2,1442,船橋校舎,力学の基礎Ⅰ及び演習 {ABC}↓連続２時限
土木工学科,前期,木,2,1443,船橋校舎,力学の基礎Ⅰ及び演習 {ABC}↓連続２時限
電子工学科,前期,木,2,1444,船橋校舎,電子回路Ⅰ {未来}
航空宇宙工学科,前期,木,2,1452,船橋校舎,宇宙機設計
精密機械工学専攻,前期,木,2,1453,船橋校舎,微小電気機械システム特論Ⅰ ＊ {ｶﾘ変}
電子工学専攻,前期,木,2,1454,船橋校舎,半導体集積回路Ⅰ
海洋建築工学専攻,前期,木,2,1455,船橋校舎,浮体工学特論 ＊
電子工学科,前期,木,2,1456,船橋校舎,電子回路Ⅱ {再}{未来}
交通システム工学専攻,前期,木,2,1457,船橋校舎,エンジニアリングセンシング技術特論
海洋建築工学科,前期,木,2,1458,船橋校舎,総合演習（計画デザイン演習）↓連続２時限
情報科学専攻,前期,木,2,241,船橋校舎,シミュレーション特論
土木工学科,前期,木,2,341,船橋校舎,基礎化学実験 {年間隔週}↓連続２時限【年間隔週】
交通システム工学科,前期,木,2,341,船橋校舎,基礎化学実験 {年間隔週}↓連続２時限【年間隔週】
交通システム工学科,前期,木,2,341,船橋校舎,基礎化学実験 {年間隔週}↓連続２時限【年間隔週】
建築学科,前期,木,2,341,船橋校舎,基礎化学実験 {年間隔週}↓連続２時限【年間隔週】
海洋建築工学科,前期,木,2,341,船橋校舎,基礎化学実験 {年間隔週}↓連続２時限【年間隔週】
機械工学科,前期,木,2,341,船橋校舎,基礎化学実験 {年間隔週}↓連続２時限【年間隔週】
精密機械工学科,前期,木,2,341,船橋校舎,基礎化学実験 {年間隔週}↓連続２時限【年間隔週】
航空宇宙工学科,前期,木,2,341,船橋校舎,基礎化学実験 {年間隔週}↓連続２時限【年間隔週】
電気工学科,前期,木,2,341,船橋校舎,基礎化学実験 {年間隔週}↓連続２時限【年間隔週】
電子工学科,前期,木,2,341,船橋校舎,基礎化学実験 {年間隔週}↓連続２時限【年間隔週】
物質応用化学科,前期,木,2,341,船橋校舎,基礎化学実験 {年間隔週}↓連続２時限【年間隔週】
物理学科,前期,木,2,341,船橋校舎,基礎化学実験 {年間隔週}↓連続２時限【年間隔週】
数学科,前期,木,2,341,船橋校舎,基礎化学実験 {年間隔週}↓連続２時限【年間隔週】
まちづくり工学科,前期,木,2,341,船橋校舎,基礎化学実験 {年間隔週}↓連続２時限【年間隔週】
応用情報工学科,前期,木,2,341,船橋校舎,基礎化学実験 {年間隔週}↓連続２時限【年間隔週】
一般教育,前期,木,2,341,船橋校舎,基礎化学実験 {年間隔週}↓連続２時限【年間隔週】
土木工学科,前期,木,2,342,船橋校舎,基礎化学実験 {年間隔週}↓連続２時限【年間隔週】
交通システム工学科,前期,木,2,342,船橋校舎,基礎化学実験 {年間隔週}↓連続２時限【年間隔週】
交通システム工学科,前期,木,2,342,船橋校舎,基礎化学実験 {年間隔週}↓連続２時限【年間隔週】
建築学科,前期,木,2,342,船橋校舎,基礎化学実験 {年間隔週}↓連続２時限【年間隔週】
海洋建築工学科,前期,木,2,342,船橋校舎,基礎化学実験 {年間隔週}↓連続２時限【年間隔週】
機械工学科,前期,木,2,342,船橋校舎,基礎化学実験 {年間隔週}↓連続２時限【年間隔週】
精密機械工学科,前期,木,2,342,船橋校舎,基礎化学実験 {年間隔週}↓連続２時限【年間隔週】
航空宇宙工学科,前期,木,2,342,船橋校舎,基礎化学実験 {年間隔週}↓連続２時限【年間隔週】
電気工学科,前期,木,2,342,船橋校舎,基礎化学実験 {年間隔週}↓連続２時限【年間隔週】
電子工学科,前期,木,2,342,船橋校舎,基礎化学実験 {年間隔週}↓連続２時限【年間隔週】
物質応用化学科,前期,木,2,342,船橋校舎,基礎化学実験 {年間隔週}↓連続２時限【年間隔週】
物理学科,前期,木,2,342,船橋校舎,基礎化学実験 {年間隔週}↓連続２時限【年間隔週】
数学科,前期,木,2,342,船橋校舎,基礎化学実験 {年間隔週}↓連続２時限【年間隔週】
まちづくり工学科,前期,木,2,342,船橋校舎,基礎化学実験 {年間隔週}↓連続２時限【年間隔週】
応用情報工学科,前期,木,2,342,船橋校舎,基礎化学実験 {年間隔週}↓連続２時限【年間隔週】
一般教育,前期,木,2,342,船橋校舎,基礎化学実験 {年間隔週}↓連続２時限【年間隔週】
電子工学科,前期,木,2,403,船橋校舎,プログラミング応用
電子工学科,前期,木,2,442,船橋校舎,無線通信システム
電子工学科,前期,木,2,624,船橋校舎,力と運動の物理学Ⅰ演習
電子工学科,前期,木,2,625,船橋校舎,力と運動の物理学Ⅰ演習
電子工学科,前期,木,2,634,船橋校舎,力と運動の物理学Ⅰ演習
電子工学科,前期,木,2,635,船橋校舎,力と運動の物理学Ⅰ演習
機械工学科,前期,木,2,641,船橋校舎,機械設計製図ⅠA {A}{未来}↓連続２時限
機械工学科,前期,木,2,642,船橋校舎,機械設計製図ⅠA {A}{未来}↓連続２時限
機械工学科,前期,木,2,644,船橋校舎,機械設計製図ⅠA {A}{未来}↓連続２時限
土木工学科,前期,木,2,819,船橋校舎,基礎化学実験 {年間隔週}↓連続２時限【年間隔週】
交通システム工学科,前期,木,2,819,船橋校舎,基礎化学実験 {年間隔週}↓連続２時限【年間隔週】
交通システム工学科,前期,木,2,819,船橋校舎,基礎化学実験 {年間隔週}↓連続２時限【年間隔週】
建築学科,前期,木,2,819,船橋校舎,基礎化学実験 {年間隔週}↓連続２時限【年間隔週】
海洋建築工学科,前期,木,2,819,船橋校舎,基礎化学実験 {年間隔週}↓連続２時限【年間隔週】
機械工学科,前期,木,2,819,船橋校舎,基礎化学実験 {年間隔週}↓連続２時限【年間隔週】
精密機械工学科,前期,木,2,819,船橋校舎,基礎化学実験 {年間隔週}↓連続２時限【年間隔週】
航空宇宙工学科,前期,木,2,819,船橋校舎,基礎化学実験 {年間隔週}↓連続２時限【年間隔週】
電気工学科,前期,木,2,819,船橋校舎,基礎化学実験 {年間隔週}↓連続２時限【年間隔週】
電子工学科,前期,木,2,819,船橋校舎,基礎化学実験 {年間隔週}↓連続２時限【年間隔週】
物質応用化学科,前期,木,2,819,船橋校舎,基礎化学実験 {年間隔週}↓連続２時限【年間隔週】
物理学科,前期,木,2,819,船橋校舎,基礎化学実験 {年間隔週}↓連続２時限【年間隔週】
数学科,前期,木,2,819,船橋校舎,基礎化学実験 {年間隔週}↓連続２時限【年間隔週】
まちづくり工学科,前期,木,2,819,船橋校舎,基礎化学実験 {年間隔週}↓連続２時限【年間隔週】
応用情報工学科,前期,木,2,819,船橋校舎,基礎化学実験 {年間隔週}↓連続２時限【年間隔週】
一般教育,前期,木,2,819,船橋校舎,基礎化学実験 {年間隔週}↓連続２時限【年間隔週】
土木工学科,前期,木,2,826,船橋校舎,基礎化学実験 {年間隔週}↓連続２時限【年間隔週】
交通システム工学科,前期,木,2,826,船橋校舎,基礎化学実験 {年間隔週}↓連続２時限【年間隔週】
交通システム工学科,前期,木,2,826,船橋校舎,基礎化学実験 {年間隔週}↓連続２時限【年間隔週】
建築学科,前期,木,2,826,船橋校舎,基礎化学実験 {年間隔週}↓連続２時限【年間隔週】
海洋建築工学科,前期,木,2,826,船橋校舎,基礎化学実験 {年間隔週}↓連続２時限【年間隔週】
機械工学科,前期,木,2,826,船橋校舎,基礎化学実験 {年間隔週}↓連続２時限【年間隔週】
精密機械工学科,前期,木,2,826,船橋校舎,基礎化学実験 {年間隔週}↓連続２時限【年間隔週】
航空宇宙工学科,前期,木,2,826,船橋校舎,基礎化学実験 {年間隔週}↓連続２時限【年間隔週】
電気工学科,前期,木,2,826,船橋校舎,基礎化学実験 {年間隔週}↓連続２時限【年間隔週】
電子工学科,前期,木,2,826,船橋校舎,基礎化学実験 {年間隔週}↓連続２時限【年間隔週】
物質応用化学科,前期,木,2,826,船橋校舎,基礎化学実験 {年間隔週}↓連続２時限【年間隔週】
物理学科,前期,木,2,826,船橋校舎,基礎化学実験 {年間隔週}↓連続２時限【年間隔週】
数学科,前期,木,2,826,船橋校舎,基礎化学実験 {年間隔週}↓連続２時限【年間隔週】
まちづくり工学科,前期,木,2,826,船橋校舎,基礎化学実験 {年間隔週}↓連続２時限【年間隔週】
応用情報工学科,前期,木,2,826,船橋校舎,基礎化学実験 {年間隔週}↓連続２時限【年間隔週】
一般教育,前期,木,2,826,船橋校舎,基礎化学実験 {年間隔週}↓連続２時限【年間隔週】
土木工学科,前期,木,2,829,船橋校舎,基礎化学実験 {年間隔週}↓連続２時限【年間隔週】
交通システム工学科,前期,木,2,829,船橋校舎,基礎化学実験 {年間隔週}↓連続２時限【年間隔週】
交通システム工学科,前期,木,2,829,船橋校舎,基礎化学実験 {年間隔週}↓連続２時限【年間隔週】
建築学科,前期,木,2,829,船橋校舎,基礎化学実験 {年間隔週}↓連続２時限【年間隔週】
海洋建築工学科,前期,木,2,829,船橋校舎,基礎化学実験 {年間隔週}↓連続２時限【年間隔週】
機械工学科,前期,木,2,829,船橋校舎,基礎化学実験 {年間隔週}↓連続２時限【年間隔週】
精密機械工学科,前期,木,2,829,船橋校舎,基礎化学実験 {年間隔週}↓連続２時限【年間隔週】
航空宇宙工学科,前期,木,2,829,船橋校舎,基礎化学実験 {年間隔週}↓連続２時限【年間隔週】
電気工学科,前期,木,2,829,船橋校舎,基礎化学実験 {年間隔週}↓連続２時限【年間隔週】
電子工学科,前期,木,2,829,船橋校舎,基礎化学実験 {年間隔週}↓連続２時限【年間隔週】
物質応用化学科,前期,木,2,829,船橋校舎,基礎化学実験 {年間隔週}↓連続２時限【年間隔週】
物理学科,前期,木,2,829,船橋校舎,基礎化学実験 {年間隔週}↓連続２時限【年間隔週】
数学科,前期,木,2,829,船橋校舎,基礎化学実験 {年間隔週}↓連続２時限【年間隔週】
まちづくり工学科,前期,木,2,829,船橋校舎,基礎化学実験 {年間隔週}↓連続２時限【年間隔週】
応用情報工学科,前期,木,2,829,船橋校舎,基礎化学実験 {年間隔週}↓連続２時限【年間隔週】
一般教育,前期,木,2,829,船橋校舎,基礎化学実験 {年間隔週}↓連続２時限【年間隔週】
機械工学科,前期,木,2,テクノ・工作技術センター,船橋校舎,機械工作実習A {B}{未来}↓連続２時限
物理学科,前期,木,2,134,駿河台校舎,電子回路
機械工学科,前期,木,2,141,駿河台校舎,機械力学・材料力学演習Ａ
土木工学科,前期,木,2,144,駿河台校舎,地盤力学Ⅰ {2}
土木工学科,前期,木,2,151,駿河台校舎,水理学Ⅰ {1}
機械工学科,前期,木,2,152,駿河台校舎,機械力学・材料力学演習Ａ
機械工学科,前期,木,2,154,駿河台校舎,熱力学Ⅲ
物質応用化学専攻,前期,木,2,831,駿河台校舎,化学工学特論Ⅰ
物質応用化学科,前期,木,2,841,駿河台校舎,有機合成化学 {A}
物質応用化学科,前期,木,2,843,駿河台校舎,物理化学Ⅱ {B}
物質応用化学科,前期,木,2,852,駿河台校舎,生命科学Ⅱ {A}
建築学科,前期,木,2,スタジオ（S701,駿河台校舎,建築設計Ⅰ {2}↓連続３時限
まちづくり工学科,前期,木,3,S101,タワースコラ,まちづくりワークショップⅠ↓連続２時限
土木工学科,前期,木,3,S201,タワースコラ,上下水道工学演習 {2}
土木工学科,前期,木,3,S204,タワースコラ,河川環境工学 {1}
建築学科,前期,木,3,S301,タワースコラ,都市計画Ⅱ {1}
電気工学科,前期,木,3,S302,タワースコラ,電気材料
土木工学専攻,前期,木,3,S305,タワースコラ,コンクリート構造の設計検証と維持管理
土木工学専攻,前期,木,3,S306,タワースコラ,土質動力学特論
建築学科,前期,木,3,S401,タワースコラ,建築構法Ⅱ {2}
建築学専攻,前期,木,3,S402,タワースコラ,建築材料特論Ⅰ
数学科,前期,木,3,S403,タワースコラ,熱とエントロピーの物理学
建築学専攻,前期,木,3,S404,タワースコラ,建築計画特論Ⅲ
建築学科,前期,木,3,S501,タワースコラ,建築情報処理Ⅰ {1}
電気工学専攻,前期,木,3,S502,タワースコラ,回路とシステム特論
数学科,前期,木,3,S504,タワースコラ,確率統計Ａ
電気工学科,前期,木,3,S505,タワースコラ,電気機器Ⅱ
機械工学専攻,前期,木,3,S601,タワースコラ,流体工学特論Ⅲ
建築学科,前期,木,3,S702,タワースコラ,建築設計Ⅰ {2}↓連続３時限
建築学科,前期,木,3,S705）,タワースコラ,建築設計Ⅰ {2}↓連続３時限
まちづくり工学科,前期,木,3,まち製図室１～５,タワースコラ,まちづくりワークショップⅠ↓連続２時限
精密機械工学科,前期,木,3,1011,船橋校舎,半導体工学
応用情報工学科,前期,木,3,1012,船橋校舎,ソフトウェア工学
土木工学科,前期,木,3,1021,船橋校舎,英語ⅢA
交通システム工学科,前期,木,3,1021,船橋校舎,英語ⅢA
交通システム工学科,前期,木,3,1021,船橋校舎,英語ⅢA
建築学科,前期,木,3,1021,船橋校舎,英語ⅢA
海洋建築工学科,前期,木,3,1021,船橋校舎,英語ⅢA
機械工学科,前期,木,3,1021,船橋校舎,英語ⅢA
精密機械工学科,前期,木,3,1021,船橋校舎,英語ⅢA
航空宇宙工学科,前期,木,3,1021,船橋校舎,英語ⅢA
電気工学科,前期,木,3,1021,船橋校舎,英語ⅢA
電子工学科,前期,木,3,1021,船橋校舎,英語ⅢA
物質応用化学科,前期,木,3,1021,船橋校舎,英語ⅢA
物理学科,前期,木,3,1021,船橋校舎,英語ⅢA
数学科,前期,木,3,1021,船橋校舎,英語ⅢA
まちづくり工学科,前期,木,3,1021,船橋校舎,英語ⅢA
応用情報工学科,前期,木,3,1021,船橋校舎,英語ⅢA
一般教育,前期,木,3,1021,船橋校舎,英語ⅢA
土木工学科,前期,木,3,1022,船橋校舎,英語ⅡA
交通システム工学科,前期,木,3,1022,船橋校舎,英語ⅡA
交通システム工学科,前期,木,3,1022,船橋校舎,英語ⅡA
建築学科,前期,木,3,1022,船橋校舎,英語ⅡA
海洋建築工学科,前期,木,3,1022,船橋校舎,英語ⅡA
機械工学科,前期,木,3,1022,船橋校舎,英語ⅡA
精密機械工学科,前期,木,3,1022,船橋校舎,英語ⅡA
航空宇宙工学科,前期,木,3,1022,船橋校舎,英語ⅡA
電気工学科,前期,木,3,1022,船橋校舎,英語ⅡA
電子工学科,前期,木,3,1022,船橋校舎,英語ⅡA
物質応用化学科,前期,木,3,1022,船橋校舎,英語ⅡA
物理学科,前期,木,3,1022,船橋校舎,英語ⅡA
数学科,前期,木,3,1022,船橋校舎,英語ⅡA
まちづくり工学科,前期,木,3,1022,船橋校舎,英語ⅡA
応用情報工学科,前期,木,3,1022,船橋校舎,英語ⅡA
一般教育,前期,木,3,1022,船橋校舎,英語ⅡA
数学科,前期,木,3,1023,船橋校舎,代数学幾何学Ａ {1}↓連続２時限
数学科,前期,木,3,1031,船橋校舎,微分積分学Ａ {2}↓連続２時限
土木工学科,前期,木,3,1032,船橋校舎,英語ⅡA
交通システム工学科,前期,木,3,1032,船橋校舎,英語ⅡA
交通システム工学科,前期,木,3,1032,船橋校舎,英語ⅡA
建築学科,前期,木,3,1032,船橋校舎,英語ⅡA
海洋建築工学科,前期,木,3,1032,船橋校舎,英語ⅡA
機械工学科,前期,木,3,1032,船橋校舎,英語ⅡA
精密機械工学科,前期,木,3,1032,船橋校舎,英語ⅡA
航空宇宙工学科,前期,木,3,1032,船橋校舎,英語ⅡA
電気工学科,前期,木,3,1032,船橋校舎,英語ⅡA
電子工学科,前期,木,3,1032,船橋校舎,英語ⅡA
物質応用化学科,前期,木,3,1032,船橋校舎,英語ⅡA
物理学科,前期,木,3,1032,船橋校舎,英語ⅡA
数学科,前期,木,3,1032,船橋校舎,英語ⅡA
まちづくり工学科,前期,木,3,1032,船橋校舎,英語ⅡA
応用情報工学科,前期,木,3,1032,船橋校舎,英語ⅡA
一般教育,前期,木,3,1032,船橋校舎,英語ⅡA
土木工学科,前期,木,3,1033,船橋校舎,英語ⅡA
交通システム工学科,前期,木,3,1033,船橋校舎,英語ⅡA
交通システム工学科,前期,木,3,1033,船橋校舎,英語ⅡA
建築学科,前期,木,3,1033,船橋校舎,英語ⅡA
海洋建築工学科,前期,木,3,1033,船橋校舎,英語ⅡA
機械工学科,前期,木,3,1033,船橋校舎,英語ⅡA
精密機械工学科,前期,木,3,1033,船橋校舎,英語ⅡA
航空宇宙工学科,前期,木,3,1033,船橋校舎,英語ⅡA
電気工学科,前期,木,3,1033,船橋校舎,英語ⅡA
電子工学科,前期,木,3,1033,船橋校舎,英語ⅡA
物質応用化学科,前期,木,3,1033,船橋校舎,英語ⅡA
物理学科,前期,木,3,1033,船橋校舎,英語ⅡA
数学科,前期,木,3,1033,船橋校舎,英語ⅡA
まちづくり工学科,前期,木,3,1033,船橋校舎,英語ⅡA
応用情報工学科,前期,木,3,1033,船橋校舎,英語ⅡA
一般教育,前期,木,3,1033,船橋校舎,英語ⅡA
土木工学科,前期,木,3,1041,船橋校舎,英語ⅢA
交通システム工学科,前期,木,3,1041,船橋校舎,英語ⅢA
交通システム工学科,前期,木,3,1041,船橋校舎,英語ⅢA
建築学科,前期,木,3,1041,船橋校舎,英語ⅢA
海洋建築工学科,前期,木,3,1041,船橋校舎,英語ⅢA
機械工学科,前期,木,3,1041,船橋校舎,英語ⅢA
精密機械工学科,前期,木,3,1041,船橋校舎,英語ⅢA
航空宇宙工学科,前期,木,3,1041,船橋校舎,英語ⅢA
電気工学科,前期,木,3,1041,船橋校舎,英語ⅢA
電子工学科,前期,木,3,1041,船橋校舎,英語ⅢA
物質応用化学科,前期,木,3,1041,船橋校舎,英語ⅢA
物理学科,前期,木,3,1041,船橋校舎,英語ⅢA
数学科,前期,木,3,1041,船橋校舎,英語ⅢA
まちづくり工学科,前期,木,3,1041,船橋校舎,英語ⅢA
応用情報工学科,前期,木,3,1041,船橋校舎,英語ⅢA
一般教育,前期,木,3,1041,船橋校舎,英語ⅢA
土木工学科,前期,木,3,1042,船橋校舎,英語ⅡA
交通システム工学科,前期,木,3,1042,船橋校舎,英語ⅡA
交通システム工学科,前期,木,3,1042,船橋校舎,英語ⅡA
建築学科,前期,木,3,1042,船橋校舎,英語ⅡA
海洋建築工学科,前期,木,3,1042,船橋校舎,英語ⅡA
機械工学科,前期,木,3,1042,船橋校舎,英語ⅡA
精密機械工学科,前期,木,3,1042,船橋校舎,英語ⅡA
航空宇宙工学科,前期,木,3,1042,船橋校舎,英語ⅡA
電気工学科,前期,木,3,1042,船橋校舎,英語ⅡA
電子工学科,前期,木,3,1042,船橋校舎,英語ⅡA
物質応用化学科,前期,木,3,1042,船橋校舎,英語ⅡA
物理学科,前期,木,3,1042,船橋校舎,英語ⅡA
数学科,前期,木,3,1042,船橋校舎,英語ⅡA
まちづくり工学科,前期,木,3,1042,船橋校舎,英語ⅡA
応用情報工学科,前期,木,3,1042,船橋校舎,英語ⅡA
一般教育,前期,木,3,1042,船橋校舎,英語ⅡA
土木工学科,前期,木,3,1043,船橋校舎,英語ⅡA
交通システム工学科,前期,木,3,1043,船橋校舎,英語ⅡA
交通システム工学科,前期,木,3,1043,船橋校舎,英語ⅡA
建築学科,前期,木,3,1043,船橋校舎,英語ⅡA
海洋建築工学科,前期,木,3,1043,船橋校舎,英語ⅡA
機械工学科,前期,木,3,1043,船橋校舎,英語ⅡA
精密機械工学科,前期,木,3,1043,船橋校舎,英語ⅡA
航空宇宙工学科,前期,木,3,1043,船橋校舎,英語ⅡA
電気工学科,前期,木,3,1043,船橋校舎,英語ⅡA
電子工学科,前期,木,3,1043,船橋校舎,英語ⅡA
物質応用化学科,前期,木,3,1043,船橋校舎,英語ⅡA
物理学科,前期,木,3,1043,船橋校舎,英語ⅡA
数学科,前期,木,3,1043,船橋校舎,英語ⅡA
まちづくり工学科,前期,木,3,1043,船橋校舎,英語ⅡA
応用情報工学科,前期,木,3,1043,船橋校舎,英語ⅡA
一般教育,前期,木,3,1043,船橋校舎,英語ⅡA
電子工学科,前期,木,3,1102,船橋校舎,電子工学実験Ⅰ {2}{未来}↓連続２時限【年間】
電子工学科,前期,木,3,1103,船橋校舎,電子工学実験Ⅲ {未来}↓連続２時限【年間】
土木工学科,前期,木,3,1133,船橋校舎,英語ⅡA
交通システム工学科,前期,木,3,1133,船橋校舎,英語ⅡA
交通システム工学科,前期,木,3,1133,船橋校舎,英語ⅡA
建築学科,前期,木,3,1133,船橋校舎,英語ⅡA
海洋建築工学科,前期,木,3,1133,船橋校舎,英語ⅡA
機械工学科,前期,木,3,1133,船橋校舎,英語ⅡA
精密機械工学科,前期,木,3,1133,船橋校舎,英語ⅡA
航空宇宙工学科,前期,木,3,1133,船橋校舎,英語ⅡA
電気工学科,前期,木,3,1133,船橋校舎,英語ⅡA
電子工学科,前期,木,3,1133,船橋校舎,英語ⅡA
物質応用化学科,前期,木,3,1133,船橋校舎,英語ⅡA
物理学科,前期,木,3,1133,船橋校舎,英語ⅡA
数学科,前期,木,3,1133,船橋校舎,英語ⅡA
まちづくり工学科,前期,木,3,1133,船橋校舎,英語ⅡA
応用情報工学科,前期,木,3,1133,船橋校舎,英語ⅡA
一般教育,前期,木,3,1133,船橋校舎,英語ⅡA
土木工学科,前期,木,3,1141,船橋校舎,英語ⅡA
交通システム工学科,前期,木,3,1141,船橋校舎,英語ⅡA
交通システム工学科,前期,木,3,1141,船橋校舎,英語ⅡA
建築学科,前期,木,3,1141,船橋校舎,英語ⅡA
海洋建築工学科,前期,木,3,1141,船橋校舎,英語ⅡA
機械工学科,前期,木,3,1141,船橋校舎,英語ⅡA
精密機械工学科,前期,木,3,1141,船橋校舎,英語ⅡA
航空宇宙工学科,前期,木,3,1141,船橋校舎,英語ⅡA
電気工学科,前期,木,3,1141,船橋校舎,英語ⅡA
電子工学科,前期,木,3,1141,船橋校舎,英語ⅡA
物質応用化学科,前期,木,3,1141,船橋校舎,英語ⅡA
物理学科,前期,木,3,1141,船橋校舎,英語ⅡA
数学科,前期,木,3,1141,船橋校舎,英語ⅡA
まちづくり工学科,前期,木,3,1141,船橋校舎,英語ⅡA
応用情報工学科,前期,木,3,1141,船橋校舎,英語ⅡA
一般教育,前期,木,3,1141,船橋校舎,英語ⅡA
土木工学科,前期,木,3,1142,船橋校舎,English Communication Ⅰ
交通システム工学科,前期,木,3,1142,船橋校舎,English Communication Ⅰ
交通システム工学科,前期,木,3,1142,船橋校舎,English Communication Ⅰ
建築学科,前期,木,3,1142,船橋校舎,English Communication Ⅰ
海洋建築工学科,前期,木,3,1142,船橋校舎,English Communication Ⅰ
機械工学科,前期,木,3,1142,船橋校舎,English Communication Ⅰ
精密機械工学科,前期,木,3,1142,船橋校舎,English Communication Ⅰ
航空宇宙工学科,前期,木,3,1142,船橋校舎,English Communication Ⅰ
電気工学科,前期,木,3,1142,船橋校舎,English Communication Ⅰ
電子工学科,前期,木,3,1142,船橋校舎,English Communication Ⅰ
物質応用化学科,前期,木,3,1142,船橋校舎,English Communication Ⅰ
物理学科,前期,木,3,1142,船橋校舎,English Communication Ⅰ
数学科,前期,木,3,1142,船橋校舎,English Communication Ⅰ
まちづくり工学科,前期,木,3,1142,船橋校舎,English Communication Ⅰ
応用情報工学科,前期,木,3,1142,船橋校舎,English Communication Ⅰ
一般教育,前期,木,3,1142,船橋校舎,English Communication Ⅰ
土木工学科,前期,木,3,1143,船橋校舎,English Communication Ⅰ
交通システム工学科,前期,木,3,1143,船橋校舎,English Communication Ⅰ
交通システム工学科,前期,木,3,1143,船橋校舎,English Communication Ⅰ
建築学科,前期,木,3,1143,船橋校舎,English Communication Ⅰ
海洋建築工学科,前期,木,3,1143,船橋校舎,English Communication Ⅰ
機械工学科,前期,木,3,1143,船橋校舎,English Communication Ⅰ
精密機械工学科,前期,木,3,1143,船橋校舎,English Communication Ⅰ
航空宇宙工学科,前期,木,3,1143,船橋校舎,English Communication Ⅰ
電気工学科,前期,木,3,1143,船橋校舎,English Communication Ⅰ
電子工学科,前期,木,3,1143,船橋校舎,English Communication Ⅰ
物質応用化学科,前期,木,3,1143,船橋校舎,English Communication Ⅰ
物理学科,前期,木,3,1143,船橋校舎,English Communication Ⅰ
数学科,前期,木,3,1143,船橋校舎,English Communication Ⅰ
まちづくり工学科,前期,木,3,1143,船橋校舎,English Communication Ⅰ
応用情報工学科,前期,木,3,1143,船橋校舎,English Communication Ⅰ
一般教育,前期,木,3,1143,船橋校舎,English Communication Ⅰ
電子工学科,前期,木,3,1202,船橋校舎,コンピュータリテラシ {1}
土木工学科,前期,木,3,1231,船橋校舎,英語ⅡA
交通システム工学科,前期,木,3,1231,船橋校舎,英語ⅡA
交通システム工学科,前期,木,3,1231,船橋校舎,英語ⅡA
建築学科,前期,木,3,1231,船橋校舎,英語ⅡA
海洋建築工学科,前期,木,3,1231,船橋校舎,英語ⅡA
機械工学科,前期,木,3,1231,船橋校舎,英語ⅡA
精密機械工学科,前期,木,3,1231,船橋校舎,英語ⅡA
航空宇宙工学科,前期,木,3,1231,船橋校舎,英語ⅡA
電気工学科,前期,木,3,1231,船橋校舎,英語ⅡA
電子工学科,前期,木,3,1231,船橋校舎,英語ⅡA
物質応用化学科,前期,木,3,1231,船橋校舎,英語ⅡA
物理学科,前期,木,3,1231,船橋校舎,英語ⅡA
数学科,前期,木,3,1231,船橋校舎,英語ⅡA
まちづくり工学科,前期,木,3,1231,船橋校舎,英語ⅡA
応用情報工学科,前期,木,3,1231,船橋校舎,英語ⅡA
一般教育,前期,木,3,1231,船橋校舎,英語ⅡA
土木工学科,前期,木,3,1232,船橋校舎,英語ⅡA
交通システム工学科,前期,木,3,1232,船橋校舎,英語ⅡA
交通システム工学科,前期,木,3,1232,船橋校舎,英語ⅡA
建築学科,前期,木,3,1232,船橋校舎,英語ⅡA
海洋建築工学科,前期,木,3,1232,船橋校舎,英語ⅡA
機械工学科,前期,木,3,1232,船橋校舎,英語ⅡA
精密機械工学科,前期,木,3,1232,船橋校舎,英語ⅡA
航空宇宙工学科,前期,木,3,1232,船橋校舎,英語ⅡA
電気工学科,前期,木,3,1232,船橋校舎,英語ⅡA
電子工学科,前期,木,3,1232,船橋校舎,英語ⅡA
物質応用化学科,前期,木,3,1232,船橋校舎,英語ⅡA
物理学科,前期,木,3,1232,船橋校舎,英語ⅡA
数学科,前期,木,3,1232,船橋校舎,英語ⅡA
まちづくり工学科,前期,木,3,1232,船橋校舎,英語ⅡA
応用情報工学科,前期,木,3,1232,船橋校舎,英語ⅡA
一般教育,前期,木,3,1232,船橋校舎,英語ⅡA
土木工学科,前期,木,3,1233,船橋校舎,英語ⅡA
交通システム工学科,前期,木,3,1233,船橋校舎,英語ⅡA
交通システム工学科,前期,木,3,1233,船橋校舎,英語ⅡA
建築学科,前期,木,3,1233,船橋校舎,英語ⅡA
海洋建築工学科,前期,木,3,1233,船橋校舎,英語ⅡA
機械工学科,前期,木,3,1233,船橋校舎,英語ⅡA
精密機械工学科,前期,木,3,1233,船橋校舎,英語ⅡA
航空宇宙工学科,前期,木,3,1233,船橋校舎,英語ⅡA
電気工学科,前期,木,3,1233,船橋校舎,英語ⅡA
電子工学科,前期,木,3,1233,船橋校舎,英語ⅡA
物質応用化学科,前期,木,3,1233,船橋校舎,英語ⅡA
物理学科,前期,木,3,1233,船橋校舎,英語ⅡA
数学科,前期,木,3,1233,船橋校舎,英語ⅡA
まちづくり工学科,前期,木,3,1233,船橋校舎,英語ⅡA
応用情報工学科,前期,木,3,1233,船橋校舎,英語ⅡA
一般教育,前期,木,3,1233,船橋校舎,英語ⅡA
土木工学科,前期,木,3,1234,船橋校舎,英語ⅡA
交通システム工学科,前期,木,3,1234,船橋校舎,英語ⅡA
交通システム工学科,前期,木,3,1234,船橋校舎,英語ⅡA
建築学科,前期,木,3,1234,船橋校舎,英語ⅡA
海洋建築工学科,前期,木,3,1234,船橋校舎,英語ⅡA
機械工学科,前期,木,3,1234,船橋校舎,英語ⅡA
精密機械工学科,前期,木,3,1234,船橋校舎,英語ⅡA
航空宇宙工学科,前期,木,3,1234,船橋校舎,英語ⅡA
電気工学科,前期,木,3,1234,船橋校舎,英語ⅡA
電子工学科,前期,木,3,1234,船橋校舎,英語ⅡA
物質応用化学科,前期,木,3,1234,船橋校舎,英語ⅡA
物理学科,前期,木,3,1234,船橋校舎,英語ⅡA
数学科,前期,木,3,1234,船橋校舎,英語ⅡA
まちづくり工学科,前期,木,3,1234,船橋校舎,英語ⅡA
応用情報工学科,前期,木,3,1234,船橋校舎,英語ⅡA
一般教育,前期,木,3,1234,船橋校舎,英語ⅡA
土木工学科,前期,木,3,1326,船橋校舎,デザイン基礎・演習 {1}↓連続２時限
海洋建築工学科,前期,木,3,1421,船橋校舎,海洋建築工学総合演習
まちづくり工学科,前期,木,3,1422,船橋校舎,デザイン基礎
交通システム工学科,前期,木,3,1423,船橋校舎,交通環境解析
交通システム工学科,前期,木,3,1423,船橋校舎,交通環境解析
土木工学科,前期,木,3,1424,船橋校舎,英語ⅢA
交通システム工学科,前期,木,3,1424,船橋校舎,英語ⅢA
交通システム工学科,前期,木,3,1424,船橋校舎,英語ⅢA
建築学科,前期,木,3,1424,船橋校舎,英語ⅢA
海洋建築工学科,前期,木,3,1424,船橋校舎,英語ⅢA
機械工学科,前期,木,3,1424,船橋校舎,英語ⅢA
精密機械工学科,前期,木,3,1424,船橋校舎,英語ⅢA
航空宇宙工学科,前期,木,3,1424,船橋校舎,英語ⅢA
電気工学科,前期,木,3,1424,船橋校舎,英語ⅢA
電子工学科,前期,木,3,1424,船橋校舎,英語ⅢA
物質応用化学科,前期,木,3,1424,船橋校舎,英語ⅢA
物理学科,前期,木,3,1424,船橋校舎,英語ⅢA
数学科,前期,木,3,1424,船橋校舎,英語ⅢA
まちづくり工学科,前期,木,3,1424,船橋校舎,英語ⅢA
応用情報工学科,前期,木,3,1424,船橋校舎,英語ⅢA
一般教育,前期,木,3,1424,船橋校舎,英語ⅢA
土木工学科,前期,木,3,1431,船橋校舎,英語ⅢA
交通システム工学科,前期,木,3,1431,船橋校舎,英語ⅢA
交通システム工学科,前期,木,3,1431,船橋校舎,英語ⅢA
建築学科,前期,木,3,1431,船橋校舎,英語ⅢA
海洋建築工学科,前期,木,3,1431,船橋校舎,英語ⅢA
機械工学科,前期,木,3,1431,船橋校舎,英語ⅢA
精密機械工学科,前期,木,3,1431,船橋校舎,英語ⅢA
航空宇宙工学科,前期,木,3,1431,船橋校舎,英語ⅢA
電気工学科,前期,木,3,1431,船橋校舎,英語ⅢA
電子工学科,前期,木,3,1431,船橋校舎,英語ⅢA
物質応用化学科,前期,木,3,1431,船橋校舎,英語ⅢA
物理学科,前期,木,3,1431,船橋校舎,英語ⅢA
数学科,前期,木,3,1431,船橋校舎,英語ⅢA
まちづくり工学科,前期,木,3,1431,船橋校舎,英語ⅢA
応用情報工学科,前期,木,3,1431,船橋校舎,英語ⅢA
一般教育,前期,木,3,1431,船橋校舎,英語ⅢA
土木工学科,前期,木,3,1432,船橋校舎,英語ⅢA
交通システム工学科,前期,木,3,1432,船橋校舎,英語ⅢA
交通システム工学科,前期,木,3,1432,船橋校舎,英語ⅢA
建築学科,前期,木,3,1432,船橋校舎,英語ⅢA
海洋建築工学科,前期,木,3,1432,船橋校舎,英語ⅢA
機械工学科,前期,木,3,1432,船橋校舎,英語ⅢA
精密機械工学科,前期,木,3,1432,船橋校舎,英語ⅢA
航空宇宙工学科,前期,木,3,1432,船橋校舎,英語ⅢA
電気工学科,前期,木,3,1432,船橋校舎,英語ⅢA
電子工学科,前期,木,3,1432,船橋校舎,英語ⅢA
物質応用化学科,前期,木,3,1432,船橋校舎,英語ⅢA
物理学科,前期,木,3,1432,船橋校舎,英語ⅢA
数学科,前期,木,3,1432,船橋校舎,英語ⅢA
まちづくり工学科,前期,木,3,1432,船橋校舎,英語ⅢA
応用情報工学科,前期,木,3,1432,船橋校舎,英語ⅢA
一般教育,前期,木,3,1432,船橋校舎,英語ⅢA
海洋建築工学科,前期,木,3,1433,船橋校舎,海洋施設計画
航空宇宙工学科,前期,木,3,1434,船橋校舎,航空宇宙工学キャリアデザイン
交通システム工学科,前期,木,3,1441,船橋校舎,微分積分学Ⅰ {1}
交通システム工学科,前期,木,3,1441,船橋校舎,微分積分学Ⅰ {1}
交通システム工学科,前期,木,3,1442,船橋校舎,微分積分学Ⅰ {2}
交通システム工学科,前期,木,3,1442,船橋校舎,微分積分学Ⅰ {2}
海洋建築工学科,前期,木,3,1443,船橋校舎,微分積分学Ⅰ {1}
海洋建築工学科,前期,木,3,1444,船橋校舎,微分積分学Ⅰ {2}
海洋建築工学専攻,前期,木,3,1452,船橋校舎,水波工学特論 ＊
精密機械工学専攻,前期,木,3,1453,船橋校舎,薄板構造力学特論 ＊
電子工学専攻,前期,木,3,1454,船橋校舎,情報ネットワーク特論 {ﾊｲ}{同時}
情報科学専攻,前期,木,3,1454,船橋校舎,情報ネットワーク特論 {ﾊｲ}{同時}
航空宇宙工学科,前期,木,3,1455,船橋校舎,空力設計法
交通システム工学専攻,前期,木,3,1457,船橋校舎,エンジニアリング基礎特論
応用情報工学科,前期,木,3,221,船橋校舎,情報工学実験Ⅱ↓連続２時限【年間】
物質応用化学科,前期,木,3,341,船橋校舎,総合化学実験↓連続２時限
物質応用化学科,前期,木,3,341,船橋校舎,基礎化学実験 {再履修}↓連続２時限
物質応用化学科,前期,木,3,342,船橋校舎,総合化学実験↓連続２時限
物質応用化学科,前期,木,3,342,船橋校舎,基礎化学実験 {再履修}↓連続２時限
電子工学科,前期,木,3,403,船橋校舎,電子工学実験Ⅱ {1}{未来}↓連続２時限【年間】
電子工学科,前期,木,3,433,船橋校舎,電子工学実験Ⅳ↓連続２時限
応用情報工学科,前期,木,3,624,船橋校舎,物理学Ⅰ演習
応用情報工学科,前期,木,3,625,船橋校舎,物理学Ⅰ演習
応用情報工学科,前期,木,3,634,船橋校舎,物理学Ⅰ演習
機械工学科,前期,木,3,641,船橋校舎,機械設計製図ⅠA {B}{未来}↓連続２時限
機械工学科,前期,木,3,642,船橋校舎,機械設計製図ⅠA {B}{未来}↓連続２時限
機械工学科,前期,木,3,644,船橋校舎,機械設計製図ⅠA {B}{未来}↓連続２時限
物質応用化学科,前期,木,3,819,船橋校舎,総合化学実験↓連続２時限
物質応用化学科,前期,木,3,819,船橋校舎,基礎化学実験 {再履修}↓連続２時限
物質応用化学科,前期,木,3,826,船橋校舎,総合化学実験↓連続２時限
物質応用化学科,前期,木,3,826,船橋校舎,基礎化学実験 {再履修}↓連続２時限
物質応用化学科,前期,木,3,829,船橋校舎,総合化学実験↓連続２時限
物質応用化学科,前期,木,3,829,船橋校舎,基礎化学実験 {再履修}↓連続２時限
機械工学科,前期,木,3,テクノ・工作技術センター,船橋校舎,機械工作実習A {A}{未来}↓連続２時限
土木工学科,前期,木,3,測量実習ｾﾝﾀｰ(演習室AB),船橋校舎,測量実習Ⅰ {2}↓連続２時限
土木工学科,前期,木,3,階段教室（小）,船橋校舎,デザイン基礎・演習 {1}↓連続２時限
機械工学科,前期,木,3,131,駿河台校舎,機械力学Ⅲ
機械工学科,前期,木,3,141,駿河台校舎,流体力学・熱力学演習Ａ
土木工学科,前期,木,3,144,駿河台校舎,地盤力学Ⅰ演習 {2}
土木工学科,前期,木,3,151,駿河台校舎,水理学Ⅰ演習 {1}
機械工学科,前期,木,3,154,駿河台校舎,流体力学・熱力学演習Ａ
物質応用化学科,前期,木,3,843,駿河台校舎,専門化学実験Ⅵ↓連続３時限
物質応用化学科,前期,木,3,851,駿河台校舎,専門化学実験Ⅵ↓連続３時限
物理学科,前期,木,3,852,駿河台校舎,物理数学Ⅱ
建築学科,前期,木,3,スタジオ（S701,駿河台校舎,建築設計Ⅰ {2}↓連続３時限
土木工学科,前期,木,4,S201,タワースコラ,上下水道工学演習 {1}
まちづくり工学科,前期,木,4,S203,タワースコラ,観光原論
土木工学科,前期,木,4,S204,タワースコラ,河川環境工学 {2}
建築学科,前期,木,4,S301,タワースコラ,建築構法Ⅱ {1}
電気工学科,前期,木,4,S302,タワースコラ,放電プラズマ応用
建築学科,前期,木,4,S401,タワースコラ,都市計画Ⅱ {2}
機械工学専攻,前期,木,4,S402,タワースコラ,機械工学特別講義Ⅱ
電気工学科,前期,木,4,S501,タワースコラ,ｺﾝﾋﾟｭｰﾀｼﾐｭﾚｰｼｮﾝⅡ {ﾊｲ}
電気工学科,前期,木,4,S502,タワースコラ,ｺﾝﾋﾟｭｰﾀｼﾐｭﾚｰｼｮﾝⅡ {ﾊｲ}
数学科,前期,木,4,S504,タワースコラ,現代代数学Ⅰ
まちづくり工学科,前期,木,4,S505,タワースコラ,景観原論
電気工学専攻,前期,木,4,S602,タワースコラ,音響工学特論 ＊
建築学科,前期,木,4,S702,タワースコラ,建築設計Ⅰ {2}↓連続３時限
建築学科,前期,木,4,S705）,タワースコラ,建築設計Ⅰ {2}↓連続３時限
精密機械工学科,前期,木,4,1011,船橋校舎,電気回路Ⅰ
土木工学科,前期,木,4,1021,船橋校舎,中国語Ⅰ
交通システム工学科,前期,木,4,1021,船橋校舎,中国語Ⅰ
交通システム工学科,前期,木,4,1021,船橋校舎,中国語Ⅰ
建築学科,前期,木,4,1021,船橋校舎,中国語Ⅰ
海洋建築工学科,前期,木,4,1021,船橋校舎,中国語Ⅰ
機械工学科,前期,木,4,1021,船橋校舎,中国語Ⅰ
精密機械工学科,前期,木,4,1021,船橋校舎,中国語Ⅰ
航空宇宙工学科,前期,木,4,1021,船橋校舎,中国語Ⅰ
電気工学科,前期,木,4,1021,船橋校舎,中国語Ⅰ
電子工学科,前期,木,4,1021,船橋校舎,中国語Ⅰ
物質応用化学科,前期,木,4,1021,船橋校舎,中国語Ⅰ
物理学科,前期,木,4,1021,船橋校舎,中国語Ⅰ
数学科,前期,木,4,1021,船橋校舎,中国語Ⅰ
まちづくり工学科,前期,木,4,1021,船橋校舎,中国語Ⅰ
応用情報工学科,前期,木,4,1021,船橋校舎,中国語Ⅰ
一般教育,前期,木,4,1021,船橋校舎,中国語Ⅰ
土木工学科,前期,木,4,1022,船橋校舎,中国語Ⅰ
交通システム工学科,前期,木,4,1022,船橋校舎,中国語Ⅰ
交通システム工学科,前期,木,4,1022,船橋校舎,中国語Ⅰ
建築学科,前期,木,4,1022,船橋校舎,中国語Ⅰ
海洋建築工学科,前期,木,4,1022,船橋校舎,中国語Ⅰ
機械工学科,前期,木,4,1022,船橋校舎,中国語Ⅰ
精密機械工学科,前期,木,4,1022,船橋校舎,中国語Ⅰ
航空宇宙工学科,前期,木,4,1022,船橋校舎,中国語Ⅰ
電気工学科,前期,木,4,1022,船橋校舎,中国語Ⅰ
電子工学科,前期,木,4,1022,船橋校舎,中国語Ⅰ
物質応用化学科,前期,木,4,1022,船橋校舎,中国語Ⅰ
物理学科,前期,木,4,1022,船橋校舎,中国語Ⅰ
数学科,前期,木,4,1022,船橋校舎,中国語Ⅰ
まちづくり工学科,前期,木,4,1022,船橋校舎,中国語Ⅰ
応用情報工学科,前期,木,4,1022,船橋校舎,中国語Ⅰ
一般教育,前期,木,4,1022,船橋校舎,中国語Ⅰ
数学科,前期,木,4,1023,船橋校舎,代数学幾何学Ａ {1}↓連続２時限
数学科,前期,木,4,1031,船橋校舎,微分積分学Ａ {2}↓連続２時限
土木工学科,前期,木,4,1032,船橋校舎,フランス語Ⅰ
交通システム工学科,前期,木,4,1032,船橋校舎,フランス語Ⅰ
交通システム工学科,前期,木,4,1032,船橋校舎,フランス語Ⅰ
建築学科,前期,木,4,1032,船橋校舎,フランス語Ⅰ
海洋建築工学科,前期,木,4,1032,船橋校舎,フランス語Ⅰ
機械工学科,前期,木,4,1032,船橋校舎,フランス語Ⅰ
精密機械工学科,前期,木,4,1032,船橋校舎,フランス語Ⅰ
航空宇宙工学科,前期,木,4,1032,船橋校舎,フランス語Ⅰ
電気工学科,前期,木,4,1032,船橋校舎,フランス語Ⅰ
電子工学科,前期,木,4,1032,船橋校舎,フランス語Ⅰ
物質応用化学科,前期,木,4,1032,船橋校舎,フランス語Ⅰ
物理学科,前期,木,4,1032,船橋校舎,フランス語Ⅰ
数学科,前期,木,4,1032,船橋校舎,フランス語Ⅰ
まちづくり工学科,前期,木,4,1032,船橋校舎,フランス語Ⅰ
応用情報工学科,前期,木,4,1032,船橋校舎,フランス語Ⅰ
一般教育,前期,木,4,1032,船橋校舎,フランス語Ⅰ
建築学科,前期,木,4,1041,船橋校舎,力と運動の物理学Ⅰ {A}
建築学科,前期,木,4,1042,船橋校舎,力と運動の物理学Ⅰ {B}
建築学科,前期,木,4,1043,船橋校舎,力と運動の物理学Ⅰ {C}
電子工学科,前期,木,4,1102,船橋校舎,電子工学実験Ⅰ {2}{未来}↓連続２時限【年間】
電子工学科,前期,木,4,1103,船橋校舎,電子工学実験Ⅲ {未来}↓連続２時限【年間】
応用情報工学科,前期,木,4,1132,船橋校舎,英語ⅠA
応用情報工学科,前期,木,4,1133,船橋校舎,英語ⅠA
応用情報工学科,前期,木,4,1141,船橋校舎,英語ⅠA
精密機械工学科,前期,木,4,1201,船橋校舎,コンピュータプログラミング
土木工学科,前期,木,4,1231,船橋校舎,ドイツ語Ⅰ
交通システム工学科,前期,木,4,1231,船橋校舎,ドイツ語Ⅰ
交通システム工学科,前期,木,4,1231,船橋校舎,ドイツ語Ⅰ
建築学科,前期,木,4,1231,船橋校舎,ドイツ語Ⅰ
海洋建築工学科,前期,木,4,1231,船橋校舎,ドイツ語Ⅰ
機械工学科,前期,木,4,1231,船橋校舎,ドイツ語Ⅰ
精密機械工学科,前期,木,4,1231,船橋校舎,ドイツ語Ⅰ
航空宇宙工学科,前期,木,4,1231,船橋校舎,ドイツ語Ⅰ
電気工学科,前期,木,4,1231,船橋校舎,ドイツ語Ⅰ
電子工学科,前期,木,4,1231,船橋校舎,ドイツ語Ⅰ
物質応用化学科,前期,木,4,1231,船橋校舎,ドイツ語Ⅰ
物理学科,前期,木,4,1231,船橋校舎,ドイツ語Ⅰ
数学科,前期,木,4,1231,船橋校舎,ドイツ語Ⅰ
まちづくり工学科,前期,木,4,1231,船橋校舎,ドイツ語Ⅰ
応用情報工学科,前期,木,4,1231,船橋校舎,ドイツ語Ⅰ
一般教育,前期,木,4,1231,船橋校舎,ドイツ語Ⅰ
土木工学科,前期,木,4,1233,船橋校舎,ドイツ語Ⅰ
交通システム工学科,前期,木,4,1233,船橋校舎,ドイツ語Ⅰ
交通システム工学科,前期,木,4,1233,船橋校舎,ドイツ語Ⅰ
建築学科,前期,木,4,1233,船橋校舎,ドイツ語Ⅰ
海洋建築工学科,前期,木,4,1233,船橋校舎,ドイツ語Ⅰ
機械工学科,前期,木,4,1233,船橋校舎,ドイツ語Ⅰ
精密機械工学科,前期,木,4,1233,船橋校舎,ドイツ語Ⅰ
航空宇宙工学科,前期,木,4,1233,船橋校舎,ドイツ語Ⅰ
電気工学科,前期,木,4,1233,船橋校舎,ドイツ語Ⅰ
電子工学科,前期,木,4,1233,船橋校舎,ドイツ語Ⅰ
物質応用化学科,前期,木,4,1233,船橋校舎,ドイツ語Ⅰ
物理学科,前期,木,4,1233,船橋校舎,ドイツ語Ⅰ
数学科,前期,木,4,1233,船橋校舎,ドイツ語Ⅰ
まちづくり工学科,前期,木,4,1233,船橋校舎,ドイツ語Ⅰ
応用情報工学科,前期,木,4,1233,船橋校舎,ドイツ語Ⅰ
一般教育,前期,木,4,1233,船橋校舎,ドイツ語Ⅰ
一般教育,前期,木,4,1234,船橋校舎,英語特殊講義A
海洋建築工学科,前期,木,4,1325,船橋校舎,海洋建築実験ⅡA
土木工学科,前期,木,4,1326,船橋校舎,デザイン基礎・演習 {1}↓連続２時限
交通システム工学科,前期,木,4,1423,船橋校舎,交通需要予測
交通システム工学科,前期,木,4,1423,船橋校舎,交通需要予測
精密機械工学科,前期,木,4,1424,船橋校舎,コンピュータプログラミング
航空宇宙工学科,前期,木,4,1432,船橋校舎,工業数学Ⅱ
海洋建築工学科,前期,木,4,1433,船橋校舎,海洋環境工学Ⅱ
航空宇宙工学科,前期,木,4,1434,船橋校舎,伝熱工学Ⅰ
交通システム工学科,前期,木,4,1441,船橋校舎,数学演習Ⅰ {1}
交通システム工学科,前期,木,4,1441,船橋校舎,数学演習Ⅰ {1}
交通システム工学科,前期,木,4,1442,船橋校舎,数学演習Ⅰ {2}
交通システム工学科,前期,木,4,1442,船橋校舎,数学演習Ⅰ {2}
海洋建築工学科,前期,木,4,1443,船橋校舎,数学演習Ⅰ {1}
海洋建築工学科,前期,木,4,1444,船橋校舎,数学演習Ⅰ {2}
航空宇宙工学専攻,前期,木,4,1455,船橋校舎,流体力学特論Ⅰ
応用情報工学科,前期,木,4,221,船橋校舎,情報工学実験Ⅱ↓連続２時限【年間】
物質応用化学科,前期,木,4,341,船橋校舎,総合化学実験↓連続２時限
物質応用化学科,前期,木,4,341,船橋校舎,基礎化学実験 {再履修}↓連続２時限
物質応用化学科,前期,木,4,342,船橋校舎,総合化学実験↓連続２時限
物質応用化学科,前期,木,4,342,船橋校舎,基礎化学実験 {再履修}↓連続２時限
電子工学科,前期,木,4,403,船橋校舎,電子工学実験Ⅱ {1}{未来}↓連続２時限【年間】
電子工学科,前期,木,4,433,船橋校舎,電子工学実験Ⅳ↓連続２時限
機械工学科,前期,木,4,641,船橋校舎,機械設計製図ⅠA {B}{未来}↓連続２時限
機械工学科,前期,木,4,642,船橋校舎,機械設計製図ⅠA {B}{未来}↓連続２時限
機械工学科,前期,木,4,644,船橋校舎,機械設計製図ⅠA {B}{未来}↓連続２時限
物質応用化学科,前期,木,4,819,船橋校舎,総合化学実験↓連続２時限
物質応用化学科,前期,木,4,819,船橋校舎,基礎化学実験 {再履修}↓連続２時限
物質応用化学科,前期,木,4,826,船橋校舎,総合化学実験↓連続２時限
物質応用化学科,前期,木,4,826,船橋校舎,基礎化学実験 {再履修}↓連続２時限
物質応用化学科,前期,木,4,829,船橋校舎,総合化学実験↓連続２時限
物質応用化学科,前期,木,4,829,船橋校舎,基礎化学実験 {再履修}↓連続２時限
機械工学科,前期,木,4,テクノ・工作技術センター,船橋校舎,機械工作実習A {A}{未来}↓連続２時限
土木工学科,前期,木,4,測量実習ｾﾝﾀｰ(演習室AB),船橋校舎,測量実習Ⅰ {2}↓連続２時限
土木工学科,前期,木,4,階段教室（小）,船橋校舎,デザイン基礎・演習 {1}↓連続２時限
物理学科,前期,木,4,131,駿河台校舎,物理学特殊講義
物理学科,前期,木,4,134,駿河台校舎,物性物理学Ⅰ
土木工学科,前期,木,4,144,駿河台校舎,水理学Ⅰ演習 {2}
土木工学科,前期,木,4,151,駿河台校舎,地盤力学Ⅰ演習 {1}
物質応用化学専攻,前期,木,4,831,駿河台校舎,物理化学特論Ⅰ
物質応用化学科,前期,木,4,843,駿河台校舎,専門化学実験Ⅵ↓連続３時限
物質応用化学科,前期,木,4,851,駿河台校舎,専門化学実験Ⅵ↓連続３時限
建築学科,前期,木,4,スタジオ（S701,駿河台校舎,建築設計Ⅰ {2}↓連続３時限
まちづくり工学専攻,前期,木,5,S1201,タワースコラ,環境まちづくり特論
土木工学科,前期,木,5,S204,タワースコラ,水理学Ⅰ {再履修}
土木工学専攻,前期,木,5,S305,タワースコラ,港湾・空港政策特論
一般教育,前期,木,5,S306,タワースコラ,教）技術科教育法Ⅰ
物理学専攻,前期,木,5,S406,タワースコラ,多体問題特論Ⅱ △
土木工学専攻,前期,木,5,S603,タワースコラ,構造メンテナンス工学
一般教育,前期,木,5,1011,船橋校舎,教）教育制度論
一般教育,前期,木,5,1012,船橋校舎,教）数学科教育法Ⅲ
一般教育,前期,木,5,1013,船橋校舎,教）技術科教育法Ⅰ
土木工学科,前期,木,5,1021,船橋校舎,中国語Ⅰ
交通システム工学科,前期,木,5,1021,船橋校舎,中国語Ⅰ
交通システム工学科,前期,木,5,1021,船橋校舎,中国語Ⅰ
建築学科,前期,木,5,1021,船橋校舎,中国語Ⅰ
海洋建築工学科,前期,木,5,1021,船橋校舎,中国語Ⅰ
機械工学科,前期,木,5,1021,船橋校舎,中国語Ⅰ
精密機械工学科,前期,木,5,1021,船橋校舎,中国語Ⅰ
航空宇宙工学科,前期,木,5,1021,船橋校舎,中国語Ⅰ
電気工学科,前期,木,5,1021,船橋校舎,中国語Ⅰ
電子工学科,前期,木,5,1021,船橋校舎,中国語Ⅰ
物質応用化学科,前期,木,5,1021,船橋校舎,中国語Ⅰ
物理学科,前期,木,5,1021,船橋校舎,中国語Ⅰ
数学科,前期,木,5,1021,船橋校舎,中国語Ⅰ
まちづくり工学科,前期,木,5,1021,船橋校舎,中国語Ⅰ
応用情報工学科,前期,木,5,1021,船橋校舎,中国語Ⅰ
一般教育,前期,木,5,1021,船橋校舎,中国語Ⅰ
土木工学科,前期,木,5,1022,船橋校舎,中国語Ⅰ
交通システム工学科,前期,木,5,1022,船橋校舎,中国語Ⅰ
交通システム工学科,前期,木,5,1022,船橋校舎,中国語Ⅰ
建築学科,前期,木,5,1022,船橋校舎,中国語Ⅰ
海洋建築工学科,前期,木,5,1022,船橋校舎,中国語Ⅰ
機械工学科,前期,木,5,1022,船橋校舎,中国語Ⅰ
精密機械工学科,前期,木,5,1022,船橋校舎,中国語Ⅰ
航空宇宙工学科,前期,木,5,1022,船橋校舎,中国語Ⅰ
電気工学科,前期,木,5,1022,船橋校舎,中国語Ⅰ
電子工学科,前期,木,5,1022,船橋校舎,中国語Ⅰ
物質応用化学科,前期,木,5,1022,船橋校舎,中国語Ⅰ
物理学科,前期,木,5,1022,船橋校舎,中国語Ⅰ
数学科,前期,木,5,1022,船橋校舎,中国語Ⅰ
まちづくり工学科,前期,木,5,1022,船橋校舎,中国語Ⅰ
応用情報工学科,前期,木,5,1022,船橋校舎,中国語Ⅰ
一般教育,前期,木,5,1022,船橋校舎,中国語Ⅰ
土木工学科,前期,木,5,1023,船橋校舎,中国語Ⅰ
交通システム工学科,前期,木,5,1023,船橋校舎,中国語Ⅰ
交通システム工学科,前期,木,5,1023,船橋校舎,中国語Ⅰ
建築学科,前期,木,5,1023,船橋校舎,中国語Ⅰ
海洋建築工学科,前期,木,5,1023,船橋校舎,中国語Ⅰ
機械工学科,前期,木,5,1023,船橋校舎,中国語Ⅰ
精密機械工学科,前期,木,5,1023,船橋校舎,中国語Ⅰ
航空宇宙工学科,前期,木,5,1023,船橋校舎,中国語Ⅰ
電気工学科,前期,木,5,1023,船橋校舎,中国語Ⅰ
電子工学科,前期,木,5,1023,船橋校舎,中国語Ⅰ
物質応用化学科,前期,木,5,1023,船橋校舎,中国語Ⅰ
物理学科,前期,木,5,1023,船橋校舎,中国語Ⅰ
数学科,前期,木,5,1023,船橋校舎,中国語Ⅰ
まちづくり工学科,前期,木,5,1023,船橋校舎,中国語Ⅰ
応用情報工学科,前期,木,5,1023,船橋校舎,中国語Ⅰ
一般教育,前期,木,5,1023,船橋校舎,中国語Ⅰ
土木工学科,前期,木,5,1032,船橋校舎,フランス語Ⅰ
交通システム工学科,前期,木,5,1032,船橋校舎,フランス語Ⅰ
交通システム工学科,前期,木,5,1032,船橋校舎,フランス語Ⅰ
建築学科,前期,木,5,1032,船橋校舎,フランス語Ⅰ
海洋建築工学科,前期,木,5,1032,船橋校舎,フランス語Ⅰ
機械工学科,前期,木,5,1032,船橋校舎,フランス語Ⅰ
精密機械工学科,前期,木,5,1032,船橋校舎,フランス語Ⅰ
航空宇宙工学科,前期,木,5,1032,船橋校舎,フランス語Ⅰ
電気工学科,前期,木,5,1032,船橋校舎,フランス語Ⅰ
電子工学科,前期,木,5,1032,船橋校舎,フランス語Ⅰ
物質応用化学科,前期,木,5,1032,船橋校舎,フランス語Ⅰ
物理学科,前期,木,5,1032,船橋校舎,フランス語Ⅰ
数学科,前期,木,5,1032,船橋校舎,フランス語Ⅰ
まちづくり工学科,前期,木,5,1032,船橋校舎,フランス語Ⅰ
応用情報工学科,前期,木,5,1032,船橋校舎,フランス語Ⅰ
一般教育,前期,木,5,1032,船橋校舎,フランス語Ⅰ
交通システム工学科,前期,木,5,1141,船橋校舎,英語ⅠA
交通システム工学科,前期,木,5,1141,船橋校舎,英語ⅠA
交通システム工学科,前期,木,5,1142,船橋校舎,英語ⅠA
交通システム工学科,前期,木,5,1142,船橋校舎,英語ⅠA
交通システム工学科,前期,木,5,1143,船橋校舎,英語ⅠA
交通システム工学科,前期,木,5,1143,船橋校舎,英語ⅠA
土木工学科,前期,木,5,1231,船橋校舎,ドイツ語Ⅰ
交通システム工学科,前期,木,5,1231,船橋校舎,ドイツ語Ⅰ
交通システム工学科,前期,木,5,1231,船橋校舎,ドイツ語Ⅰ
建築学科,前期,木,5,1231,船橋校舎,ドイツ語Ⅰ
海洋建築工学科,前期,木,5,1231,船橋校舎,ドイツ語Ⅰ
機械工学科,前期,木,5,1231,船橋校舎,ドイツ語Ⅰ
精密機械工学科,前期,木,5,1231,船橋校舎,ドイツ語Ⅰ
航空宇宙工学科,前期,木,5,1231,船橋校舎,ドイツ語Ⅰ
電気工学科,前期,木,5,1231,船橋校舎,ドイツ語Ⅰ
電子工学科,前期,木,5,1231,船橋校舎,ドイツ語Ⅰ
物質応用化学科,前期,木,5,1231,船橋校舎,ドイツ語Ⅰ
物理学科,前期,木,5,1231,船橋校舎,ドイツ語Ⅰ
数学科,前期,木,5,1231,船橋校舎,ドイツ語Ⅰ
まちづくり工学科,前期,木,5,1231,船橋校舎,ドイツ語Ⅰ
応用情報工学科,前期,木,5,1231,船橋校舎,ドイツ語Ⅰ
一般教育,前期,木,5,1231,船橋校舎,ドイツ語Ⅰ
土木工学科,前期,木,5,1233,船橋校舎,ドイツ語Ⅰ
交通システム工学科,前期,木,5,1233,船橋校舎,ドイツ語Ⅰ
交通システム工学科,前期,木,5,1233,船橋校舎,ドイツ語Ⅰ
建築学科,前期,木,5,1233,船橋校舎,ドイツ語Ⅰ
海洋建築工学科,前期,木,5,1233,船橋校舎,ドイツ語Ⅰ
機械工学科,前期,木,5,1233,船橋校舎,ドイツ語Ⅰ
精密機械工学科,前期,木,5,1233,船橋校舎,ドイツ語Ⅰ
航空宇宙工学科,前期,木,5,1233,船橋校舎,ドイツ語Ⅰ
電気工学科,前期,木,5,1233,船橋校舎,ドイツ語Ⅰ
電子工学科,前期,木,5,1233,船橋校舎,ドイツ語Ⅰ
物質応用化学科,前期,木,5,1233,船橋校舎,ドイツ語Ⅰ
物理学科,前期,木,5,1233,船橋校舎,ドイツ語Ⅰ
数学科,前期,木,5,1233,船橋校舎,ドイツ語Ⅰ
まちづくり工学科,前期,木,5,1233,船橋校舎,ドイツ語Ⅰ
応用情報工学科,前期,木,5,1233,船橋校舎,ドイツ語Ⅰ
一般教育,前期,木,5,1233,船橋校舎,ドイツ語Ⅰ
海洋建築工学科,前期,木,5,1326,船橋校舎,海洋建築工学キャリアデザイン
海洋建築工学科,前期,木,5,1421,船橋校舎,地理学
一般教育,前期,木,5,1422,船橋校舎,学）博物館展示論
精密機械工学専攻,前期,木,5,1453,船橋校舎,有限要素法 ＊
航空宇宙工学科,前期,木,5,341,船橋校舎,航空宇宙工学工房演習Ⅳ {未来}
一般教育,前期,木,5,131,駿河台校舎,物理学Ⅱ {再履修}
一般教育,前期,木,5,134,駿河台校舎,社会学 {I群}
電気工学専攻,前期,木,5,171,駿河台校舎,先端科学技術特論 {共同開講}
量子理工学専攻,前期,木,5,171,駿河台校舎,先端科学技術特論 {同時開講}
物質応用化学科,前期,木,5,843,駿河台校舎,専門化学実験Ⅵ↓連続３時限
物質応用化学科,前期,木,5,851,駿河台校舎,専門化学実験Ⅵ↓連続３時限
まちづくり工学専攻,前期,木,6,S1201,タワースコラ,歴史まちづくり特論 △
土木工学科,前期,木,6,S204,タワースコラ,水理学Ⅰ演習 {再履修}
一般教育,前期,木,6,S306,タワースコラ,教）金属加工
電気工学専攻,前期,木,6,S602,タワースコラ,光エレクトロニクス特論 △
量子理工学専攻,前期,木,6,S603,タワースコラ,電磁気学特論 △
応用情報工学科,前期,木,6,1012,船橋校舎,幾何概論Ⅰ
一般教育,前期,木,6,1012,船橋校舎,教）幾何学Ⅰ
一般教育,前期,木,6,1422,船橋校舎,学）博物館概論
一般教育,前期,木,6,1431,船橋校舎,教）工業概論
海洋建築工学専攻,前期,木,6,1452,船橋校舎,海洋工学特論Ⅱ
物理学専攻,前期,木,6,832,駿河台校舎,天体物理学特論 △
電気工学科,前期,水,1,S101,タワースコラ,電気工学ゼミナール
土木工学科,前期,水,1,S201,タワースコラ,English Communication Ⅰ
交通システム工学科,前期,水,1,S201,タワースコラ,English Communication Ⅰ
交通システム工学科,前期,水,1,S201,タワースコラ,English Communication Ⅰ
建築学科,前期,水,1,S201,タワースコラ,English Communication Ⅰ
海洋建築工学科,前期,水,1,S201,タワースコラ,English Communication Ⅰ
機械工学科,前期,水,1,S201,タワースコラ,English Communication Ⅰ
精密機械工学科,前期,水,1,S201,タワースコラ,English Communication Ⅰ
航空宇宙工学科,前期,水,1,S201,タワースコラ,English Communication Ⅰ
電気工学科,前期,水,1,S201,タワースコラ,English Communication Ⅰ
電子工学科,前期,水,1,S201,タワースコラ,English Communication Ⅰ
物質応用化学科,前期,水,1,S201,タワースコラ,English Communication Ⅰ
物理学科,前期,水,1,S201,タワースコラ,English Communication Ⅰ
数学科,前期,水,1,S201,タワースコラ,English Communication Ⅰ
まちづくり工学科,前期,水,1,S201,タワースコラ,English Communication Ⅰ
応用情報工学科,前期,水,1,S201,タワースコラ,English Communication Ⅰ
一般教育,前期,水,1,S201,タワースコラ,English Communication Ⅰ
建築学科,前期,水,1,S204,タワースコラ,建築計画Ⅰ {1}
建築学科,前期,水,1,S301,タワースコラ,建築法規 {2}
土木工学専攻,前期,水,1,S305,タワースコラ,土木計画数理特論
機械工学科,前期,水,1,S401,タワースコラ,流体力学Ⅲ
土木工学科,前期,水,1,S402,タワースコラ,English Communication Ⅰ
交通システム工学科,前期,水,1,S402,タワースコラ,English Communication Ⅰ
交通システム工学科,前期,水,1,S402,タワースコラ,English Communication Ⅰ
建築学科,前期,水,1,S402,タワースコラ,English Communication Ⅰ
海洋建築工学科,前期,水,1,S402,タワースコラ,English Communication Ⅰ
機械工学科,前期,水,1,S402,タワースコラ,English Communication Ⅰ
精密機械工学科,前期,水,1,S402,タワースコラ,English Communication Ⅰ
航空宇宙工学科,前期,水,1,S402,タワースコラ,English Communication Ⅰ
電気工学科,前期,水,1,S402,タワースコラ,English Communication Ⅰ
電子工学科,前期,水,1,S402,タワースコラ,English Communication Ⅰ
物質応用化学科,前期,水,1,S402,タワースコラ,English Communication Ⅰ
物理学科,前期,水,1,S402,タワースコラ,English Communication Ⅰ
数学科,前期,水,1,S402,タワースコラ,English Communication Ⅰ
まちづくり工学科,前期,水,1,S402,タワースコラ,English Communication Ⅰ
応用情報工学科,前期,水,1,S402,タワースコラ,English Communication Ⅰ
一般教育,前期,水,1,S402,タワースコラ,English Communication Ⅰ
土木工学科,前期,水,1,S404,タワースコラ,英語ⅢA
交通システム工学科,前期,水,1,S404,タワースコラ,英語ⅢA
交通システム工学科,前期,水,1,S404,タワースコラ,英語ⅢA
建築学科,前期,水,1,S404,タワースコラ,英語ⅢA
海洋建築工学科,前期,水,1,S404,タワースコラ,英語ⅢA
機械工学科,前期,水,1,S404,タワースコラ,英語ⅢA
精密機械工学科,前期,水,1,S404,タワースコラ,英語ⅢA
航空宇宙工学科,前期,水,1,S404,タワースコラ,英語ⅢA
電気工学科,前期,水,1,S404,タワースコラ,英語ⅢA
電子工学科,前期,水,1,S404,タワースコラ,英語ⅢA
物質応用化学科,前期,水,1,S404,タワースコラ,英語ⅢA
物理学科,前期,水,1,S404,タワースコラ,英語ⅢA
数学科,前期,水,1,S404,タワースコラ,英語ⅢA
まちづくり工学科,前期,水,1,S404,タワースコラ,英語ⅢA
応用情報工学科,前期,水,1,S404,タワースコラ,英語ⅢA
一般教育,前期,水,1,S404,タワースコラ,英語ⅢA
土木工学科,前期,水,1,S405,タワースコラ,English Communication Ⅰ
交通システム工学科,前期,水,1,S405,タワースコラ,English Communication Ⅰ
交通システム工学科,前期,水,1,S405,タワースコラ,English Communication Ⅰ
建築学科,前期,水,1,S405,タワースコラ,English Communication Ⅰ
海洋建築工学科,前期,水,1,S405,タワースコラ,English Communication Ⅰ
機械工学科,前期,水,1,S405,タワースコラ,English Communication Ⅰ
精密機械工学科,前期,水,1,S405,タワースコラ,English Communication Ⅰ
航空宇宙工学科,前期,水,1,S405,タワースコラ,English Communication Ⅰ
電気工学科,前期,水,1,S405,タワースコラ,English Communication Ⅰ
電子工学科,前期,水,1,S405,タワースコラ,English Communication Ⅰ
物質応用化学科,前期,水,1,S405,タワースコラ,English Communication Ⅰ
物理学科,前期,水,1,S405,タワースコラ,English Communication Ⅰ
数学科,前期,水,1,S405,タワースコラ,English Communication Ⅰ
まちづくり工学科,前期,水,1,S405,タワースコラ,English Communication Ⅰ
応用情報工学科,前期,水,1,S405,タワースコラ,English Communication Ⅰ
一般教育,前期,水,1,S405,タワースコラ,English Communication Ⅰ
物理学専攻,前期,水,1,S406,タワースコラ,磁気流体力学Ⅰ
土木工学専攻,前期,水,1,S407,タワースコラ,インフラ整備政策特論 {同時開講}
交通システム工学専攻,前期,水,1,S407,タワースコラ,インフラ整備政策特論 {同時開講}
物理学科,前期,水,1,S501,タワースコラ,計算機演習↓連続２時限
土木工学科,前期,水,1,S502,タワースコラ,英語ⅢA
交通システム工学科,前期,水,1,S502,タワースコラ,英語ⅢA
交通システム工学科,前期,水,1,S502,タワースコラ,英語ⅢA
建築学科,前期,水,1,S502,タワースコラ,英語ⅢA
海洋建築工学科,前期,水,1,S502,タワースコラ,英語ⅢA
機械工学科,前期,水,1,S502,タワースコラ,英語ⅢA
精密機械工学科,前期,水,1,S502,タワースコラ,英語ⅢA
航空宇宙工学科,前期,水,1,S502,タワースコラ,英語ⅢA
電気工学科,前期,水,1,S502,タワースコラ,英語ⅢA
電子工学科,前期,水,1,S502,タワースコラ,英語ⅢA
物質応用化学科,前期,水,1,S502,タワースコラ,英語ⅢA
物理学科,前期,水,1,S502,タワースコラ,英語ⅢA
物理学科,前期,水,1,S502,タワースコラ,計算機演習↓連続２時限
数学科,前期,水,1,S502,タワースコラ,英語ⅢA
まちづくり工学科,前期,水,1,S502,タワースコラ,英語ⅢA
応用情報工学科,前期,水,1,S502,タワースコラ,英語ⅢA
一般教育,前期,水,1,S502,タワースコラ,英語ⅢA
物理学科,前期,水,1,S503,タワースコラ,計算機演習↓連続２時限
数学科,前期,水,1,S505,タワースコラ,数学キャリアデザイン
機械工学専攻,前期,水,1,S601,タワースコラ,自動車工学特論Ⅰ
物質応用化学科,前期,水,1,1011,船橋校舎,力と運動の物理学Ⅰ {A}
物質応用化学科,前期,水,1,1012,船橋校舎,微分積分学Ⅰ {B}
応用情報工学科,前期,水,1,1021,船橋校舎,情報基礎演習Ⅰ
応用情報工学科,前期,水,1,1023,船橋校舎,制御理論
物理学科,前期,水,1,1031,船橋校舎,物理学Ⅰ
精密機械工学科,前期,水,1,1041,船橋校舎,工作実習実験Ⅰ {1}{未来}↓連続２時限
精密機械工学科,前期,水,1,1043,船橋校舎,工作実習実験Ⅱ {2}{未来}↓連続２時限
土木工学科,前期,水,1,105,船橋校舎,基礎物理学実験 {年間隔週}↓連続２時限【年間隔週】
交通システム工学科,前期,水,1,105,船橋校舎,基礎物理学実験 {年間隔週}↓連続２時限【年間隔週】
交通システム工学科,前期,水,1,105,船橋校舎,基礎物理学実験 {年間隔週}↓連続２時限【年間隔週】
建築学科,前期,水,1,105,船橋校舎,基礎物理学実験 {年間隔週}↓連続２時限【年間隔週】
海洋建築工学科,前期,水,1,105,船橋校舎,基礎物理学実験 {年間隔週}↓連続２時限【年間隔週】
機械工学科,前期,水,1,105,船橋校舎,基礎物理学実験 {年間隔週}↓連続２時限【年間隔週】
精密機械工学科,前期,水,1,105,船橋校舎,基礎物理学実験 {年間隔週}↓連続２時限【年間隔週】
航空宇宙工学科,前期,水,1,105,船橋校舎,基礎物理学実験 {年間隔週}↓連続２時限【年間隔週】
電気工学科,前期,水,1,105,船橋校舎,基礎物理学実験 {年間隔週}↓連続２時限【年間隔週】
電子工学科,前期,水,1,105,船橋校舎,基礎物理学実験 {年間隔週}↓連続２時限【年間隔週】
物質応用化学科,前期,水,1,105,船橋校舎,基礎物理学実験 {年間隔週}↓連続２時限【年間隔週】
物理学科,前期,水,1,105,船橋校舎,基礎物理学実験 {年間隔週}↓連続２時限【年間隔週】
数学科,前期,水,1,105,船橋校舎,基礎物理学実験 {年間隔週}↓連続２時限【年間隔週】
まちづくり工学科,前期,水,1,105,船橋校舎,基礎物理学実験 {年間隔週}↓連続２時限【年間隔週】
応用情報工学科,前期,水,1,105,船橋校舎,基礎物理学実験 {年間隔週}↓連続２時限【年間隔週】
一般教育,前期,水,1,105,船橋校舎,基礎物理学実験 {年間隔週}↓連続２時限【年間隔週】
土木工学科,前期,水,1,113,船橋校舎,基礎物理学実験 {年間隔週}↓連続２時限【年間隔週】
交通システム工学科,前期,水,1,113,船橋校舎,基礎物理学実験 {年間隔週}↓連続２時限【年間隔週】
交通システム工学科,前期,水,1,113,船橋校舎,基礎物理学実験 {年間隔週}↓連続２時限【年間隔週】
建築学科,前期,水,1,113,船橋校舎,基礎物理学実験 {年間隔週}↓連続２時限【年間隔週】
海洋建築工学科,前期,水,1,113,船橋校舎,基礎物理学実験 {年間隔週}↓連続２時限【年間隔週】
機械工学科,前期,水,1,113,船橋校舎,基礎物理学実験 {年間隔週}↓連続２時限【年間隔週】
精密機械工学科,前期,水,1,113,船橋校舎,基礎物理学実験 {年間隔週}↓連続２時限【年間隔週】
航空宇宙工学科,前期,水,1,113,船橋校舎,基礎物理学実験 {年間隔週}↓連続２時限【年間隔週】
電気工学科,前期,水,1,113,船橋校舎,基礎物理学実験 {年間隔週}↓連続２時限【年間隔週】
電子工学科,前期,水,1,113,船橋校舎,基礎物理学実験 {年間隔週}↓連続２時限【年間隔週】
物質応用化学科,前期,水,1,113,船橋校舎,基礎物理学実験 {年間隔週}↓連続２時限【年間隔週】
物理学科,前期,水,1,113,船橋校舎,基礎物理学実験 {年間隔週}↓連続２時限【年間隔週】
数学科,前期,水,1,113,船橋校舎,基礎物理学実験 {年間隔週}↓連続２時限【年間隔週】
まちづくり工学科,前期,水,1,113,船橋校舎,基礎物理学実験 {年間隔週}↓連続２時限【年間隔週】
応用情報工学科,前期,水,1,113,船橋校舎,基礎物理学実験 {年間隔週}↓連続２時限【年間隔週】
一般教育,前期,水,1,113,船橋校舎,基礎物理学実験 {年間隔週}↓連続２時限【年間隔週】
数学科,前期,水,1,1131,船橋校舎,英語ⅠA
数学科,前期,水,1,1132,船橋校舎,英語ⅠA
数学科,前期,水,1,1133,船橋校舎,英語ⅠA
電子工学科,前期,水,1,1141,船橋校舎,線形代数学Ⅰ
応用情報工学科,前期,水,1,1201,船橋校舎,情報基礎演習Ⅰ
精密機械工学科,前期,水,1,1202,船橋校舎,工作実習実験Ⅰ {1}{未来}↓連続２時限
応用情報工学科,前期,水,1,1204,船橋校舎,情報基礎演習Ⅰ
電子工学科,前期,水,1,1221,船橋校舎,電磁気学Ⅰ及び演習 {1}{未来}↓連続２時限
電子工学科,前期,水,1,1224,船橋校舎,電磁気学Ⅰ及び演習 {2}{未来}↓連続２時限
電子工学科,前期,水,1,1231,船橋校舎,電磁気学Ⅰ及び演習 {1}{未来}↓連続２時限
電子工学科,前期,水,1,1232,船橋校舎,電磁気学Ⅰ及び演習 {2}{未来}↓連続２時限
建築学科,前期,水,1,1325,船橋校舎,建築基礎実験 {2}↓連続２時限
海洋建築工学科,前期,水,1,1326,船橋校舎,情報基礎
土木工学科,前期,水,1,134,船橋校舎,基礎物理学実験 {年間隔週}↓連続２時限【年間隔週】
交通システム工学科,前期,水,1,134,船橋校舎,基礎物理学実験 {年間隔週}↓連続２時限【年間隔週】
交通システム工学科,前期,水,1,134,船橋校舎,基礎物理学実験 {年間隔週}↓連続２時限【年間隔週】
建築学科,前期,水,1,134,船橋校舎,基礎物理学実験 {年間隔週}↓連続２時限【年間隔週】
海洋建築工学科,前期,水,1,134,船橋校舎,基礎物理学実験 {年間隔週}↓連続２時限【年間隔週】
機械工学科,前期,水,1,134,船橋校舎,基礎物理学実験 {年間隔週}↓連続２時限【年間隔週】
精密機械工学科,前期,水,1,134,船橋校舎,基礎物理学実験 {年間隔週}↓連続２時限【年間隔週】
航空宇宙工学科,前期,水,1,134,船橋校舎,基礎物理学実験 {年間隔週}↓連続２時限【年間隔週】
電気工学科,前期,水,1,134,船橋校舎,基礎物理学実験 {年間隔週}↓連続２時限【年間隔週】
電子工学科,前期,水,1,134,船橋校舎,基礎物理学実験 {年間隔週}↓連続２時限【年間隔週】
物質応用化学科,前期,水,1,134,船橋校舎,基礎物理学実験 {年間隔週}↓連続２時限【年間隔週】
物理学科,前期,水,1,134,船橋校舎,基礎物理学実験 {年間隔週}↓連続２時限【年間隔週】
数学科,前期,水,1,134,船橋校舎,基礎物理学実験 {年間隔週}↓連続２時限【年間隔週】
まちづくり工学科,前期,水,1,134,船橋校舎,基礎物理学実験 {年間隔週}↓連続２時限【年間隔週】
応用情報工学科,前期,水,1,134,船橋校舎,基礎物理学実験 {年間隔週}↓連続２時限【年間隔週】
一般教育,前期,水,1,134,船橋校舎,基礎物理学実験 {年間隔週}↓連続２時限【年間隔週】
まちづくり工学科,前期,水,1,1422,船橋校舎,基礎力学Ⅰ
交通システム工学科,前期,水,1,1424,船橋校舎,情報通信システム
交通システム工学科,前期,水,1,1424,船橋校舎,情報通信システム
土木工学科,前期,水,1,143,船橋校舎,基礎物理学実験 {年間隔週}↓連続２時限【年間隔週】
交通システム工学科,前期,水,1,143,船橋校舎,基礎物理学実験 {年間隔週}↓連続２時限【年間隔週】
交通システム工学科,前期,水,1,143,船橋校舎,基礎物理学実験 {年間隔週}↓連続２時限【年間隔週】
建築学科,前期,水,1,143,船橋校舎,基礎物理学実験 {年間隔週}↓連続２時限【年間隔週】
海洋建築工学科,前期,水,1,143,船橋校舎,基礎物理学実験 {年間隔週}↓連続２時限【年間隔週】
機械工学科,前期,水,1,143,船橋校舎,基礎物理学実験 {年間隔週}↓連続２時限【年間隔週】
精密機械工学科,前期,水,1,143,船橋校舎,基礎物理学実験 {年間隔週}↓連続２時限【年間隔週】
航空宇宙工学科,前期,水,1,143,船橋校舎,基礎物理学実験 {年間隔週}↓連続２時限【年間隔週】
電気工学科,前期,水,1,143,船橋校舎,基礎物理学実験 {年間隔週}↓連続２時限【年間隔週】
電子工学科,前期,水,1,143,船橋校舎,基礎物理学実験 {年間隔週}↓連続２時限【年間隔週】
物質応用化学科,前期,水,1,143,船橋校舎,基礎物理学実験 {年間隔週}↓連続２時限【年間隔週】
物理学科,前期,水,1,143,船橋校舎,基礎物理学実験 {年間隔週}↓連続２時限【年間隔週】
数学科,前期,水,1,143,船橋校舎,基礎物理学実験 {年間隔週}↓連続２時限【年間隔週】
まちづくり工学科,前期,水,1,143,船橋校舎,基礎物理学実験 {年間隔週}↓連続２時限【年間隔週】
応用情報工学科,前期,水,1,143,船橋校舎,基礎物理学実験 {年間隔週}↓連続２時限【年間隔週】
一般教育,前期,水,1,143,船橋校舎,基礎物理学実験 {年間隔週}↓連続２時限【年間隔週】
海洋建築工学科,前期,水,1,1434,船橋校舎,建築構造及び材料Ⅱ
土木工学科,前期,水,1,144,船橋校舎,基礎物理学実験 {年間隔週}↓連続２時限【年間隔週】
交通システム工学科,前期,水,1,144,船橋校舎,基礎物理学実験 {年間隔週}↓連続２時限【年間隔週】
交通システム工学科,前期,水,1,144,船橋校舎,基礎物理学実験 {年間隔週}↓連続２時限【年間隔週】
建築学科,前期,水,1,144,船橋校舎,基礎物理学実験 {年間隔週}↓連続２時限【年間隔週】
海洋建築工学科,前期,水,1,144,船橋校舎,基礎物理学実験 {年間隔週}↓連続２時限【年間隔週】
機械工学科,前期,水,1,144,船橋校舎,基礎物理学実験 {年間隔週}↓連続２時限【年間隔週】
精密機械工学科,前期,水,1,144,船橋校舎,基礎物理学実験 {年間隔週}↓連続２時限【年間隔週】
航空宇宙工学科,前期,水,1,144,船橋校舎,基礎物理学実験 {年間隔週}↓連続２時限【年間隔週】
電気工学科,前期,水,1,144,船橋校舎,基礎物理学実験 {年間隔週}↓連続２時限【年間隔週】
電子工学科,前期,水,1,144,船橋校舎,基礎物理学実験 {年間隔週}↓連続２時限【年間隔週】
物質応用化学科,前期,水,1,144,船橋校舎,基礎物理学実験 {年間隔週}↓連続２時限【年間隔週】
物理学科,前期,水,1,144,船橋校舎,基礎物理学実験 {年間隔週}↓連続２時限【年間隔週】
数学科,前期,水,1,144,船橋校舎,基礎物理学実験 {年間隔週}↓連続２時限【年間隔週】
まちづくり工学科,前期,水,1,144,船橋校舎,基礎物理学実験 {年間隔週}↓連続２時限【年間隔週】
応用情報工学科,前期,水,1,144,船橋校舎,基礎物理学実験 {年間隔週}↓連続２時限【年間隔週】
一般教育,前期,水,1,144,船橋校舎,基礎物理学実験 {年間隔週}↓連続２時限【年間隔週】
電子工学科,前期,水,1,1441,船橋校舎,光・電子応用計測
航空宇宙工学科,前期,水,1,1443,船橋校舎,熱力学Ⅰ及び演習 {未来}↓連続２時限
電子工学科,前期,水,1,1444,船橋校舎,生体情報工学
海洋建築工学専攻,前期,水,1,1452,船橋校舎,計算工学特論Ⅰ ＊(数値)
電子工学専攻,前期,水,1,1454,船橋校舎,電磁波工学特論
航空宇宙工学専攻,前期,水,1,1455,船橋校舎,航空宇宙制御論Ⅲ
電子工学科,前期,水,1,1458,船橋校舎,電磁気学Ⅱ及び演習 {再}{未来}↓連続２時限
応用情報工学科,前期,水,1,241,船橋校舎,情報基礎演習Ⅰ
土木工学科,前期,水,1,341,船橋校舎,基礎化学実験 {年間隔週}↓連続２時限【年間隔週】
交通システム工学科,前期,水,1,341,船橋校舎,基礎化学実験 {年間隔週}↓連続２時限【年間隔週】
交通システム工学科,前期,水,1,341,船橋校舎,基礎化学実験 {年間隔週}↓連続２時限【年間隔週】
建築学科,前期,水,1,341,船橋校舎,基礎化学実験 {年間隔週}↓連続２時限【年間隔週】
海洋建築工学科,前期,水,1,341,船橋校舎,基礎化学実験 {年間隔週}↓連続２時限【年間隔週】
機械工学科,前期,水,1,341,船橋校舎,基礎化学実験 {年間隔週}↓連続２時限【年間隔週】
精密機械工学科,前期,水,1,341,船橋校舎,基礎化学実験 {年間隔週}↓連続２時限【年間隔週】
航空宇宙工学科,前期,水,1,341,船橋校舎,基礎化学実験 {年間隔週}↓連続２時限【年間隔週】
電気工学科,前期,水,1,341,船橋校舎,基礎化学実験 {年間隔週}↓連続２時限【年間隔週】
電子工学科,前期,水,1,341,船橋校舎,基礎化学実験 {年間隔週}↓連続２時限【年間隔週】
物質応用化学科,前期,水,1,341,船橋校舎,基礎化学実験 {年間隔週}↓連続２時限【年間隔週】
物理学科,前期,水,1,341,船橋校舎,基礎化学実験 {年間隔週}↓連続２時限【年間隔週】
数学科,前期,水,1,341,船橋校舎,基礎化学実験 {年間隔週}↓連続２時限【年間隔週】
まちづくり工学科,前期,水,1,341,船橋校舎,基礎化学実験 {年間隔週}↓連続２時限【年間隔週】
応用情報工学科,前期,水,1,341,船橋校舎,基礎化学実験 {年間隔週}↓連続２時限【年間隔週】
一般教育,前期,水,1,341,船橋校舎,基礎化学実験 {年間隔週}↓連続２時限【年間隔週】
土木工学科,前期,水,1,342,船橋校舎,基礎化学実験 {年間隔週}↓連続２時限【年間隔週】
交通システム工学科,前期,水,1,342,船橋校舎,基礎化学実験 {年間隔週}↓連続２時限【年間隔週】
交通システム工学科,前期,水,1,342,船橋校舎,基礎化学実験 {年間隔週}↓連続２時限【年間隔週】
建築学科,前期,水,1,342,船橋校舎,基礎化学実験 {年間隔週}↓連続２時限【年間隔週】
海洋建築工学科,前期,水,1,342,船橋校舎,基礎化学実験 {年間隔週}↓連続２時限【年間隔週】
機械工学科,前期,水,1,342,船橋校舎,基礎化学実験 {年間隔週}↓連続２時限【年間隔週】
精密機械工学科,前期,水,1,342,船橋校舎,基礎化学実験 {年間隔週}↓連続２時限【年間隔週】
航空宇宙工学科,前期,水,1,342,船橋校舎,基礎化学実験 {年間隔週}↓連続２時限【年間隔週】
電気工学科,前期,水,1,342,船橋校舎,基礎化学実験 {年間隔週}↓連続２時限【年間隔週】
電子工学科,前期,水,1,342,船橋校舎,基礎化学実験 {年間隔週}↓連続２時限【年間隔週】
物質応用化学科,前期,水,1,342,船橋校舎,基礎化学実験 {年間隔週}↓連続２時限【年間隔週】
物理学科,前期,水,1,342,船橋校舎,基礎化学実験 {年間隔週}↓連続２時限【年間隔週】
数学科,前期,水,1,342,船橋校舎,基礎化学実験 {年間隔週}↓連続２時限【年間隔週】
まちづくり工学科,前期,水,1,342,船橋校舎,基礎化学実験 {年間隔週}↓連続２時限【年間隔週】
応用情報工学科,前期,水,1,342,船橋校舎,基礎化学実験 {年間隔週}↓連続２時限【年間隔週】
一般教育,前期,水,1,342,船橋校舎,基礎化学実験 {年間隔週}↓連続２時限【年間隔週】
土木工学科,前期,水,1,819,船橋校舎,基礎化学実験 {年間隔週}↓連続２時限【年間隔週】
交通システム工学科,前期,水,1,819,船橋校舎,基礎化学実験 {年間隔週}↓連続２時限【年間隔週】
交通システム工学科,前期,水,1,819,船橋校舎,基礎化学実験 {年間隔週}↓連続２時限【年間隔週】
建築学科,前期,水,1,819,船橋校舎,基礎化学実験 {年間隔週}↓連続２時限【年間隔週】
海洋建築工学科,前期,水,1,819,船橋校舎,基礎化学実験 {年間隔週}↓連続２時限【年間隔週】
機械工学科,前期,水,1,819,船橋校舎,基礎化学実験 {年間隔週}↓連続２時限【年間隔週】
精密機械工学科,前期,水,1,819,船橋校舎,基礎化学実験 {年間隔週}↓連続２時限【年間隔週】
航空宇宙工学科,前期,水,1,819,船橋校舎,基礎化学実験 {年間隔週}↓連続２時限【年間隔週】
電気工学科,前期,水,1,819,船橋校舎,基礎化学実験 {年間隔週}↓連続２時限【年間隔週】
電子工学科,前期,水,1,819,船橋校舎,基礎化学実験 {年間隔週}↓連続２時限【年間隔週】
物質応用化学科,前期,水,1,819,船橋校舎,基礎化学実験 {年間隔週}↓連続２時限【年間隔週】
物理学科,前期,水,1,819,船橋校舎,基礎化学実験 {年間隔週}↓連続２時限【年間隔週】
数学科,前期,水,1,819,船橋校舎,基礎化学実験 {年間隔週}↓連続２時限【年間隔週】
まちづくり工学科,前期,水,1,819,船橋校舎,基礎化学実験 {年間隔週}↓連続２時限【年間隔週】
応用情報工学科,前期,水,1,819,船橋校舎,基礎化学実験 {年間隔週}↓連続２時限【年間隔週】
一般教育,前期,水,1,819,船橋校舎,基礎化学実験 {年間隔週}↓連続２時限【年間隔週】
土木工学科,前期,水,1,826,船橋校舎,基礎化学実験 {年間隔週}↓連続２時限【年間隔週】
交通システム工学科,前期,水,1,826,船橋校舎,基礎化学実験 {年間隔週}↓連続２時限【年間隔週】
交通システム工学科,前期,水,1,826,船橋校舎,基礎化学実験 {年間隔週}↓連続２時限【年間隔週】
建築学科,前期,水,1,826,船橋校舎,基礎化学実験 {年間隔週}↓連続２時限【年間隔週】
海洋建築工学科,前期,水,1,826,船橋校舎,基礎化学実験 {年間隔週}↓連続２時限【年間隔週】
機械工学科,前期,水,1,826,船橋校舎,基礎化学実験 {年間隔週}↓連続２時限【年間隔週】
精密機械工学科,前期,水,1,826,船橋校舎,基礎化学実験 {年間隔週}↓連続２時限【年間隔週】
航空宇宙工学科,前期,水,1,826,船橋校舎,基礎化学実験 {年間隔週}↓連続２時限【年間隔週】
電気工学科,前期,水,1,826,船橋校舎,基礎化学実験 {年間隔週}↓連続２時限【年間隔週】
電子工学科,前期,水,1,826,船橋校舎,基礎化学実験 {年間隔週}↓連続２時限【年間隔週】
物質応用化学科,前期,水,1,826,船橋校舎,基礎化学実験 {年間隔週}↓連続２時限【年間隔週】
物理学科,前期,水,1,826,船橋校舎,基礎化学実験 {年間隔週}↓連続２時限【年間隔週】
数学科,前期,水,1,826,船橋校舎,基礎化学実験 {年間隔週}↓連続２時限【年間隔週】
まちづくり工学科,前期,水,1,826,船橋校舎,基礎化学実験 {年間隔週}↓連続２時限【年間隔週】
応用情報工学科,前期,水,1,826,船橋校舎,基礎化学実験 {年間隔週}↓連続２時限【年間隔週】
一般教育,前期,水,1,826,船橋校舎,基礎化学実験 {年間隔週}↓連続２時限【年間隔週】
土木工学科,前期,水,1,829,船橋校舎,基礎化学実験 {年間隔週}↓連続２時限【年間隔週】
交通システム工学科,前期,水,1,829,船橋校舎,基礎化学実験 {年間隔週}↓連続２時限【年間隔週】
交通システム工学科,前期,水,1,829,船橋校舎,基礎化学実験 {年間隔週}↓連続２時限【年間隔週】
建築学科,前期,水,1,829,船橋校舎,基礎化学実験 {年間隔週}↓連続２時限【年間隔週】
海洋建築工学科,前期,水,1,829,船橋校舎,基礎化学実験 {年間隔週}↓連続２時限【年間隔週】
機械工学科,前期,水,1,829,船橋校舎,基礎化学実験 {年間隔週}↓連続２時限【年間隔週】
精密機械工学科,前期,水,1,829,船橋校舎,基礎化学実験 {年間隔週}↓連続２時限【年間隔週】
航空宇宙工学科,前期,水,1,829,船橋校舎,基礎化学実験 {年間隔週}↓連続２時限【年間隔週】
電気工学科,前期,水,1,829,船橋校舎,基礎化学実験 {年間隔週}↓連続２時限【年間隔週】
電子工学科,前期,水,1,829,船橋校舎,基礎化学実験 {年間隔週}↓連続２時限【年間隔週】
物質応用化学科,前期,水,1,829,船橋校舎,基礎化学実験 {年間隔週}↓連続２時限【年間隔週】
物理学科,前期,水,1,829,船橋校舎,基礎化学実験 {年間隔週}↓連続２時限【年間隔週】
数学科,前期,水,1,829,船橋校舎,基礎化学実験 {年間隔週}↓連続２時限【年間隔週】
まちづくり工学科,前期,水,1,829,船橋校舎,基礎化学実験 {年間隔週}↓連続２時限【年間隔週】
応用情報工学科,前期,水,1,829,船橋校舎,基礎化学実験 {年間隔週}↓連続２時限【年間隔週】
一般教育,前期,水,1,829,船橋校舎,基礎化学実験 {年間隔週}↓連続２時限【年間隔週】
土木工学科,前期,水,1,131,駿河台校舎,コンクリート構造設計 {1}
土木工学科,前期,水,1,132,駿河台校舎,英語ⅢA
交通システム工学科,前期,水,1,132,駿河台校舎,英語ⅢA
交通システム工学科,前期,水,1,132,駿河台校舎,英語ⅢA
建築学科,前期,水,1,132,駿河台校舎,英語ⅢA
海洋建築工学科,前期,水,1,132,駿河台校舎,英語ⅢA
機械工学科,前期,水,1,132,駿河台校舎,英語ⅢA
精密機械工学科,前期,水,1,132,駿河台校舎,英語ⅢA
航空宇宙工学科,前期,水,1,132,駿河台校舎,英語ⅢA
電気工学科,前期,水,1,132,駿河台校舎,英語ⅢA
電子工学科,前期,水,1,132,駿河台校舎,英語ⅢA
物質応用化学科,前期,水,1,132,駿河台校舎,英語ⅢA
物理学科,前期,水,1,132,駿河台校舎,英語ⅢA
数学科,前期,水,1,132,駿河台校舎,英語ⅢA
まちづくり工学科,前期,水,1,132,駿河台校舎,英語ⅢA
応用情報工学科,前期,水,1,132,駿河台校舎,英語ⅢA
一般教育,前期,水,1,132,駿河台校舎,英語ⅢA
土木工学科,前期,水,1,133,駿河台校舎,英語ⅢA
交通システム工学科,前期,水,1,133,駿河台校舎,英語ⅢA
交通システム工学科,前期,水,1,133,駿河台校舎,英語ⅢA
建築学科,前期,水,1,133,駿河台校舎,英語ⅢA
海洋建築工学科,前期,水,1,133,駿河台校舎,英語ⅢA
機械工学科,前期,水,1,133,駿河台校舎,英語ⅢA
精密機械工学科,前期,水,1,133,駿河台校舎,英語ⅢA
航空宇宙工学科,前期,水,1,133,駿河台校舎,英語ⅢA
電気工学科,前期,水,1,133,駿河台校舎,英語ⅢA
電子工学科,前期,水,1,133,駿河台校舎,英語ⅢA
物質応用化学科,前期,水,1,133,駿河台校舎,英語ⅢA
物理学科,前期,水,1,133,駿河台校舎,英語ⅢA
数学科,前期,水,1,133,駿河台校舎,英語ⅢA
まちづくり工学科,前期,水,1,133,駿河台校舎,英語ⅢA
応用情報工学科,前期,水,1,133,駿河台校舎,英語ⅢA
一般教育,前期,水,1,133,駿河台校舎,英語ⅢA
土木工学科,前期,水,1,134,駿河台校舎,英語ⅢA
交通システム工学科,前期,水,1,134,駿河台校舎,英語ⅢA
交通システム工学科,前期,水,1,134,駿河台校舎,英語ⅢA
建築学科,前期,水,1,134,駿河台校舎,英語ⅢA
海洋建築工学科,前期,水,1,134,駿河台校舎,英語ⅢA
機械工学科,前期,水,1,134,駿河台校舎,英語ⅢA
精密機械工学科,前期,水,1,134,駿河台校舎,英語ⅢA
航空宇宙工学科,前期,水,1,134,駿河台校舎,英語ⅢA
電気工学科,前期,水,1,134,駿河台校舎,英語ⅢA
電子工学科,前期,水,1,134,駿河台校舎,英語ⅢA
物質応用化学科,前期,水,1,134,駿河台校舎,英語ⅢA
物理学科,前期,水,1,134,駿河台校舎,英語ⅢA
数学科,前期,水,1,134,駿河台校舎,英語ⅢA
まちづくり工学科,前期,水,1,134,駿河台校舎,英語ⅢA
応用情報工学科,前期,水,1,134,駿河台校舎,英語ⅢA
一般教育,前期,水,1,134,駿河台校舎,英語ⅢA
土木工学科,前期,水,1,141,駿河台校舎,材料力学 {2}
土木工学科,前期,水,1,142,駿河台校舎,英語ⅢA
交通システム工学科,前期,水,1,142,駿河台校舎,英語ⅢA
交通システム工学科,前期,水,1,142,駿河台校舎,英語ⅢA
建築学科,前期,水,1,142,駿河台校舎,英語ⅢA
海洋建築工学科,前期,水,1,142,駿河台校舎,英語ⅢA
機械工学科,前期,水,1,142,駿河台校舎,英語ⅢA
精密機械工学科,前期,水,1,142,駿河台校舎,英語ⅢA
航空宇宙工学科,前期,水,1,142,駿河台校舎,英語ⅢA
電気工学科,前期,水,1,142,駿河台校舎,英語ⅢA
電子工学科,前期,水,1,142,駿河台校舎,英語ⅢA
物質応用化学科,前期,水,1,142,駿河台校舎,英語ⅢA
物理学科,前期,水,1,142,駿河台校舎,英語ⅢA
数学科,前期,水,1,142,駿河台校舎,英語ⅢA
まちづくり工学科,前期,水,1,142,駿河台校舎,英語ⅢA
応用情報工学科,前期,水,1,142,駿河台校舎,英語ⅢA
一般教育,前期,水,1,142,駿河台校舎,英語ⅢA
土木工学科,前期,水,1,144,駿河台校舎,地球環境学 {1}
土木工学科,前期,水,1,151,駿河台校舎,応用力学Ⅰ {2}
物質応用化学科,前期,水,1,152,駿河台校舎,数理統計学Ⅰ {A}
物質応用化学科,前期,水,1,154,駿河台校舎,線形代数学Ⅰ {B}
物質応用化学科,前期,水,1,841,駿河台校舎,高分子物性 {B}
物質応用化学科,前期,水,1,851,駿河台校舎,無機固体化学 {A}
電気工学科,前期,水,2,S101,タワースコラ,電気工学総合演習
建築学専攻,前期,水,2,S1201,タワースコラ,都市計画特論
一般教育,前期,水,2,S201,タワースコラ,英語特殊講義A
土木工学科,前期,水,2,S202,タワースコラ,ことばと文化 {I群}
交通システム工学科,前期,水,2,S202,タワースコラ,ことばと文化 {I群}
交通システム工学科,前期,水,2,S202,タワースコラ,ことばと文化 {I群}
建築学科,前期,水,2,S202,タワースコラ,ことばと文化 {I群}
海洋建築工学科,前期,水,2,S202,タワースコラ,ことばと文化 {I群}
機械工学科,前期,水,2,S202,タワースコラ,ことばと文化 {I群}
精密機械工学科,前期,水,2,S202,タワースコラ,ことばと文化 {I群}
航空宇宙工学科,前期,水,2,S202,タワースコラ,ことばと文化 {I群}
電気工学科,前期,水,2,S202,タワースコラ,ことばと文化 {I群}
電子工学科,前期,水,2,S202,タワースコラ,ことばと文化 {I群}
物質応用化学科,前期,水,2,S202,タワースコラ,ことばと文化 {I群}
物理学科,前期,水,2,S202,タワースコラ,ことばと文化 {I群}
数学科,前期,水,2,S202,タワースコラ,ことばと文化 {I群}
まちづくり工学科,前期,水,2,S202,タワースコラ,ことばと文化 {I群}
応用情報工学科,前期,水,2,S202,タワースコラ,ことばと文化 {I群}
一般教育,前期,水,2,S202,タワースコラ,ことばと文化 {I群}
土木工学科,前期,水,2,S203,タワースコラ,歴史学 {I群}
交通システム工学科,前期,水,2,S203,タワースコラ,歴史学 {I群}
交通システム工学科,前期,水,2,S203,タワースコラ,歴史学 {I群}
建築学科,前期,水,2,S203,タワースコラ,歴史学 {I群}
海洋建築工学科,前期,水,2,S203,タワースコラ,歴史学 {I群}
機械工学科,前期,水,2,S203,タワースコラ,歴史学 {I群}
精密機械工学科,前期,水,2,S203,タワースコラ,歴史学 {I群}
航空宇宙工学科,前期,水,2,S203,タワースコラ,歴史学 {I群}
電気工学科,前期,水,2,S203,タワースコラ,歴史学 {I群}
電子工学科,前期,水,2,S203,タワースコラ,歴史学 {I群}
物質応用化学科,前期,水,2,S203,タワースコラ,歴史学 {I群}
物理学科,前期,水,2,S203,タワースコラ,歴史学 {I群}
数学科,前期,水,2,S203,タワースコラ,歴史学 {I群}
まちづくり工学科,前期,水,2,S203,タワースコラ,歴史学 {I群}
応用情報工学科,前期,水,2,S203,タワースコラ,歴史学 {I群}
一般教育,前期,水,2,S203,タワースコラ,歴史学 {I群}
建築学科,前期,水,2,S204,タワースコラ,建築法規 {1}
建築学科,前期,水,2,S301,タワースコラ,建築計画Ⅰ {2}
建築学科,前期,水,2,S302,タワースコラ,建築史Ⅲ {2}
土木工学科,前期,水,2,S303,タワースコラ,感性芸術学 {II群}
交通システム工学科,前期,水,2,S303,タワースコラ,感性芸術学 {II群}
交通システム工学科,前期,水,2,S303,タワースコラ,感性芸術学 {II群}
建築学科,前期,水,2,S303,タワースコラ,感性芸術学 {II群}
海洋建築工学科,前期,水,2,S303,タワースコラ,感性芸術学 {II群}
機械工学科,前期,水,2,S303,タワースコラ,感性芸術学 {II群}
精密機械工学科,前期,水,2,S303,タワースコラ,感性芸術学 {II群}
航空宇宙工学科,前期,水,2,S303,タワースコラ,感性芸術学 {II群}
電気工学科,前期,水,2,S303,タワースコラ,感性芸術学 {II群}
電子工学科,前期,水,2,S303,タワースコラ,感性芸術学 {II群}
物質応用化学科,前期,水,2,S303,タワースコラ,感性芸術学 {II群}
物理学科,前期,水,2,S303,タワースコラ,感性芸術学 {II群}
数学科,前期,水,2,S303,タワースコラ,感性芸術学 {II群}
まちづくり工学科,前期,水,2,S303,タワースコラ,感性芸術学 {II群}
応用情報工学科,前期,水,2,S303,タワースコラ,感性芸術学 {II群}
一般教育,前期,水,2,S303,タワースコラ,感性芸術学 {II群}
土木工学科,前期,水,2,S304,タワースコラ,哲学 {II群}
交通システム工学科,前期,水,2,S304,タワースコラ,哲学 {II群}
交通システム工学科,前期,水,2,S304,タワースコラ,哲学 {II群}
建築学科,前期,水,2,S304,タワースコラ,哲学 {II群}
海洋建築工学科,前期,水,2,S304,タワースコラ,哲学 {II群}
機械工学科,前期,水,2,S304,タワースコラ,哲学 {II群}
精密機械工学科,前期,水,2,S304,タワースコラ,哲学 {II群}
航空宇宙工学科,前期,水,2,S304,タワースコラ,哲学 {II群}
電気工学科,前期,水,2,S304,タワースコラ,哲学 {II群}
電子工学科,前期,水,2,S304,タワースコラ,哲学 {II群}
物質応用化学科,前期,水,2,S304,タワースコラ,哲学 {II群}
物理学科,前期,水,2,S304,タワースコラ,哲学 {II群}
数学科,前期,水,2,S304,タワースコラ,哲学 {II群}
まちづくり工学科,前期,水,2,S304,タワースコラ,哲学 {II群}
応用情報工学科,前期,水,2,S304,タワースコラ,哲学 {II群}
一般教育,前期,水,2,S304,タワースコラ,哲学 {II群}
土木工学専攻,前期,水,2,S305,タワースコラ,海岸・港湾工学特論
機械工学科,前期,水,2,S401,タワースコラ,材料力学Ⅲ
まちづくり工学専攻,前期,水,2,S402,タワースコラ,観光まちづくり特論
一般教育,前期,水,2,S403,タワースコラ,英語特殊講義B
土木工学科,前期,水,2,S404,タワースコラ,科学技術と人間 {III群}
交通システム工学科,前期,水,2,S404,タワースコラ,科学技術と人間 {III群}
交通システム工学科,前期,水,2,S404,タワースコラ,科学技術と人間 {III群}
建築学科,前期,水,2,S404,タワースコラ,科学技術と人間 {III群}
海洋建築工学科,前期,水,2,S404,タワースコラ,科学技術と人間 {III群}
機械工学科,前期,水,2,S404,タワースコラ,科学技術と人間 {III群}
精密機械工学科,前期,水,2,S404,タワースコラ,科学技術と人間 {III群}
航空宇宙工学科,前期,水,2,S404,タワースコラ,科学技術と人間 {III群}
電気工学科,前期,水,2,S404,タワースコラ,科学技術と人間 {III群}
電子工学科,前期,水,2,S404,タワースコラ,科学技術と人間 {III群}
物質応用化学科,前期,水,2,S404,タワースコラ,科学技術と人間 {III群}
物理学科,前期,水,2,S404,タワースコラ,科学技術と人間 {III群}
数学科,前期,水,2,S404,タワースコラ,科学技術と人間 {III群}
まちづくり工学科,前期,水,2,S404,タワースコラ,科学技術と人間 {III群}
応用情報工学科,前期,水,2,S404,タワースコラ,科学技術と人間 {III群}
一般教育,前期,水,2,S404,タワースコラ,科学技術と人間 {III群}
一般教育,前期,水,2,S405,タワースコラ,英語特殊講義B
交通システム工学専攻,前期,水,2,S407,タワースコラ,交通システム計画・工学特論
物理学科,前期,水,2,S501,タワースコラ,計算機演習↓連続２時限
物理学科,前期,水,2,S502,タワースコラ,計算機演習↓連続２時限
物理学科,前期,水,2,S503,タワースコラ,計算機演習↓連続２時限
土木工学科,前期,水,2,S504,タワースコラ,技術者倫理 {III群}
交通システム工学科,前期,水,2,S504,タワースコラ,技術者倫理 {III群}
交通システム工学科,前期,水,2,S504,タワースコラ,技術者倫理 {III群}
建築学科,前期,水,2,S504,タワースコラ,技術者倫理 {III群}
海洋建築工学科,前期,水,2,S504,タワースコラ,技術者倫理 {III群}
機械工学科,前期,水,2,S504,タワースコラ,技術者倫理 {III群}
精密機械工学科,前期,水,2,S504,タワースコラ,技術者倫理 {III群}
航空宇宙工学科,前期,水,2,S504,タワースコラ,技術者倫理 {III群}
電気工学科,前期,水,2,S504,タワースコラ,技術者倫理 {III群}
電子工学科,前期,水,2,S504,タワースコラ,技術者倫理 {III群}
物質応用化学科,前期,水,2,S504,タワースコラ,技術者倫理 {III群}
物理学科,前期,水,2,S504,タワースコラ,技術者倫理 {III群}
数学科,前期,水,2,S504,タワースコラ,技術者倫理 {III群}
まちづくり工学科,前期,水,2,S504,タワースコラ,技術者倫理 {III群}
応用情報工学科,前期,水,2,S504,タワースコラ,技術者倫理 {III群}
一般教育,前期,水,2,S504,タワースコラ,技術者倫理 {III群}
土木工学科,前期,水,2,S505,タワースコラ,法学 {I群}
交通システム工学科,前期,水,2,S505,タワースコラ,法学 {I群}
交通システム工学科,前期,水,2,S505,タワースコラ,法学 {I群}
建築学科,前期,水,2,S505,タワースコラ,法学 {I群}
海洋建築工学科,前期,水,2,S505,タワースコラ,法学 {I群}
機械工学科,前期,水,2,S505,タワースコラ,法学 {I群}
精密機械工学科,前期,水,2,S505,タワースコラ,法学 {I群}
航空宇宙工学科,前期,水,2,S505,タワースコラ,法学 {I群}
電気工学科,前期,水,2,S505,タワースコラ,法学 {I群}
電子工学科,前期,水,2,S505,タワースコラ,法学 {I群}
物質応用化学科,前期,水,2,S505,タワースコラ,法学 {I群}
物理学科,前期,水,2,S505,タワースコラ,法学 {I群}
数学科,前期,水,2,S505,タワースコラ,法学 {I群}
まちづくり工学科,前期,水,2,S505,タワースコラ,法学 {I群}
応用情報工学科,前期,水,2,S505,タワースコラ,法学 {I群}
一般教育,前期,水,2,S505,タワースコラ,法学 {I群}
機械工学専攻,前期,水,2,S601,タワースコラ,数値流体力学
電気工学専攻,前期,水,2,S602,タワースコラ,現代制御特論
量子理工学専攻,前期,水,2,S603,タワースコラ,原子力エネルギー工学
土木工学科,前期,水,2,S604,タワースコラ,文学 {I群}
交通システム工学科,前期,水,2,S604,タワースコラ,文学 {I群}
交通システム工学科,前期,水,2,S604,タワースコラ,文学 {I群}
建築学科,前期,水,2,S604,タワースコラ,文学 {I群}
海洋建築工学科,前期,水,2,S604,タワースコラ,文学 {I群}
機械工学科,前期,水,2,S604,タワースコラ,文学 {I群}
精密機械工学科,前期,水,2,S604,タワースコラ,文学 {I群}
航空宇宙工学科,前期,水,2,S604,タワースコラ,文学 {I群}
電気工学科,前期,水,2,S604,タワースコラ,文学 {I群}
電子工学科,前期,水,2,S604,タワースコラ,文学 {I群}
物質応用化学科,前期,水,2,S604,タワースコラ,文学 {I群}
物理学科,前期,水,2,S604,タワースコラ,文学 {I群}
数学科,前期,水,2,S604,タワースコラ,文学 {I群}
まちづくり工学科,前期,水,2,S604,タワースコラ,文学 {I群}
応用情報工学科,前期,水,2,S604,タワースコラ,文学 {I群}
一般教育,前期,水,2,S604,タワースコラ,文学 {I群}
建築学科,前期,水,2,S702,タワースコラ,建築設計Ⅲ {1}↓連続３時限
建築学科,前期,水,2,S705）,タワースコラ,建築設計Ⅲ {1}↓連続３時限
物質応用化学科,前期,水,2,1011,船橋校舎,微分積分学Ⅰ {A}
物質応用化学科,前期,水,2,1012,船橋校舎,数学演習Ⅰ {B}
交通システム工学科,前期,水,2,1013,船橋校舎,交通総論
交通システム工学科,前期,水,2,1013,船橋校舎,交通総論
応用情報工学科,前期,水,2,1021,船橋校舎,論理回路 {1}
応用情報工学科,前期,水,2,1022,船橋校舎,論理回路 {2}
応用情報工学科,前期,水,2,1023,船橋校舎,ネットワークシステム
物理学科,前期,水,2,1031,船橋校舎,物理学Ⅰ演習
物理学科,前期,水,2,1032,船橋校舎,物理学Ⅰ演習
海洋建築工学科,前期,水,2,1033,船橋校舎,建築計画Ⅲ
精密機械工学科,前期,水,2,1041,船橋校舎,工作実習実験Ⅰ {1}{未来}↓連続２時限
海洋建築工学科,前期,水,2,1042,船橋校舎,海洋建築工学インセンティブ
精密機械工学科,前期,水,2,1043,船橋校舎,工作実習実験Ⅱ {2}{未来}↓連続２時限
土木工学科,前期,水,2,105,船橋校舎,基礎物理学実験 {年間隔週}↓連続２時限【年間隔週】
交通システム工学科,前期,水,2,105,船橋校舎,基礎物理学実験 {年間隔週}↓連続２時限【年間隔週】
交通システム工学科,前期,水,2,105,船橋校舎,基礎物理学実験 {年間隔週}↓連続２時限【年間隔週】
建築学科,前期,水,2,105,船橋校舎,基礎物理学実験 {年間隔週}↓連続２時限【年間隔週】
海洋建築工学科,前期,水,2,105,船橋校舎,基礎物理学実験 {年間隔週}↓連続２時限【年間隔週】
機械工学科,前期,水,2,105,船橋校舎,基礎物理学実験 {年間隔週}↓連続２時限【年間隔週】
精密機械工学科,前期,水,2,105,船橋校舎,基礎物理学実験 {年間隔週}↓連続２時限【年間隔週】
航空宇宙工学科,前期,水,2,105,船橋校舎,基礎物理学実験 {年間隔週}↓連続２時限【年間隔週】
電気工学科,前期,水,2,105,船橋校舎,基礎物理学実験 {年間隔週}↓連続２時限【年間隔週】
電子工学科,前期,水,2,105,船橋校舎,基礎物理学実験 {年間隔週}↓連続２時限【年間隔週】
物質応用化学科,前期,水,2,105,船橋校舎,基礎物理学実験 {年間隔週}↓連続２時限【年間隔週】
物理学科,前期,水,2,105,船橋校舎,基礎物理学実験 {年間隔週}↓連続２時限【年間隔週】
数学科,前期,水,2,105,船橋校舎,基礎物理学実験 {年間隔週}↓連続２時限【年間隔週】
まちづくり工学科,前期,水,2,105,船橋校舎,基礎物理学実験 {年間隔週}↓連続２時限【年間隔週】
応用情報工学科,前期,水,2,105,船橋校舎,基礎物理学実験 {年間隔週}↓連続２時限【年間隔週】
一般教育,前期,水,2,105,船橋校舎,基礎物理学実験 {年間隔週}↓連続２時限【年間隔週】
海洋建築工学科,前期,水,2,1121,船橋校舎,海洋建築工学インセンティブ
海洋建築工学科,前期,水,2,1122,船橋校舎,海洋建築工学インセンティブ
海洋建築工学科,前期,水,2,1123,船橋校舎,海洋建築工学インセンティブ
土木工学科,前期,水,2,113,船橋校舎,基礎物理学実験 {年間隔週}↓連続２時限【年間隔週】
交通システム工学科,前期,水,2,113,船橋校舎,基礎物理学実験 {年間隔週}↓連続２時限【年間隔週】
交通システム工学科,前期,水,2,113,船橋校舎,基礎物理学実験 {年間隔週}↓連続２時限【年間隔週】
建築学科,前期,水,2,113,船橋校舎,基礎物理学実験 {年間隔週}↓連続２時限【年間隔週】
海洋建築工学科,前期,水,2,113,船橋校舎,基礎物理学実験 {年間隔週}↓連続２時限【年間隔週】
機械工学科,前期,水,2,113,船橋校舎,基礎物理学実験 {年間隔週}↓連続２時限【年間隔週】
精密機械工学科,前期,水,2,113,船橋校舎,基礎物理学実験 {年間隔週}↓連続２時限【年間隔週】
航空宇宙工学科,前期,水,2,113,船橋校舎,基礎物理学実験 {年間隔週}↓連続２時限【年間隔週】
電気工学科,前期,水,2,113,船橋校舎,基礎物理学実験 {年間隔週}↓連続２時限【年間隔週】
電子工学科,前期,水,2,113,船橋校舎,基礎物理学実験 {年間隔週}↓連続２時限【年間隔週】
物質応用化学科,前期,水,2,113,船橋校舎,基礎物理学実験 {年間隔週}↓連続２時限【年間隔週】
物理学科,前期,水,2,113,船橋校舎,基礎物理学実験 {年間隔週}↓連続２時限【年間隔週】
数学科,前期,水,2,113,船橋校舎,基礎物理学実験 {年間隔週}↓連続２時限【年間隔週】
まちづくり工学科,前期,水,2,113,船橋校舎,基礎物理学実験 {年間隔週}↓連続２時限【年間隔週】
応用情報工学科,前期,水,2,113,船橋校舎,基礎物理学実験 {年間隔週}↓連続２時限【年間隔週】
一般教育,前期,水,2,113,船橋校舎,基礎物理学実験 {年間隔週}↓連続２時限【年間隔週】
土木工学科,前期,水,2,1131,船橋校舎,英語ⅡA
交通システム工学科,前期,水,2,1131,船橋校舎,英語ⅡA
交通システム工学科,前期,水,2,1131,船橋校舎,英語ⅡA
建築学科,前期,水,2,1131,船橋校舎,英語ⅡA
海洋建築工学科,前期,水,2,1131,船橋校舎,英語ⅡA
機械工学科,前期,水,2,1131,船橋校舎,英語ⅡA
精密機械工学科,前期,水,2,1131,船橋校舎,英語ⅡA
航空宇宙工学科,前期,水,2,1131,船橋校舎,英語ⅡA
電気工学科,前期,水,2,1131,船橋校舎,英語ⅡA
電子工学科,前期,水,2,1131,船橋校舎,英語ⅡA
物質応用化学科,前期,水,2,1131,船橋校舎,英語ⅡA
物理学科,前期,水,2,1131,船橋校舎,英語ⅡA
数学科,前期,水,2,1131,船橋校舎,英語ⅡA
まちづくり工学科,前期,水,2,1131,船橋校舎,英語ⅡA
応用情報工学科,前期,水,2,1131,船橋校舎,英語ⅡA
一般教育,前期,水,2,1131,船橋校舎,英語ⅡA
土木工学科,前期,水,2,1132,船橋校舎,英語ⅡA
交通システム工学科,前期,水,2,1132,船橋校舎,英語ⅡA
交通システム工学科,前期,水,2,1132,船橋校舎,英語ⅡA
建築学科,前期,水,2,1132,船橋校舎,英語ⅡA
海洋建築工学科,前期,水,2,1132,船橋校舎,英語ⅡA
機械工学科,前期,水,2,1132,船橋校舎,英語ⅡA
精密機械工学科,前期,水,2,1132,船橋校舎,英語ⅡA
航空宇宙工学科,前期,水,2,1132,船橋校舎,英語ⅡA
電気工学科,前期,水,2,1132,船橋校舎,英語ⅡA
電子工学科,前期,水,2,1132,船橋校舎,英語ⅡA
物質応用化学科,前期,水,2,1132,船橋校舎,英語ⅡA
物理学科,前期,水,2,1132,船橋校舎,英語ⅡA
数学科,前期,水,2,1132,船橋校舎,英語ⅡA
まちづくり工学科,前期,水,2,1132,船橋校舎,英語ⅡA
応用情報工学科,前期,水,2,1132,船橋校舎,英語ⅡA
一般教育,前期,水,2,1132,船橋校舎,英語ⅡA
土木工学科,前期,水,2,1133,船橋校舎,英語ⅡA
交通システム工学科,前期,水,2,1133,船橋校舎,英語ⅡA
交通システム工学科,前期,水,2,1133,船橋校舎,英語ⅡA
建築学科,前期,水,2,1133,船橋校舎,英語ⅡA
海洋建築工学科,前期,水,2,1133,船橋校舎,英語ⅡA
機械工学科,前期,水,2,1133,船橋校舎,英語ⅡA
精密機械工学科,前期,水,2,1133,船橋校舎,英語ⅡA
航空宇宙工学科,前期,水,2,1133,船橋校舎,英語ⅡA
電気工学科,前期,水,2,1133,船橋校舎,英語ⅡA
電子工学科,前期,水,2,1133,船橋校舎,英語ⅡA
物質応用化学科,前期,水,2,1133,船橋校舎,英語ⅡA
物理学科,前期,水,2,1133,船橋校舎,英語ⅡA
数学科,前期,水,2,1133,船橋校舎,英語ⅡA
まちづくり工学科,前期,水,2,1133,船橋校舎,英語ⅡA
応用情報工学科,前期,水,2,1133,船橋校舎,英語ⅡA
一般教育,前期,水,2,1133,船橋校舎,英語ⅡA
土木工学科,前期,水,2,1141,船橋校舎,英語ⅡA
交通システム工学科,前期,水,2,1141,船橋校舎,英語ⅡA
交通システム工学科,前期,水,2,1141,船橋校舎,英語ⅡA
建築学科,前期,水,2,1141,船橋校舎,英語ⅡA
海洋建築工学科,前期,水,2,1141,船橋校舎,英語ⅡA
機械工学科,前期,水,2,1141,船橋校舎,英語ⅡA
精密機械工学科,前期,水,2,1141,船橋校舎,英語ⅡA
航空宇宙工学科,前期,水,2,1141,船橋校舎,英語ⅡA
電気工学科,前期,水,2,1141,船橋校舎,英語ⅡA
電子工学科,前期,水,2,1141,船橋校舎,英語ⅡA
物質応用化学科,前期,水,2,1141,船橋校舎,英語ⅡA
物理学科,前期,水,2,1141,船橋校舎,英語ⅡA
数学科,前期,水,2,1141,船橋校舎,英語ⅡA
まちづくり工学科,前期,水,2,1141,船橋校舎,英語ⅡA
応用情報工学科,前期,水,2,1141,船橋校舎,英語ⅡA
一般教育,前期,水,2,1141,船橋校舎,英語ⅡA
土木工学科,前期,水,2,1142,船橋校舎,英語ⅡA
交通システム工学科,前期,水,2,1142,船橋校舎,英語ⅡA
交通システム工学科,前期,水,2,1142,船橋校舎,英語ⅡA
建築学科,前期,水,2,1142,船橋校舎,英語ⅡA
海洋建築工学科,前期,水,2,1142,船橋校舎,英語ⅡA
機械工学科,前期,水,2,1142,船橋校舎,英語ⅡA
精密機械工学科,前期,水,2,1142,船橋校舎,英語ⅡA
航空宇宙工学科,前期,水,2,1142,船橋校舎,英語ⅡA
電気工学科,前期,水,2,1142,船橋校舎,英語ⅡA
電子工学科,前期,水,2,1142,船橋校舎,英語ⅡA
物質応用化学科,前期,水,2,1142,船橋校舎,英語ⅡA
物理学科,前期,水,2,1142,船橋校舎,英語ⅡA
数学科,前期,水,2,1142,船橋校舎,英語ⅡA
まちづくり工学科,前期,水,2,1142,船橋校舎,英語ⅡA
応用情報工学科,前期,水,2,1142,船橋校舎,英語ⅡA
一般教育,前期,水,2,1142,船橋校舎,英語ⅡA
航空宇宙工学科,前期,水,2,1143,船橋校舎,力学の基礎演習
精密機械工学科,前期,水,2,1202,船橋校舎,工作実習実験Ⅰ {1}{未来}↓連続２時限
電子工学科,前期,水,2,1221,船橋校舎,電磁気学Ⅰ及び演習 {1}{未来}↓連続２時限
応用情報工学科,前期,水,2,1222,船橋校舎,組込回路Ⅰ
電子工学科,前期,水,2,1224,船橋校舎,電磁気学Ⅰ及び演習 {2}{未来}↓連続２時限
電子工学科,前期,水,2,1231,船橋校舎,電磁気学Ⅰ及び演習 {1}{未来}↓連続２時限
電子工学科,前期,水,2,1232,船橋校舎,電磁気学Ⅰ及び演習 {2}{未来}↓連続２時限
土木工学科,前期,水,2,1233,船橋校舎,英語ⅡA
交通システム工学科,前期,水,2,1233,船橋校舎,英語ⅡA
交通システム工学科,前期,水,2,1233,船橋校舎,英語ⅡA
建築学科,前期,水,2,1233,船橋校舎,英語ⅡA
海洋建築工学科,前期,水,2,1233,船橋校舎,英語ⅡA
機械工学科,前期,水,2,1233,船橋校舎,英語ⅡA
精密機械工学科,前期,水,2,1233,船橋校舎,英語ⅡA
航空宇宙工学科,前期,水,2,1233,船橋校舎,英語ⅡA
電気工学科,前期,水,2,1233,船橋校舎,英語ⅡA
電子工学科,前期,水,2,1233,船橋校舎,英語ⅡA
物質応用化学科,前期,水,2,1233,船橋校舎,英語ⅡA
物理学科,前期,水,2,1233,船橋校舎,英語ⅡA
数学科,前期,水,2,1233,船橋校舎,英語ⅡA
まちづくり工学科,前期,水,2,1233,船橋校舎,英語ⅡA
応用情報工学科,前期,水,2,1233,船橋校舎,英語ⅡA
一般教育,前期,水,2,1233,船橋校舎,英語ⅡA
土木工学科,前期,水,2,1234,船橋校舎,英語ⅡA
交通システム工学科,前期,水,2,1234,船橋校舎,英語ⅡA
交通システム工学科,前期,水,2,1234,船橋校舎,英語ⅡA
建築学科,前期,水,2,1234,船橋校舎,英語ⅡA
海洋建築工学科,前期,水,2,1234,船橋校舎,英語ⅡA
機械工学科,前期,水,2,1234,船橋校舎,英語ⅡA
精密機械工学科,前期,水,2,1234,船橋校舎,英語ⅡA
航空宇宙工学科,前期,水,2,1234,船橋校舎,英語ⅡA
電気工学科,前期,水,2,1234,船橋校舎,英語ⅡA
電子工学科,前期,水,2,1234,船橋校舎,英語ⅡA
物質応用化学科,前期,水,2,1234,船橋校舎,英語ⅡA
物理学科,前期,水,2,1234,船橋校舎,英語ⅡA
数学科,前期,水,2,1234,船橋校舎,英語ⅡA
まちづくり工学科,前期,水,2,1234,船橋校舎,英語ⅡA
応用情報工学科,前期,水,2,1234,船橋校舎,英語ⅡA
一般教育,前期,水,2,1234,船橋校舎,英語ⅡA
建築学科,前期,水,2,1325,船橋校舎,建築基礎実験 {2}↓連続２時限
海洋建築工学科,前期,水,2,1326,船橋校舎,海洋建築工学インセンティブ
土木工学科,前期,水,2,134,船橋校舎,基礎物理学実験 {年間隔週}↓連続２時限【年間隔週】
交通システム工学科,前期,水,2,134,船橋校舎,基礎物理学実験 {年間隔週}↓連続２時限【年間隔週】
交通システム工学科,前期,水,2,134,船橋校舎,基礎物理学実験 {年間隔週}↓連続２時限【年間隔週】
建築学科,前期,水,2,134,船橋校舎,基礎物理学実験 {年間隔週}↓連続２時限【年間隔週】
海洋建築工学科,前期,水,2,134,船橋校舎,基礎物理学実験 {年間隔週}↓連続２時限【年間隔週】
機械工学科,前期,水,2,134,船橋校舎,基礎物理学実験 {年間隔週}↓連続２時限【年間隔週】
精密機械工学科,前期,水,2,134,船橋校舎,基礎物理学実験 {年間隔週}↓連続２時限【年間隔週】
航空宇宙工学科,前期,水,2,134,船橋校舎,基礎物理学実験 {年間隔週}↓連続２時限【年間隔週】
電気工学科,前期,水,2,134,船橋校舎,基礎物理学実験 {年間隔週}↓連続２時限【年間隔週】
電子工学科,前期,水,2,134,船橋校舎,基礎物理学実験 {年間隔週}↓連続２時限【年間隔週】
物質応用化学科,前期,水,2,134,船橋校舎,基礎物理学実験 {年間隔週}↓連続２時限【年間隔週】
物理学科,前期,水,2,134,船橋校舎,基礎物理学実験 {年間隔週}↓連続２時限【年間隔週】
数学科,前期,水,2,134,船橋校舎,基礎物理学実験 {年間隔週}↓連続２時限【年間隔週】
まちづくり工学科,前期,水,2,134,船橋校舎,基礎物理学実験 {年間隔週}↓連続２時限【年間隔週】
応用情報工学科,前期,水,2,134,船橋校舎,基礎物理学実験 {年間隔週}↓連続２時限【年間隔週】
一般教育,前期,水,2,134,船橋校舎,基礎物理学実験 {年間隔週}↓連続２時限【年間隔週】
物理学科,前期,水,2,1421,船橋校舎,物理学Ⅰ演習
まちづくり工学科,前期,水,2,1422,船橋校舎,まちづくり工学概論
海洋建築工学科,前期,水,2,1423,船橋校舎,親水空間計画
交通システム工学科,前期,水,2,1424,船橋校舎,地盤力学
交通システム工学科,前期,水,2,1424,船橋校舎,地盤力学
土木工学科,前期,水,2,143,船橋校舎,基礎物理学実験 {年間隔週}↓連続２時限【年間隔週】
交通システム工学科,前期,水,2,143,船橋校舎,基礎物理学実験 {年間隔週}↓連続２時限【年間隔週】
交通システム工学科,前期,水,2,143,船橋校舎,基礎物理学実験 {年間隔週}↓連続２時限【年間隔週】
建築学科,前期,水,2,143,船橋校舎,基礎物理学実験 {年間隔週}↓連続２時限【年間隔週】
海洋建築工学科,前期,水,2,143,船橋校舎,基礎物理学実験 {年間隔週}↓連続２時限【年間隔週】
機械工学科,前期,水,2,143,船橋校舎,基礎物理学実験 {年間隔週}↓連続２時限【年間隔週】
精密機械工学科,前期,水,2,143,船橋校舎,基礎物理学実験 {年間隔週}↓連続２時限【年間隔週】
航空宇宙工学科,前期,水,2,143,船橋校舎,基礎物理学実験 {年間隔週}↓連続２時限【年間隔週】
電気工学科,前期,水,2,143,船橋校舎,基礎物理学実験 {年間隔週}↓連続２時限【年間隔週】
電子工学科,前期,水,2,143,船橋校舎,基礎物理学実験 {年間隔週}↓連続２時限【年間隔週】
物質応用化学科,前期,水,2,143,船橋校舎,基礎物理学実験 {年間隔週}↓連続２時限【年間隔週】
物理学科,前期,水,2,143,船橋校舎,基礎物理学実験 {年間隔週}↓連続２時限【年間隔週】
数学科,前期,水,2,143,船橋校舎,基礎物理学実験 {年間隔週}↓連続２時限【年間隔週】
まちづくり工学科,前期,水,2,143,船橋校舎,基礎物理学実験 {年間隔週}↓連続２時限【年間隔週】
応用情報工学科,前期,水,2,143,船橋校舎,基礎物理学実験 {年間隔週}↓連続２時限【年間隔週】
一般教育,前期,水,2,143,船橋校舎,基礎物理学実験 {年間隔週}↓連続２時限【年間隔週】
航空宇宙工学科,前期,水,2,1431,船橋校舎,航空機構造力学
数学科,前期,水,2,1432,船橋校舎,力と運動の物理学Ⅰ {1}
数学科,前期,水,2,1433,船橋校舎,力と運動の物理学Ⅰ {2}
建築学科,前期,水,2,1434,船橋校舎,デザイン基礎Ⅰ {1}↓連続３時限
土木工学科,前期,水,2,144,船橋校舎,基礎物理学実験 {年間隔週}↓連続２時限【年間隔週】
交通システム工学科,前期,水,2,144,船橋校舎,基礎物理学実験 {年間隔週}↓連続２時限【年間隔週】
交通システム工学科,前期,水,2,144,船橋校舎,基礎物理学実験 {年間隔週}↓連続２時限【年間隔週】
建築学科,前期,水,2,144,船橋校舎,基礎物理学実験 {年間隔週}↓連続２時限【年間隔週】
海洋建築工学科,前期,水,2,144,船橋校舎,基礎物理学実験 {年間隔週}↓連続２時限【年間隔週】
機械工学科,前期,水,2,144,船橋校舎,基礎物理学実験 {年間隔週}↓連続２時限【年間隔週】
精密機械工学科,前期,水,2,144,船橋校舎,基礎物理学実験 {年間隔週}↓連続２時限【年間隔週】
航空宇宙工学科,前期,水,2,144,船橋校舎,基礎物理学実験 {年間隔週}↓連続２時限【年間隔週】
電気工学科,前期,水,2,144,船橋校舎,基礎物理学実験 {年間隔週}↓連続２時限【年間隔週】
電子工学科,前期,水,2,144,船橋校舎,基礎物理学実験 {年間隔週}↓連続２時限【年間隔週】
物質応用化学科,前期,水,2,144,船橋校舎,基礎物理学実験 {年間隔週}↓連続２時限【年間隔週】
物理学科,前期,水,2,144,船橋校舎,基礎物理学実験 {年間隔週}↓連続２時限【年間隔週】
数学科,前期,水,2,144,船橋校舎,基礎物理学実験 {年間隔週}↓連続２時限【年間隔週】
まちづくり工学科,前期,水,2,144,船橋校舎,基礎物理学実験 {年間隔週}↓連続２時限【年間隔週】
応用情報工学科,前期,水,2,144,船橋校舎,基礎物理学実験 {年間隔週}↓連続２時限【年間隔週】
一般教育,前期,水,2,144,船橋校舎,基礎物理学実験 {年間隔週}↓連続２時限【年間隔週】
電子工学科,前期,水,2,1441,船橋校舎,ディジタル回路
応用情報工学科,前期,水,2,1442,船橋校舎,組込回路Ⅰ
航空宇宙工学科,前期,水,2,1443,船橋校舎,熱力学Ⅰ及び演習 {未来}↓連続２時限
応用情報工学科,前期,水,2,1444,船橋校舎,交通情報システム
海洋建築工学専攻,前期,水,2,1452,船橋校舎,耐震構造設計特論
電子工学科,前期,水,2,1453,船橋校舎,電磁波応用
精密機械工学専攻,前期,水,2,1454,船橋校舎,システム工学特論Ⅰ ＊
情報科学専攻,前期,水,2,1456,船橋校舎,情報論
精密機械工学科,前期,水,2,1457,船橋校舎,人間工学
電子工学科,前期,水,2,1458,船橋校舎,電磁気学Ⅱ及び演習 {再}{未来}↓連続２時限
建築学科,前期,水,2,14号館製図室,船橋校舎,デザイン基礎Ⅰ {1}↓連続３時限
土木工学科,前期,水,2,341,船橋校舎,基礎化学実験 {年間隔週}↓連続２時限【年間隔週】
交通システム工学科,前期,水,2,341,船橋校舎,基礎化学実験 {年間隔週}↓連続２時限【年間隔週】
交通システム工学科,前期,水,2,341,船橋校舎,基礎化学実験 {年間隔週}↓連続２時限【年間隔週】
建築学科,前期,水,2,341,船橋校舎,基礎化学実験 {年間隔週}↓連続２時限【年間隔週】
海洋建築工学科,前期,水,2,341,船橋校舎,基礎化学実験 {年間隔週}↓連続２時限【年間隔週】
機械工学科,前期,水,2,341,船橋校舎,基礎化学実験 {年間隔週}↓連続２時限【年間隔週】
精密機械工学科,前期,水,2,341,船橋校舎,基礎化学実験 {年間隔週}↓連続２時限【年間隔週】
航空宇宙工学科,前期,水,2,341,船橋校舎,基礎化学実験 {年間隔週}↓連続２時限【年間隔週】
電気工学科,前期,水,2,341,船橋校舎,基礎化学実験 {年間隔週}↓連続２時限【年間隔週】
電子工学科,前期,水,2,341,船橋校舎,基礎化学実験 {年間隔週}↓連続２時限【年間隔週】
物質応用化学科,前期,水,2,341,船橋校舎,基礎化学実験 {年間隔週}↓連続２時限【年間隔週】
物理学科,前期,水,2,341,船橋校舎,基礎化学実験 {年間隔週}↓連続２時限【年間隔週】
数学科,前期,水,2,341,船橋校舎,基礎化学実験 {年間隔週}↓連続２時限【年間隔週】
まちづくり工学科,前期,水,2,341,船橋校舎,基礎化学実験 {年間隔週}↓連続２時限【年間隔週】
応用情報工学科,前期,水,2,341,船橋校舎,基礎化学実験 {年間隔週}↓連続２時限【年間隔週】
一般教育,前期,水,2,341,船橋校舎,基礎化学実験 {年間隔週}↓連続２時限【年間隔週】
土木工学科,前期,水,2,342,船橋校舎,基礎化学実験 {年間隔週}↓連続２時限【年間隔週】
交通システム工学科,前期,水,2,342,船橋校舎,基礎化学実験 {年間隔週}↓連続２時限【年間隔週】
交通システム工学科,前期,水,2,342,船橋校舎,基礎化学実験 {年間隔週}↓連続２時限【年間隔週】
建築学科,前期,水,2,342,船橋校舎,基礎化学実験 {年間隔週}↓連続２時限【年間隔週】
海洋建築工学科,前期,水,2,342,船橋校舎,基礎化学実験 {年間隔週}↓連続２時限【年間隔週】
機械工学科,前期,水,2,342,船橋校舎,基礎化学実験 {年間隔週}↓連続２時限【年間隔週】
精密機械工学科,前期,水,2,342,船橋校舎,基礎化学実験 {年間隔週}↓連続２時限【年間隔週】
航空宇宙工学科,前期,水,2,342,船橋校舎,基礎化学実験 {年間隔週}↓連続２時限【年間隔週】
電気工学科,前期,水,2,342,船橋校舎,基礎化学実験 {年間隔週}↓連続２時限【年間隔週】
電子工学科,前期,水,2,342,船橋校舎,基礎化学実験 {年間隔週}↓連続２時限【年間隔週】
物質応用化学科,前期,水,2,342,船橋校舎,基礎化学実験 {年間隔週}↓連続２時限【年間隔週】
物理学科,前期,水,2,342,船橋校舎,基礎化学実験 {年間隔週}↓連続２時限【年間隔週】
数学科,前期,水,2,342,船橋校舎,基礎化学実験 {年間隔週}↓連続２時限【年間隔週】
まちづくり工学科,前期,水,2,342,船橋校舎,基礎化学実験 {年間隔週}↓連続２時限【年間隔週】
応用情報工学科,前期,水,2,342,船橋校舎,基礎化学実験 {年間隔週}↓連続２時限【年間隔週】
一般教育,前期,水,2,342,船橋校舎,基礎化学実験 {年間隔週}↓連続２時限【年間隔週】
精密機械工学科,前期,水,2,633,船橋校舎,微分方程式の基礎Ⅰ
土木工学科,前期,水,2,819,船橋校舎,基礎化学実験 {年間隔週}↓連続２時限【年間隔週】
交通システム工学科,前期,水,2,819,船橋校舎,基礎化学実験 {年間隔週}↓連続２時限【年間隔週】
交通システム工学科,前期,水,2,819,船橋校舎,基礎化学実験 {年間隔週}↓連続２時限【年間隔週】
建築学科,前期,水,2,819,船橋校舎,基礎化学実験 {年間隔週}↓連続２時限【年間隔週】
海洋建築工学科,前期,水,2,819,船橋校舎,基礎化学実験 {年間隔週}↓連続２時限【年間隔週】
機械工学科,前期,水,2,819,船橋校舎,基礎化学実験 {年間隔週}↓連続２時限【年間隔週】
精密機械工学科,前期,水,2,819,船橋校舎,基礎化学実験 {年間隔週}↓連続２時限【年間隔週】
航空宇宙工学科,前期,水,2,819,船橋校舎,基礎化学実験 {年間隔週}↓連続２時限【年間隔週】
電気工学科,前期,水,2,819,船橋校舎,基礎化学実験 {年間隔週}↓連続２時限【年間隔週】
電子工学科,前期,水,2,819,船橋校舎,基礎化学実験 {年間隔週}↓連続２時限【年間隔週】
物質応用化学科,前期,水,2,819,船橋校舎,基礎化学実験 {年間隔週}↓連続２時限【年間隔週】
物理学科,前期,水,2,819,船橋校舎,基礎化学実験 {年間隔週}↓連続２時限【年間隔週】
数学科,前期,水,2,819,船橋校舎,基礎化学実験 {年間隔週}↓連続２時限【年間隔週】
まちづくり工学科,前期,水,2,819,船橋校舎,基礎化学実験 {年間隔週}↓連続２時限【年間隔週】
応用情報工学科,前期,水,2,819,船橋校舎,基礎化学実験 {年間隔週}↓連続２時限【年間隔週】
一般教育,前期,水,2,819,船橋校舎,基礎化学実験 {年間隔週}↓連続２時限【年間隔週】
土木工学科,前期,水,2,826,船橋校舎,基礎化学実験 {年間隔週}↓連続２時限【年間隔週】
交通システム工学科,前期,水,2,826,船橋校舎,基礎化学実験 {年間隔週}↓連続２時限【年間隔週】
交通システム工学科,前期,水,2,826,船橋校舎,基礎化学実験 {年間隔週}↓連続２時限【年間隔週】
建築学科,前期,水,2,826,船橋校舎,基礎化学実験 {年間隔週}↓連続２時限【年間隔週】
海洋建築工学科,前期,水,2,826,船橋校舎,基礎化学実験 {年間隔週}↓連続２時限【年間隔週】
機械工学科,前期,水,2,826,船橋校舎,基礎化学実験 {年間隔週}↓連続２時限【年間隔週】
精密機械工学科,前期,水,2,826,船橋校舎,基礎化学実験 {年間隔週}↓連続２時限【年間隔週】
航空宇宙工学科,前期,水,2,826,船橋校舎,基礎化学実験 {年間隔週}↓連続２時限【年間隔週】
電気工学科,前期,水,2,826,船橋校舎,基礎化学実験 {年間隔週}↓連続２時限【年間隔週】
電子工学科,前期,水,2,826,船橋校舎,基礎化学実験 {年間隔週}↓連続２時限【年間隔週】
物質応用化学科,前期,水,2,826,船橋校舎,基礎化学実験 {年間隔週}↓連続２時限【年間隔週】
物理学科,前期,水,2,826,船橋校舎,基礎化学実験 {年間隔週}↓連続２時限【年間隔週】
数学科,前期,水,2,826,船橋校舎,基礎化学実験 {年間隔週}↓連続２時限【年間隔週】
まちづくり工学科,前期,水,2,826,船橋校舎,基礎化学実験 {年間隔週}↓連続２時限【年間隔週】
応用情報工学科,前期,水,2,826,船橋校舎,基礎化学実験 {年間隔週}↓連続２時限【年間隔週】
一般教育,前期,水,2,826,船橋校舎,基礎化学実験 {年間隔週}↓連続２時限【年間隔週】
土木工学科,前期,水,2,829,船橋校舎,基礎化学実験 {年間隔週}↓連続２時限【年間隔週】
交通システム工学科,前期,水,2,829,船橋校舎,基礎化学実験 {年間隔週}↓連続２時限【年間隔週】
交通システム工学科,前期,水,2,829,船橋校舎,基礎化学実験 {年間隔週}↓連続２時限【年間隔週】
建築学科,前期,水,2,829,船橋校舎,基礎化学実験 {年間隔週}↓連続２時限【年間隔週】
海洋建築工学科,前期,水,2,829,船橋校舎,基礎化学実験 {年間隔週}↓連続２時限【年間隔週】
機械工学科,前期,水,2,829,船橋校舎,基礎化学実験 {年間隔週}↓連続２時限【年間隔週】
精密機械工学科,前期,水,2,829,船橋校舎,基礎化学実験 {年間隔週}↓連続２時限【年間隔週】
航空宇宙工学科,前期,水,2,829,船橋校舎,基礎化学実験 {年間隔週}↓連続２時限【年間隔週】
電気工学科,前期,水,2,829,船橋校舎,基礎化学実験 {年間隔週}↓連続２時限【年間隔週】
電子工学科,前期,水,2,829,船橋校舎,基礎化学実験 {年間隔週}↓連続２時限【年間隔週】
物質応用化学科,前期,水,2,829,船橋校舎,基礎化学実験 {年間隔週}↓連続２時限【年間隔週】
物理学科,前期,水,2,829,船橋校舎,基礎化学実験 {年間隔週}↓連続２時限【年間隔週】
数学科,前期,水,2,829,船橋校舎,基礎化学実験 {年間隔週}↓連続２時限【年間隔週】
まちづくり工学科,前期,水,2,829,船橋校舎,基礎化学実験 {年間隔週}↓連続２時限【年間隔週】
応用情報工学科,前期,水,2,829,船橋校舎,基礎化学実験 {年間隔週}↓連続２時限【年間隔週】
一般教育,前期,水,2,829,船橋校舎,基礎化学実験 {年間隔週}↓連続２時限【年間隔週】
精密機械工学科,前期,水,2,階段教室(小),船橋校舎,熱力学
土木工学科,前期,水,2,131,駿河台校舎,材料力学 {1}
一般教育,前期,水,2,132,駿河台校舎,英語特殊講義B
一般教育,前期,水,2,133,駿河台校舎,英語特殊講義A
土木工学科,前期,水,2,134,駿河台校舎,知的財産権論 {III群}
交通システム工学科,前期,水,2,134,駿河台校舎,知的財産権論 {III群}
交通システム工学科,前期,水,2,134,駿河台校舎,知的財産権論 {III群}
建築学科,前期,水,2,134,駿河台校舎,知的財産権論 {III群}
海洋建築工学科,前期,水,2,134,駿河台校舎,知的財産権論 {III群}
機械工学科,前期,水,2,134,駿河台校舎,知的財産権論 {III群}
精密機械工学科,前期,水,2,134,駿河台校舎,知的財産権論 {III群}
航空宇宙工学科,前期,水,2,134,駿河台校舎,知的財産権論 {III群}
電気工学科,前期,水,2,134,駿河台校舎,知的財産権論 {III群}
電子工学科,前期,水,2,134,駿河台校舎,知的財産権論 {III群}
物質応用化学科,前期,水,2,134,駿河台校舎,知的財産権論 {III群}
物理学科,前期,水,2,134,駿河台校舎,知的財産権論 {III群}
数学科,前期,水,2,134,駿河台校舎,知的財産権論 {III群}
まちづくり工学科,前期,水,2,134,駿河台校舎,知的財産権論 {III群}
応用情報工学科,前期,水,2,134,駿河台校舎,知的財産権論 {III群}
一般教育,前期,水,2,134,駿河台校舎,知的財産権論 {III群}
土木工学科,前期,水,2,141,駿河台校舎,コンクリート構造設計 {2}
まちづくり工学科,前期,水,2,142,駿河台校舎,まちづくり事業・制度論
土木工学科,前期,水,2,143,駿河台校舎,科学技術と経済 {III群}
交通システム工学科,前期,水,2,143,駿河台校舎,科学技術と経済 {III群}
交通システム工学科,前期,水,2,143,駿河台校舎,科学技術と経済 {III群}
建築学科,前期,水,2,143,駿河台校舎,科学技術と経済 {III群}
海洋建築工学科,前期,水,2,143,駿河台校舎,科学技術と経済 {III群}
機械工学科,前期,水,2,143,駿河台校舎,科学技術と経済 {III群}
精密機械工学科,前期,水,2,143,駿河台校舎,科学技術と経済 {III群}
航空宇宙工学科,前期,水,2,143,駿河台校舎,科学技術と経済 {III群}
電気工学科,前期,水,2,143,駿河台校舎,科学技術と経済 {III群}
電子工学科,前期,水,2,143,駿河台校舎,科学技術と経済 {III群}
物質応用化学科,前期,水,2,143,駿河台校舎,科学技術と経済 {III群}
物理学科,前期,水,2,143,駿河台校舎,科学技術と経済 {III群}
数学科,前期,水,2,143,駿河台校舎,科学技術と経済 {III群}
まちづくり工学科,前期,水,2,143,駿河台校舎,科学技術と経済 {III群}
応用情報工学科,前期,水,2,143,駿河台校舎,科学技術と経済 {III群}
一般教育,前期,水,2,143,駿河台校舎,科学技術と経済 {III群}
土木工学科,前期,水,2,144,駿河台校舎,応用力学Ⅰ {1}
土木工学科,前期,水,2,151,駿河台校舎,地球環境学 {2}
物質応用化学科,前期,水,2,152,駿河台校舎,線形代数学Ⅰ {A}
物質応用化学科,前期,水,2,154,駿河台校舎,数理統計学Ⅰ {B}
物質応用化学専攻,前期,水,2,831,駿河台校舎,高分子物性特論
物理学専攻,前期,水,2,832,駿河台校舎,天体物理学特論 {カリ変}
物質応用化学科,前期,水,2,841,駿河台校舎,高分子物性 {A}
物質応用化学科,前期,水,2,851,駿河台校舎,無機固体化学 {B}
物理学科,前期,水,2,852,駿河台校舎,電磁気学Ⅰ
土木工学科,前期,水,2,CSTﾎｰﾙ,駿河台校舎,インフラ工学
建築学科,前期,水,2,スタジオ（S701,駿河台校舎,建築設計Ⅲ {1}↓連続３時限
機械工学科,前期,水,3,S101,タワースコラ,流体力学Ⅰ {B}
土木工学科,前期,水,3,S201,タワースコラ,English Communication Ⅰ
交通システム工学科,前期,水,3,S201,タワースコラ,English Communication Ⅰ
交通システム工学科,前期,水,3,S201,タワースコラ,English Communication Ⅰ
建築学科,前期,水,3,S201,タワースコラ,English Communication Ⅰ
海洋建築工学科,前期,水,3,S201,タワースコラ,English Communication Ⅰ
機械工学科,前期,水,3,S201,タワースコラ,English Communication Ⅰ
精密機械工学科,前期,水,3,S201,タワースコラ,English Communication Ⅰ
航空宇宙工学科,前期,水,3,S201,タワースコラ,English Communication Ⅰ
電気工学科,前期,水,3,S201,タワースコラ,English Communication Ⅰ
電子工学科,前期,水,3,S201,タワースコラ,English Communication Ⅰ
物質応用化学科,前期,水,3,S201,タワースコラ,English Communication Ⅰ
物理学科,前期,水,3,S201,タワースコラ,English Communication Ⅰ
数学科,前期,水,3,S201,タワースコラ,English Communication Ⅰ
まちづくり工学科,前期,水,3,S201,タワースコラ,English Communication Ⅰ
応用情報工学科,前期,水,3,S201,タワースコラ,English Communication Ⅰ
一般教育,前期,水,3,S201,タワースコラ,English Communication Ⅰ
機械工学科,前期,水,3,S202,タワースコラ,熱力学Ⅰ {A}
物理学科,前期,水,3,S203,タワースコラ,物理数学演習↓連続２時限
建築学科,前期,水,3,S204,タワースコラ,建築材料Ⅰ {1}
建築学科,前期,水,3,S301,タワースコラ,建築史Ⅰ {2}
建築学科,前期,水,3,S302,タワースコラ,構造力学Ⅲ {2}
土木工学科,前期,水,3,S303,タワースコラ,道路工学
土木工学科,前期,水,3,S304,タワースコラ,英語ⅢA
交通システム工学科,前期,水,3,S304,タワースコラ,英語ⅢA
交通システム工学科,前期,水,3,S304,タワースコラ,英語ⅢA
建築学科,前期,水,3,S304,タワースコラ,英語ⅢA
海洋建築工学科,前期,水,3,S304,タワースコラ,英語ⅢA
機械工学科,前期,水,3,S304,タワースコラ,英語ⅢA
精密機械工学科,前期,水,3,S304,タワースコラ,英語ⅢA
航空宇宙工学科,前期,水,3,S304,タワースコラ,英語ⅢA
電気工学科,前期,水,3,S304,タワースコラ,英語ⅢA
電子工学科,前期,水,3,S304,タワースコラ,英語ⅢA
物質応用化学科,前期,水,3,S304,タワースコラ,英語ⅢA
物理学科,前期,水,3,S304,タワースコラ,英語ⅢA
数学科,前期,水,3,S304,タワースコラ,英語ⅢA
まちづくり工学科,前期,水,3,S304,タワースコラ,英語ⅢA
応用情報工学科,前期,水,3,S304,タワースコラ,英語ⅢA
一般教育,前期,水,3,S304,タワースコラ,英語ⅢA
数学専攻,前期,水,3,S306,タワースコラ,計算数学特論Ａ
土木工学科,前期,水,3,S401,タワースコラ,地盤工学Ⅰ {1}
土木工学科,前期,水,3,S402,タワースコラ,English Communication Ⅰ
交通システム工学科,前期,水,3,S402,タワースコラ,English Communication Ⅰ
交通システム工学科,前期,水,3,S402,タワースコラ,English Communication Ⅰ
建築学科,前期,水,3,S402,タワースコラ,English Communication Ⅰ
海洋建築工学科,前期,水,3,S402,タワースコラ,English Communication Ⅰ
機械工学科,前期,水,3,S402,タワースコラ,English Communication Ⅰ
精密機械工学科,前期,水,3,S402,タワースコラ,English Communication Ⅰ
航空宇宙工学科,前期,水,3,S402,タワースコラ,English Communication Ⅰ
電気工学科,前期,水,3,S402,タワースコラ,English Communication Ⅰ
電子工学科,前期,水,3,S402,タワースコラ,English Communication Ⅰ
物質応用化学科,前期,水,3,S402,タワースコラ,English Communication Ⅰ
物理学科,前期,水,3,S402,タワースコラ,English Communication Ⅰ
数学科,前期,水,3,S402,タワースコラ,English Communication Ⅰ
まちづくり工学科,前期,水,3,S402,タワースコラ,English Communication Ⅰ
応用情報工学科,前期,水,3,S402,タワースコラ,English Communication Ⅰ
一般教育,前期,水,3,S402,タワースコラ,English Communication Ⅰ
建築学専攻,前期,水,3,S403,タワースコラ,都市デザイン特論
まちづくり工学科,前期,水,3,S405,タワースコラ,国土・地域計画
機械工学専攻,前期,水,3,S406,タワースコラ,熱工学特論Ⅱ
交通システム工学専攻,前期,水,3,S407,タワースコラ,交通システム工学特論
機械工学科,前期,水,3,S501,タワースコラ,ＣＡＤ／ＣＡＭ↓連続２時限
機械工学科,前期,水,3,S502,タワースコラ,ＣＡＤ／ＣＡＭ↓連続２時限
土木工学科,前期,水,3,S504,タワースコラ,English Communication Ⅰ
交通システム工学科,前期,水,3,S504,タワースコラ,English Communication Ⅰ
交通システム工学科,前期,水,3,S504,タワースコラ,English Communication Ⅰ
建築学科,前期,水,3,S504,タワースコラ,English Communication Ⅰ
海洋建築工学科,前期,水,3,S504,タワースコラ,English Communication Ⅰ
機械工学科,前期,水,3,S504,タワースコラ,English Communication Ⅰ
精密機械工学科,前期,水,3,S504,タワースコラ,English Communication Ⅰ
航空宇宙工学科,前期,水,3,S504,タワースコラ,English Communication Ⅰ
電気工学科,前期,水,3,S504,タワースコラ,English Communication Ⅰ
電子工学科,前期,水,3,S504,タワースコラ,English Communication Ⅰ
物質応用化学科,前期,水,3,S504,タワースコラ,English Communication Ⅰ
物理学科,前期,水,3,S504,タワースコラ,English Communication Ⅰ
数学科,前期,水,3,S504,タワースコラ,English Communication Ⅰ
まちづくり工学科,前期,水,3,S504,タワースコラ,English Communication Ⅰ
応用情報工学科,前期,水,3,S504,タワースコラ,English Communication Ⅰ
一般教育,前期,水,3,S504,タワースコラ,English Communication Ⅰ
土木工学科,前期,水,3,S505,タワースコラ,材料力学演習 {2}
建築学専攻,前期,水,3,S601,タワースコラ,建築設計特論Ⅰ
情報科学専攻,前期,水,3,S602,タワースコラ,マン・マシンシステム
量子理工学専攻,前期,水,3,S603,タワースコラ,光エレクトロニクス
建築学科,前期,水,3,S702,タワースコラ,建築設計Ⅲ {1}↓連続３時限
建築学科,前期,水,3,S705）,タワースコラ,建築設計Ⅲ {1}↓連続３時限
物質応用化学科,前期,水,3,1011,船橋校舎,数学演習Ⅰ {A}
航空宇宙工学科,前期,水,3,1013,船橋校舎,工業数学Ⅲ
応用情報工学科,前期,水,3,1032,船橋校舎,線形代数学Ⅰ
精密機械工学科,前期,水,3,1043,船橋校舎,精密機械工学インセンティブ {未来}
電子工学科,前期,水,3,1102,船橋校舎,電子工学実験Ⅰ {1}{未来}↓連続２時限【年間】
物質応用化学科,前期,水,3,1112,船橋校舎,力と運動の物理学Ⅰ {B}
海洋建築工学科,前期,水,3,1113,船橋校舎,建築法規
応用情報工学科,前期,水,3,1121,船橋校舎,データ構造とアルゴリズム及び演習【年間】
土木工学科,前期,水,3,1122,船橋校舎,英語ⅡA
交通システム工学科,前期,水,3,1122,船橋校舎,英語ⅡA
交通システム工学科,前期,水,3,1122,船橋校舎,英語ⅡA
建築学科,前期,水,3,1122,船橋校舎,英語ⅡA
海洋建築工学科,前期,水,3,1122,船橋校舎,英語ⅡA
機械工学科,前期,水,3,1122,船橋校舎,英語ⅡA
精密機械工学科,前期,水,3,1122,船橋校舎,英語ⅡA
航空宇宙工学科,前期,水,3,1122,船橋校舎,英語ⅡA
電気工学科,前期,水,3,1122,船橋校舎,英語ⅡA
電子工学科,前期,水,3,1122,船橋校舎,英語ⅡA
物質応用化学科,前期,水,3,1122,船橋校舎,英語ⅡA
物理学科,前期,水,3,1122,船橋校舎,英語ⅡA
数学科,前期,水,3,1122,船橋校舎,英語ⅡA
まちづくり工学科,前期,水,3,1122,船橋校舎,英語ⅡA
応用情報工学科,前期,水,3,1122,船橋校舎,英語ⅡA
一般教育,前期,水,3,1122,船橋校舎,英語ⅡA
土木工学科,前期,水,3,1131,船橋校舎,英語ⅡA
交通システム工学科,前期,水,3,1131,船橋校舎,英語ⅡA
交通システム工学科,前期,水,3,1131,船橋校舎,英語ⅡA
建築学科,前期,水,3,1131,船橋校舎,英語ⅡA
海洋建築工学科,前期,水,3,1131,船橋校舎,英語ⅡA
機械工学科,前期,水,3,1131,船橋校舎,英語ⅡA
精密機械工学科,前期,水,3,1131,船橋校舎,英語ⅡA
航空宇宙工学科,前期,水,3,1131,船橋校舎,英語ⅡA
電気工学科,前期,水,3,1131,船橋校舎,英語ⅡA
電子工学科,前期,水,3,1131,船橋校舎,英語ⅡA
物質応用化学科,前期,水,3,1131,船橋校舎,英語ⅡA
物理学科,前期,水,3,1131,船橋校舎,英語ⅡA
数学科,前期,水,3,1131,船橋校舎,英語ⅡA
まちづくり工学科,前期,水,3,1131,船橋校舎,英語ⅡA
応用情報工学科,前期,水,3,1131,船橋校舎,英語ⅡA
一般教育,前期,水,3,1131,船橋校舎,英語ⅡA
土木工学科,前期,水,3,1132,船橋校舎,英語ⅡA
交通システム工学科,前期,水,3,1132,船橋校舎,英語ⅡA
交通システム工学科,前期,水,3,1132,船橋校舎,英語ⅡA
建築学科,前期,水,3,1132,船橋校舎,英語ⅡA
海洋建築工学科,前期,水,3,1132,船橋校舎,英語ⅡA
機械工学科,前期,水,3,1132,船橋校舎,英語ⅡA
精密機械工学科,前期,水,3,1132,船橋校舎,英語ⅡA
航空宇宙工学科,前期,水,3,1132,船橋校舎,英語ⅡA
電気工学科,前期,水,3,1132,船橋校舎,英語ⅡA
電子工学科,前期,水,3,1132,船橋校舎,英語ⅡA
物質応用化学科,前期,水,3,1132,船橋校舎,英語ⅡA
物理学科,前期,水,3,1132,船橋校舎,英語ⅡA
数学科,前期,水,3,1132,船橋校舎,英語ⅡA
まちづくり工学科,前期,水,3,1132,船橋校舎,英語ⅡA
応用情報工学科,前期,水,3,1132,船橋校舎,英語ⅡA
一般教育,前期,水,3,1132,船橋校舎,英語ⅡA
土木工学科,前期,水,3,1133,船橋校舎,英語ⅡA
交通システム工学科,前期,水,3,1133,船橋校舎,英語ⅡA
交通システム工学科,前期,水,3,1133,船橋校舎,英語ⅡA
建築学科,前期,水,3,1133,船橋校舎,英語ⅡA
海洋建築工学科,前期,水,3,1133,船橋校舎,英語ⅡA
機械工学科,前期,水,3,1133,船橋校舎,英語ⅡA
精密機械工学科,前期,水,3,1133,船橋校舎,英語ⅡA
航空宇宙工学科,前期,水,3,1133,船橋校舎,英語ⅡA
電気工学科,前期,水,3,1133,船橋校舎,英語ⅡA
電子工学科,前期,水,3,1133,船橋校舎,英語ⅡA
物質応用化学科,前期,水,3,1133,船橋校舎,英語ⅡA
物理学科,前期,水,3,1133,船橋校舎,英語ⅡA
数学科,前期,水,3,1133,船橋校舎,英語ⅡA
まちづくり工学科,前期,水,3,1133,船橋校舎,英語ⅡA
応用情報工学科,前期,水,3,1133,船橋校舎,英語ⅡA
一般教育,前期,水,3,1133,船橋校舎,英語ⅡA
土木工学科,前期,水,3,1141,船橋校舎,英語ⅡA
交通システム工学科,前期,水,3,1141,船橋校舎,英語ⅡA
交通システム工学科,前期,水,3,1141,船橋校舎,英語ⅡA
建築学科,前期,水,3,1141,船橋校舎,英語ⅡA
海洋建築工学科,前期,水,3,1141,船橋校舎,英語ⅡA
機械工学科,前期,水,3,1141,船橋校舎,英語ⅡA
精密機械工学科,前期,水,3,1141,船橋校舎,英語ⅡA
航空宇宙工学科,前期,水,3,1141,船橋校舎,英語ⅡA
電気工学科,前期,水,3,1141,船橋校舎,英語ⅡA
電子工学科,前期,水,3,1141,船橋校舎,英語ⅡA
物質応用化学科,前期,水,3,1141,船橋校舎,英語ⅡA
物理学科,前期,水,3,1141,船橋校舎,英語ⅡA
数学科,前期,水,3,1141,船橋校舎,英語ⅡA
まちづくり工学科,前期,水,3,1141,船橋校舎,英語ⅡA
応用情報工学科,前期,水,3,1141,船橋校舎,英語ⅡA
一般教育,前期,水,3,1141,船橋校舎,英語ⅡA
土木工学科,前期,水,3,1142,船橋校舎,英語ⅡA
交通システム工学科,前期,水,3,1142,船橋校舎,英語ⅡA
交通システム工学科,前期,水,3,1142,船橋校舎,英語ⅡA
建築学科,前期,水,3,1142,船橋校舎,英語ⅡA
海洋建築工学科,前期,水,3,1142,船橋校舎,英語ⅡA
機械工学科,前期,水,3,1142,船橋校舎,英語ⅡA
精密機械工学科,前期,水,3,1142,船橋校舎,英語ⅡA
航空宇宙工学科,前期,水,3,1142,船橋校舎,英語ⅡA
電気工学科,前期,水,3,1142,船橋校舎,英語ⅡA
電子工学科,前期,水,3,1142,船橋校舎,英語ⅡA
物質応用化学科,前期,水,3,1142,船橋校舎,英語ⅡA
物理学科,前期,水,3,1142,船橋校舎,英語ⅡA
数学科,前期,水,3,1142,船橋校舎,英語ⅡA
まちづくり工学科,前期,水,3,1142,船橋校舎,英語ⅡA
応用情報工学科,前期,水,3,1142,船橋校舎,英語ⅡA
一般教育,前期,水,3,1142,船橋校舎,英語ⅡA
土木工学科,前期,水,3,1143,船橋校舎,英語ⅡA
交通システム工学科,前期,水,3,1143,船橋校舎,英語ⅡA
交通システム工学科,前期,水,3,1143,船橋校舎,英語ⅡA
建築学科,前期,水,3,1143,船橋校舎,英語ⅡA
海洋建築工学科,前期,水,3,1143,船橋校舎,英語ⅡA
機械工学科,前期,水,3,1143,船橋校舎,英語ⅡA
精密機械工学科,前期,水,3,1143,船橋校舎,英語ⅡA
航空宇宙工学科,前期,水,3,1143,船橋校舎,英語ⅡA
電気工学科,前期,水,3,1143,船橋校舎,英語ⅡA
電子工学科,前期,水,3,1143,船橋校舎,英語ⅡA
物質応用化学科,前期,水,3,1143,船橋校舎,英語ⅡA
物理学科,前期,水,3,1143,船橋校舎,英語ⅡA
数学科,前期,水,3,1143,船橋校舎,英語ⅡA
まちづくり工学科,前期,水,3,1143,船橋校舎,英語ⅡA
応用情報工学科,前期,水,3,1143,船橋校舎,英語ⅡA
一般教育,前期,水,3,1143,船橋校舎,英語ⅡA
応用情報工学科,前期,水,3,1201,船橋校舎,データ構造とアルゴリズム及び演習【年間】
電子工学科,前期,水,3,1202,船橋校舎,コンピュータリテラシ {2}
応用情報工学科,前期,水,3,1204,船橋校舎,データ構造とアルゴリズム及び演習【年間】
精密機械工学科,前期,水,3,1211,船橋校舎,精密機械工学インセンティブ {未来}
精密機械工学科,前期,水,3,1214,船橋校舎,精密機械工学インセンティブ {未来}
精密機械工学科,前期,水,3,1221,船橋校舎,精密機械工学インセンティブ {未来}
精密機械工学科,前期,水,3,1224,船橋校舎,精密機械工学インセンティブ {未来}
土木工学科,前期,水,3,1421,船橋校舎,微分積分学Ⅰ {A}
土木工学科,前期,水,3,1422,船橋校舎,微分積分学Ⅰ {B}
土木工学科,前期,水,3,1423,船橋校舎,測量学Ⅰ {C}
交通システム工学科,前期,水,3,1424,船橋校舎,交通施設計画概論
交通システム工学科,前期,水,3,1424,船橋校舎,交通施設計画概論
海洋建築工学科,前期,水,3,1431,船橋校舎,デザイン演習Ⅲ↓連続２時限
電子工学科,前期,水,3,1432,船橋校舎,情報理論基礎
航空宇宙工学科,前期,水,3,1433,船橋校舎,飛行力学Ⅰ {未来}
建築学科,前期,水,3,1434,船橋校舎,デザイン基礎Ⅰ {1}↓連続３時限
電子工学科,前期,水,3,1441,船橋校舎,数値計算法
交通システム工学科,前期,水,3,1442,船橋校舎,国際開発援助論 {前期隔週}↓連続２時限【前期隔週】
交通システム工学科,前期,水,3,1442,船橋校舎,交通事業論 {前期隔週}↓連続２時限【前期隔週】
交通システム工学科,前期,水,3,1442,船橋校舎,国際開発援助論 {前期隔週}↓連続２時限【前期隔週】
交通システム工学科,前期,水,3,1442,船橋校舎,交通事業論 {前期隔週}↓連続２時限【前期隔週】
交通システム工学科,前期,水,3,1443,船橋校舎,地盤材料実験↓連続２時限
交通システム工学科,前期,水,3,1443,船橋校舎,地盤材料実験↓連続２時限
海洋建築工学科,前期,水,3,1444,船橋校舎,力学基礎
精密機械工学専攻,前期,水,3,1453,船橋校舎,情報素子特論 ＊
電子工学専攻,前期,水,3,1454,船橋校舎,磁気工学特論
建築学科,前期,水,3,14号館製図室,船橋校舎,デザイン基礎Ⅰ {1}↓連続３時限
交通システム工学科,前期,水,3,201,船橋校舎,地盤材料実験↓連続２時限
交通システム工学科,前期,水,3,201,船橋校舎,地盤材料実験↓連続２時限
交通システム工学科,前期,水,3,202,船橋校舎,地盤材料実験↓連続２時限
交通システム工学科,前期,水,3,202,船橋校舎,地盤材料実験↓連続２時限
応用情報工学科,前期,水,3,221,船橋校舎,情報工学実験Ⅲ↓連続２時限【年間】
海洋建築工学科,前期,水,3,521/2/3/4/5/7/8/9/10,船橋校舎,デザイン演習Ⅲ↓連続２時限
航空宇宙工学科,前期,水,3,633,船橋校舎,基礎製図Ⅰ {未来}↓連続２時限
航空宇宙工学科,前期,水,3,641,船橋校舎,基礎製図Ⅰ {未来}↓連続２時限
航空宇宙工学科,前期,水,3,642,船橋校舎,基礎製図Ⅰ {未来}↓連続２時限
航空宇宙工学科,前期,水,3,644,船橋校舎,基礎製図Ⅰ {未来}↓連続２時限
精密機械工学科,前期,水,3,741,船橋校舎,精密機械工学インセンティブ {未来}
まちづくり工学科,前期,水,3,測量実習センター演習室B,船橋校舎,測量実習Ⅰ↓連続２時限
交通システム工学科,前期,水,3,社会基盤,船橋校舎,地盤材料実験↓連続２時限
交通システム工学科,前期,水,3,社会基盤,船橋校舎,地盤材料実験↓連続２時限
精密機械工学科,前期,水,3,階段教室(大),船橋校舎,材料力学Ⅰ
精密機械工学科,前期,水,3,階段教室(小),船橋校舎,機械加工学Ⅱ
物理学科,前期,水,3,0000,駿河台校舎,物理学実験Ⅰ {未来}↓連続２時限
物理学科,前期,水,3,0000,駿河台校舎,物理学実験Ⅱ {未来}↓連続２時限
物理学科,前期,水,3,0000,駿河台校舎,物理学実験Ⅲ {未来}↓連続２時限
物理学科,前期,水,3,131,駿河台校舎,量子力学演習↓連続２時限
土木工学科,前期,水,3,133,駿河台校舎,英語ⅢA
交通システム工学科,前期,水,3,133,駿河台校舎,英語ⅢA
交通システム工学科,前期,水,3,133,駿河台校舎,英語ⅢA
建築学科,前期,水,3,133,駿河台校舎,英語ⅢA
海洋建築工学科,前期,水,3,133,駿河台校舎,英語ⅢA
機械工学科,前期,水,3,133,駿河台校舎,英語ⅢA
精密機械工学科,前期,水,3,133,駿河台校舎,英語ⅢA
航空宇宙工学科,前期,水,3,133,駿河台校舎,英語ⅢA
電気工学科,前期,水,3,133,駿河台校舎,英語ⅢA
電子工学科,前期,水,3,133,駿河台校舎,英語ⅢA
物質応用化学科,前期,水,3,133,駿河台校舎,英語ⅢA
物理学科,前期,水,3,133,駿河台校舎,英語ⅢA
数学科,前期,水,3,133,駿河台校舎,英語ⅢA
まちづくり工学科,前期,水,3,133,駿河台校舎,英語ⅢA
応用情報工学科,前期,水,3,133,駿河台校舎,英語ⅢA
一般教育,前期,水,3,133,駿河台校舎,英語ⅢA
一般教育,前期,水,3,134,駿河台校舎,自然環境論 {III群}
物理学科,前期,水,3,141,駿河台校舎,量子力学演習↓連続２時限
数学科,前期,水,3,143,駿河台校舎,アルゴリズム数理Ａ
土木工学科,前期,水,3,144,駿河台校舎,材料化学 {1}
土木工学科,前期,水,3,151,駿河台校舎,応用力学Ⅰ演習 {2}
物理学科,前期,水,3,152,駿河台校舎,物理数学演習↓連続２時限
物理学科,前期,水,3,154,駿河台校舎,物理数学演習↓連続２時限
土木工学科,前期,水,3,171,駿河台校舎,英語ⅢA
交通システム工学科,前期,水,3,171,駿河台校舎,英語ⅢA
交通システム工学科,前期,水,3,171,駿河台校舎,英語ⅢA
建築学科,前期,水,3,171,駿河台校舎,英語ⅢA
海洋建築工学科,前期,水,3,171,駿河台校舎,英語ⅢA
機械工学科,前期,水,3,171,駿河台校舎,英語ⅢA
精密機械工学科,前期,水,3,171,駿河台校舎,英語ⅢA
航空宇宙工学科,前期,水,3,171,駿河台校舎,英語ⅢA
電気工学科,前期,水,3,171,駿河台校舎,英語ⅢA
電子工学科,前期,水,3,171,駿河台校舎,英語ⅢA
物質応用化学科,前期,水,3,171,駿河台校舎,英語ⅢA
物理学科,前期,水,3,171,駿河台校舎,英語ⅢA
数学科,前期,水,3,171,駿河台校舎,英語ⅢA
まちづくり工学科,前期,水,3,171,駿河台校舎,英語ⅢA
応用情報工学科,前期,水,3,171,駿河台校舎,英語ⅢA
一般教育,前期,水,3,171,駿河台校舎,英語ⅢA
電気工学科,前期,水,3,805A,駿河台校舎,電気工学実験Ⅱ {A}↓連続２時限
電気工学科,前期,水,3,805A,駿河台校舎,回路デザイン実験 {B}↓連続２時限
電気工学科,前期,水,3,805B,駿河台校舎,電気工学実験Ⅲ↓連続２時限
電気工学科,前期,水,3,811,駿河台校舎,電気工学実験Ⅱ {A}↓連続２時限
電気工学科,前期,水,3,811,駿河台校舎,回路デザイン実験 {B}↓連続２時限
電気工学科,前期,水,3,811,駿河台校舎,電気工学実験Ⅲ↓連続２時限
電気工学科,前期,水,3,812,駿河台校舎,電気工学実験Ⅱ {A}↓連続２時限
電気工学科,前期,水,3,812,駿河台校舎,回路デザイン実験 {B}↓連続２時限
電気工学科,前期,水,3,812,駿河台校舎,電気工学実験Ⅲ↓連続２時限
物質応用化学専攻,前期,水,3,831,駿河台校舎,有機合成化学特論
物理学科,前期,水,3,842,駿河台校舎,量子力学演習↓連続２時限
物質応用化学科,前期,水,3,843,駿河台校舎,専門化学実験Ⅱ↓連続３時限
物質応用化学科,前期,水,3,851,駿河台校舎,分子生物学
物質応用化学科,前期,水,3,852,駿河台校舎,専門化学実験Ⅱ↓連続３時限
建築学科,前期,水,3,スタジオ（S701,駿河台校舎,建築設計Ⅲ {1}↓連続３時限
機械工学科,前期,水,4,S101,タワースコラ,流体力学Ⅰ {A}
一般教育,前期,水,4,S201,タワースコラ,教）数学科教育法Ⅲ {数学科用}
機械工学科,前期,水,4,S202,タワースコラ,熱力学Ⅰ {B}
物理学科,前期,水,4,S203,タワースコラ,物理数学演習↓連続２時限
建築学科,前期,水,4,S204,タワースコラ,建築史Ⅰ {1}
建築学科,前期,水,4,S301,タワースコラ,建築材料Ⅰ {2}
建築学科,前期,水,4,S302,タワースコラ,構造力学演習Ⅲ {2}
交通システム工学専攻,前期,水,4,S303,タワースコラ,都市交通計画特論
数学科,前期,水,4,S304,タワースコラ,数理情報論理学Ａ {1}
土木工学専攻,前期,水,4,S305,タワースコラ,耐震設計法
数学専攻,前期,水,4,S306,タワースコラ,幾何学特論ⅠA
土木工学科,前期,水,4,S401,タワースコラ,材料力学演習 {1}
一般教育,前期,水,4,S402,タワースコラ,English Communication Ⅰ
まちづくり工学専攻,前期,水,4,S403,タワースコラ,社会と福祉まちづくり特論
土木工学専攻,前期,水,4,S406,タワースコラ,環境解析学特論
機械工学科,前期,水,4,S501,タワースコラ,ＣＡＤ／ＣＡＭ↓連続２時限
機械工学科,前期,水,4,S502,タワースコラ,ＣＡＤ／ＣＡＭ↓連続２時限
土木工学科,前期,水,4,S505,タワースコラ,地盤工学Ⅰ {2}
機械工学専攻,前期,水,4,S601,タワースコラ,振動工学特論Ⅰ
量子理工学専攻,前期,水,4,S603,タワースコラ,電磁気学特論
建築学専攻,前期,水,4,S604,タワースコラ,建築構造特論Ⅰ
建築学科,前期,水,4,S702,タワースコラ,建築設計Ⅲ {1}↓連続３時限
建築学科,前期,水,4,S705）,タワースコラ,建築設計Ⅲ {1}↓連続３時限
土木工学科,前期,水,4,1021,船橋校舎,フランス語Ⅰ
交通システム工学科,前期,水,4,1021,船橋校舎,フランス語Ⅰ
交通システム工学科,前期,水,4,1021,船橋校舎,フランス語Ⅰ
建築学科,前期,水,4,1021,船橋校舎,フランス語Ⅰ
海洋建築工学科,前期,水,4,1021,船橋校舎,フランス語Ⅰ
機械工学科,前期,水,4,1021,船橋校舎,フランス語Ⅰ
精密機械工学科,前期,水,4,1021,船橋校舎,フランス語Ⅰ
航空宇宙工学科,前期,水,4,1021,船橋校舎,フランス語Ⅰ
電気工学科,前期,水,4,1021,船橋校舎,フランス語Ⅰ
電子工学科,前期,水,4,1021,船橋校舎,フランス語Ⅰ
物質応用化学科,前期,水,4,1021,船橋校舎,フランス語Ⅰ
物理学科,前期,水,4,1021,船橋校舎,フランス語Ⅰ
数学科,前期,水,4,1021,船橋校舎,フランス語Ⅰ
まちづくり工学科,前期,水,4,1021,船橋校舎,フランス語Ⅰ
応用情報工学科,前期,水,4,1021,船橋校舎,フランス語Ⅰ
一般教育,前期,水,4,1021,船橋校舎,フランス語Ⅰ
土木工学科,前期,水,4,1023,船橋校舎,中国語Ⅰ
交通システム工学科,前期,水,4,1023,船橋校舎,中国語Ⅰ
交通システム工学科,前期,水,4,1023,船橋校舎,中国語Ⅰ
建築学科,前期,水,4,1023,船橋校舎,中国語Ⅰ
海洋建築工学科,前期,水,4,1023,船橋校舎,中国語Ⅰ
機械工学科,前期,水,4,1023,船橋校舎,中国語Ⅰ
精密機械工学科,前期,水,4,1023,船橋校舎,中国語Ⅰ
航空宇宙工学科,前期,水,4,1023,船橋校舎,中国語Ⅰ
電気工学科,前期,水,4,1023,船橋校舎,中国語Ⅰ
電子工学科,前期,水,4,1023,船橋校舎,中国語Ⅰ
物質応用化学科,前期,水,4,1023,船橋校舎,中国語Ⅰ
物理学科,前期,水,4,1023,船橋校舎,中国語Ⅰ
数学科,前期,水,4,1023,船橋校舎,中国語Ⅰ
まちづくり工学科,前期,水,4,1023,船橋校舎,中国語Ⅰ
応用情報工学科,前期,水,4,1023,船橋校舎,中国語Ⅰ
一般教育,前期,水,4,1023,船橋校舎,中国語Ⅰ
土木工学科,前期,水,4,1031,船橋校舎,中国語Ⅰ
交通システム工学科,前期,水,4,1031,船橋校舎,中国語Ⅰ
交通システム工学科,前期,水,4,1031,船橋校舎,中国語Ⅰ
建築学科,前期,水,4,1031,船橋校舎,中国語Ⅰ
海洋建築工学科,前期,水,4,1031,船橋校舎,中国語Ⅰ
機械工学科,前期,水,4,1031,船橋校舎,中国語Ⅰ
精密機械工学科,前期,水,4,1031,船橋校舎,中国語Ⅰ
航空宇宙工学科,前期,水,4,1031,船橋校舎,中国語Ⅰ
電気工学科,前期,水,4,1031,船橋校舎,中国語Ⅰ
電子工学科,前期,水,4,1031,船橋校舎,中国語Ⅰ
物質応用化学科,前期,水,4,1031,船橋校舎,中国語Ⅰ
物理学科,前期,水,4,1031,船橋校舎,中国語Ⅰ
数学科,前期,水,4,1031,船橋校舎,中国語Ⅰ
まちづくり工学科,前期,水,4,1031,船橋校舎,中国語Ⅰ
応用情報工学科,前期,水,4,1031,船橋校舎,中国語Ⅰ
一般教育,前期,水,4,1031,船橋校舎,中国語Ⅰ
土木工学科,前期,水,4,1032,船橋校舎,中国語Ⅰ
交通システム工学科,前期,水,4,1032,船橋校舎,中国語Ⅰ
交通システム工学科,前期,水,4,1032,船橋校舎,中国語Ⅰ
建築学科,前期,水,4,1032,船橋校舎,中国語Ⅰ
海洋建築工学科,前期,水,4,1032,船橋校舎,中国語Ⅰ
機械工学科,前期,水,4,1032,船橋校舎,中国語Ⅰ
精密機械工学科,前期,水,4,1032,船橋校舎,中国語Ⅰ
航空宇宙工学科,前期,水,4,1032,船橋校舎,中国語Ⅰ
電気工学科,前期,水,4,1032,船橋校舎,中国語Ⅰ
電子工学科,前期,水,4,1032,船橋校舎,中国語Ⅰ
物質応用化学科,前期,水,4,1032,船橋校舎,中国語Ⅰ
物理学科,前期,水,4,1032,船橋校舎,中国語Ⅰ
数学科,前期,水,4,1032,船橋校舎,中国語Ⅰ
まちづくり工学科,前期,水,4,1032,船橋校舎,中国語Ⅰ
応用情報工学科,前期,水,4,1032,船橋校舎,中国語Ⅰ
一般教育,前期,水,4,1032,船橋校舎,中国語Ⅰ
電気工学科,前期,水,4,1041,船橋校舎,物理学Ⅰ {A}
電気工学科,前期,水,4,1042,船橋校舎,物理学Ⅰ {B}
電子工学科,前期,水,4,1102,船橋校舎,電子工学実験Ⅰ {1}{未来}↓連続２時限【年間】
物質応用化学科,前期,水,4,1131,船橋校舎,英語ⅠA
物理学科,前期,水,4,1132,船橋校舎,線形代数学Ⅰ {2}
物理学科,前期,水,4,1133,船橋校舎,線形代数学Ⅰ {1}
物質応用化学科,前期,水,4,1141,船橋校舎,英語ⅠA
物質応用化学科,前期,水,4,1142,船橋校舎,英語ⅠA
物質応用化学科,前期,水,4,1143,船橋校舎,英語ⅠA
土木工学科,前期,水,4,1232,船橋校舎,ドイツ語Ⅰ
交通システム工学科,前期,水,4,1232,船橋校舎,ドイツ語Ⅰ
交通システム工学科,前期,水,4,1232,船橋校舎,ドイツ語Ⅰ
建築学科,前期,水,4,1232,船橋校舎,ドイツ語Ⅰ
海洋建築工学科,前期,水,4,1232,船橋校舎,ドイツ語Ⅰ
機械工学科,前期,水,4,1232,船橋校舎,ドイツ語Ⅰ
精密機械工学科,前期,水,4,1232,船橋校舎,ドイツ語Ⅰ
航空宇宙工学科,前期,水,4,1232,船橋校舎,ドイツ語Ⅰ
電気工学科,前期,水,4,1232,船橋校舎,ドイツ語Ⅰ
電子工学科,前期,水,4,1232,船橋校舎,ドイツ語Ⅰ
物質応用化学科,前期,水,4,1232,船橋校舎,ドイツ語Ⅰ
物理学科,前期,水,4,1232,船橋校舎,ドイツ語Ⅰ
数学科,前期,水,4,1232,船橋校舎,ドイツ語Ⅰ
まちづくり工学科,前期,水,4,1232,船橋校舎,ドイツ語Ⅰ
応用情報工学科,前期,水,4,1232,船橋校舎,ドイツ語Ⅰ
一般教育,前期,水,4,1232,船橋校舎,ドイツ語Ⅰ
土木工学科,前期,水,4,1233,船橋校舎,ドイツ語Ⅰ
交通システム工学科,前期,水,4,1233,船橋校舎,ドイツ語Ⅰ
交通システム工学科,前期,水,4,1233,船橋校舎,ドイツ語Ⅰ
建築学科,前期,水,4,1233,船橋校舎,ドイツ語Ⅰ
海洋建築工学科,前期,水,4,1233,船橋校舎,ドイツ語Ⅰ
機械工学科,前期,水,4,1233,船橋校舎,ドイツ語Ⅰ
精密機械工学科,前期,水,4,1233,船橋校舎,ドイツ語Ⅰ
航空宇宙工学科,前期,水,4,1233,船橋校舎,ドイツ語Ⅰ
電気工学科,前期,水,4,1233,船橋校舎,ドイツ語Ⅰ
電子工学科,前期,水,4,1233,船橋校舎,ドイツ語Ⅰ
物質応用化学科,前期,水,4,1233,船橋校舎,ドイツ語Ⅰ
物理学科,前期,水,4,1233,船橋校舎,ドイツ語Ⅰ
数学科,前期,水,4,1233,船橋校舎,ドイツ語Ⅰ
まちづくり工学科,前期,水,4,1233,船橋校舎,ドイツ語Ⅰ
応用情報工学科,前期,水,4,1233,船橋校舎,ドイツ語Ⅰ
一般教育,前期,水,4,1233,船橋校舎,ドイツ語Ⅰ
土木工学科,前期,水,4,1234,船橋校舎,ドイツ語Ⅰ
交通システム工学科,前期,水,4,1234,船橋校舎,ドイツ語Ⅰ
交通システム工学科,前期,水,4,1234,船橋校舎,ドイツ語Ⅰ
建築学科,前期,水,4,1234,船橋校舎,ドイツ語Ⅰ
海洋建築工学科,前期,水,4,1234,船橋校舎,ドイツ語Ⅰ
機械工学科,前期,水,4,1234,船橋校舎,ドイツ語Ⅰ
精密機械工学科,前期,水,4,1234,船橋校舎,ドイツ語Ⅰ
航空宇宙工学科,前期,水,4,1234,船橋校舎,ドイツ語Ⅰ
電気工学科,前期,水,4,1234,船橋校舎,ドイツ語Ⅰ
電子工学科,前期,水,4,1234,船橋校舎,ドイツ語Ⅰ
物質応用化学科,前期,水,4,1234,船橋校舎,ドイツ語Ⅰ
物理学科,前期,水,4,1234,船橋校舎,ドイツ語Ⅰ
数学科,前期,水,4,1234,船橋校舎,ドイツ語Ⅰ
まちづくり工学科,前期,水,4,1234,船橋校舎,ドイツ語Ⅰ
応用情報工学科,前期,水,4,1234,船橋校舎,ドイツ語Ⅰ
一般教育,前期,水,4,1234,船橋校舎,ドイツ語Ⅰ
土木工学科,前期,水,4,1325,船橋校舎,測量学Ⅰ {AB}
土木工学科,前期,水,4,1421,船橋校舎,微分積分学Ⅰ {C}
海洋建築工学科,前期,水,4,1431,船橋校舎,デザイン演習Ⅲ↓連続２時限
航空宇宙工学科,前期,水,4,1433,船橋校舎,圧縮性流体力学
建築学科,前期,水,4,1434,船橋校舎,デザイン基礎Ⅰ {1}↓連続３時限
応用情報工学科,前期,水,4,1441,船橋校舎,数値解析
交通システム工学科,前期,水,4,1442,船橋校舎,国際開発援助論 {前期隔週}↓連続２時限【前期隔週】
交通システム工学科,前期,水,4,1442,船橋校舎,交通事業論 {前期隔週}↓連続２時限【前期隔週】
交通システム工学科,前期,水,4,1442,船橋校舎,国際開発援助論 {前期隔週}↓連続２時限【前期隔週】
交通システム工学科,前期,水,4,1442,船橋校舎,交通事業論 {前期隔週}↓連続２時限【前期隔週】
交通システム工学科,前期,水,4,1443,船橋校舎,地盤材料実験↓連続２時限
交通システム工学科,前期,水,4,1443,船橋校舎,地盤材料実験↓連続２時限
海洋建築工学科,前期,水,4,1444,船橋校舎,材料化学
海洋建築工学専攻,前期,水,4,1452,船橋校舎,海洋環境工学特論Ⅰ(海洋物理環境)
精密機械工学専攻,前期,水,4,1453,船橋校舎,人間工学特論Ⅰ ＊
航空宇宙工学専攻,前期,水,4,1455,船橋校舎,航空宇宙制御論Ⅱ
精密機械工学科,前期,水,4,1458,船橋校舎,マイクロマシニング
建築学科,前期,水,4,14号館製図室,船橋校舎,デザイン基礎Ⅰ {1}↓連続３時限
交通システム工学科,前期,水,4,201,船橋校舎,地盤材料実験↓連続２時限
交通システム工学科,前期,水,4,201,船橋校舎,地盤材料実験↓連続２時限
交通システム工学科,前期,水,4,202,船橋校舎,地盤材料実験↓連続２時限
交通システム工学科,前期,水,4,202,船橋校舎,地盤材料実験↓連続２時限
応用情報工学科,前期,水,4,221,船橋校舎,情報工学実験Ⅲ↓連続２時限【年間】
海洋建築工学科,前期,水,4,521/2/3/4/5/7/8/9/10,船橋校舎,デザイン演習Ⅲ↓連続２時限
航空宇宙工学科,前期,水,4,633,船橋校舎,基礎製図Ⅰ {未来}↓連続２時限
航空宇宙工学科,前期,水,4,641,船橋校舎,基礎製図Ⅰ {未来}↓連続２時限
航空宇宙工学科,前期,水,4,642,船橋校舎,基礎製図Ⅰ {未来}↓連続２時限
航空宇宙工学科,前期,水,4,644,船橋校舎,基礎製図Ⅰ {未来}↓連続２時限
まちづくり工学科,前期,水,4,測量実習センター演習室B,船橋校舎,測量実習Ⅰ↓連続２時限
交通システム工学科,前期,水,4,社会基盤,船橋校舎,地盤材料実験↓連続２時限
交通システム工学科,前期,水,4,社会基盤,船橋校舎,地盤材料実験↓連続２時限
精密機械工学科,前期,水,4,階段教室(大),船橋校舎,工業力学Ⅰ
精密機械工学科,前期,水,4,階段教室(小),船橋校舎,振動工学
物理学科,前期,水,4,0000,駿河台校舎,物理学実験Ⅰ {未来}↓連続２時限
物理学科,前期,水,4,0000,駿河台校舎,物理学実験Ⅱ {未来}↓連続２時限
物理学科,前期,水,4,0000,駿河台校舎,物理学実験Ⅲ {未来}↓連続２時限
物理学科,前期,水,4,131,駿河台校舎,量子力学演習↓連続２時限
まちづくり工学科,前期,水,4,134,駿河台校舎,建築構法Ⅰ
物理学科,前期,水,4,141,駿河台校舎,量子力学演習↓連続２時限
一般教育,前期,水,4,142,駿河台校舎,微分積分学Ⅰ
数学科,前期,水,4,143,駿河台校舎,数理情報論理学Ａ {2}
土木工学科,前期,水,4,144,駿河台校舎,応用力学Ⅰ演習 {1}
土木工学科,前期,水,4,151,駿河台校舎,材料化学 {2}
物理学科,前期,水,4,152,駿河台校舎,物理数学演習↓連続２時限
物理学科,前期,水,4,154,駿河台校舎,物理数学演習↓連続２時限
電気工学科,前期,水,4,805A,駿河台校舎,電気工学実験Ⅱ {A}↓連続２時限
電気工学科,前期,水,4,805A,駿河台校舎,回路デザイン実験 {B}↓連続２時限
電気工学科,前期,水,4,805B,駿河台校舎,電気工学実験Ⅲ↓連続２時限
電気工学科,前期,水,4,811,駿河台校舎,電気工学実験Ⅱ {A}↓連続２時限
電気工学科,前期,水,4,811,駿河台校舎,回路デザイン実験 {B}↓連続２時限
電気工学科,前期,水,4,811,駿河台校舎,電気工学実験Ⅲ↓連続２時限
電気工学科,前期,水,4,812,駿河台校舎,電気工学実験Ⅱ {A}↓連続２時限
電気工学科,前期,水,4,812,駿河台校舎,回路デザイン実験 {B}↓連続２時限
電気工学科,前期,水,4,812,駿河台校舎,電気工学実験Ⅲ↓連続２時限
物質応用化学科,前期,水,4,841,駿河台校舎,物質分離工学
物理学科,前期,水,4,842,駿河台校舎,量子力学演習↓連続２時限
物質応用化学科,前期,水,4,843,駿河台校舎,専門化学実験Ⅱ↓連続３時限
物質応用化学科,前期,水,4,852,駿河台校舎,専門化学実験Ⅱ↓連続３時限
まちづくり工学科,前期,水,4,CSTﾎｰﾙ,駿河台校舎,都市・地域デザイン演習↓連続２時限
まちづくり工学科,前期,水,4,まち製図室１～５,駿河台校舎,都市・地域デザイン演習↓連続２時限
建築学科,前期,水,4,スタジオ（S701,駿河台校舎,建築設計Ⅲ {1}↓連続３時限
一般教育,前期,水,5,S202,タワースコラ,教）数学科教育法Ⅲ {数学以外}
一般教育,前期,水,5,S203,タワースコラ,地球環境化学 {III群}
建築学科,前期,水,5,S204,タワースコラ,材料化学
建築学科,前期,水,5,S301,タワースコラ,建築学総合演習↓連続２時限
建築学科,前期,水,5,S302,タワースコラ,建築学総合演習↓連続２時限
建築学科,前期,水,5,S303,タワースコラ,建築学総合演習↓連続２時限
一般教育,前期,水,5,S304,タワースコラ,物質の構造と状態
土木工学専攻,前期,水,5,S305,タワースコラ,固体の連続体力学と有限要素法
機械工学科,前期,水,5,S401,タワースコラ,内燃機関
建築学専攻,前期,水,5,S403,タワースコラ,建築構造計画演習Ⅰ↓連続２時限
土木工学科,前期,水,5,S405,タワースコラ,地理学 {1}
物理学専攻,前期,水,5,S406,タワースコラ,一般相対論Ⅰ
土木工学科,前期,水,5,S505,タワースコラ,建設材料 {再履修}
機械工学専攻,前期,水,5,S601,タワースコラ,塑性加工学特論Ⅰ
建築学専攻,前期,水,5,S706建築スライド室,タワースコラ,サスティナブルデザイン特論
航空宇宙工学科,前期,水,5,1012,船橋校舎,コンピュータプログラミングⅠ
土木工学科,前期,水,5,1021,船橋校舎,フランス語Ⅰ
交通システム工学科,前期,水,5,1021,船橋校舎,フランス語Ⅰ
交通システム工学科,前期,水,5,1021,船橋校舎,フランス語Ⅰ
建築学科,前期,水,5,1021,船橋校舎,フランス語Ⅰ
海洋建築工学科,前期,水,5,1021,船橋校舎,フランス語Ⅰ
機械工学科,前期,水,5,1021,船橋校舎,フランス語Ⅰ
精密機械工学科,前期,水,5,1021,船橋校舎,フランス語Ⅰ
航空宇宙工学科,前期,水,5,1021,船橋校舎,フランス語Ⅰ
電気工学科,前期,水,5,1021,船橋校舎,フランス語Ⅰ
電子工学科,前期,水,5,1021,船橋校舎,フランス語Ⅰ
物質応用化学科,前期,水,5,1021,船橋校舎,フランス語Ⅰ
物理学科,前期,水,5,1021,船橋校舎,フランス語Ⅰ
数学科,前期,水,5,1021,船橋校舎,フランス語Ⅰ
まちづくり工学科,前期,水,5,1021,船橋校舎,フランス語Ⅰ
応用情報工学科,前期,水,5,1021,船橋校舎,フランス語Ⅰ
一般教育,前期,水,5,1021,船橋校舎,フランス語Ⅰ
一般教育,前期,水,5,1022,船橋校舎,教養基礎ゼミナール {ｽﾎﾟ工}
土木工学科,前期,水,5,1023,船橋校舎,中国語Ⅰ
交通システム工学科,前期,水,5,1023,船橋校舎,中国語Ⅰ
交通システム工学科,前期,水,5,1023,船橋校舎,中国語Ⅰ
建築学科,前期,水,5,1023,船橋校舎,中国語Ⅰ
海洋建築工学科,前期,水,5,1023,船橋校舎,中国語Ⅰ
機械工学科,前期,水,5,1023,船橋校舎,中国語Ⅰ
精密機械工学科,前期,水,5,1023,船橋校舎,中国語Ⅰ
航空宇宙工学科,前期,水,5,1023,船橋校舎,中国語Ⅰ
電気工学科,前期,水,5,1023,船橋校舎,中国語Ⅰ
電子工学科,前期,水,5,1023,船橋校舎,中国語Ⅰ
物質応用化学科,前期,水,5,1023,船橋校舎,中国語Ⅰ
物理学科,前期,水,5,1023,船橋校舎,中国語Ⅰ
数学科,前期,水,5,1023,船橋校舎,中国語Ⅰ
まちづくり工学科,前期,水,5,1023,船橋校舎,中国語Ⅰ
応用情報工学科,前期,水,5,1023,船橋校舎,中国語Ⅰ
一般教育,前期,水,5,1023,船橋校舎,中国語Ⅰ
土木工学科,前期,水,5,1031,船橋校舎,中国語Ⅰ
交通システム工学科,前期,水,5,1031,船橋校舎,中国語Ⅰ
交通システム工学科,前期,水,5,1031,船橋校舎,中国語Ⅰ
建築学科,前期,水,5,1031,船橋校舎,中国語Ⅰ
海洋建築工学科,前期,水,5,1031,船橋校舎,中国語Ⅰ
機械工学科,前期,水,5,1031,船橋校舎,中国語Ⅰ
精密機械工学科,前期,水,5,1031,船橋校舎,中国語Ⅰ
航空宇宙工学科,前期,水,5,1031,船橋校舎,中国語Ⅰ
電気工学科,前期,水,5,1031,船橋校舎,中国語Ⅰ
電子工学科,前期,水,5,1031,船橋校舎,中国語Ⅰ
物質応用化学科,前期,水,5,1031,船橋校舎,中国語Ⅰ
物理学科,前期,水,5,1031,船橋校舎,中国語Ⅰ
数学科,前期,水,5,1031,船橋校舎,中国語Ⅰ
まちづくり工学科,前期,水,5,1031,船橋校舎,中国語Ⅰ
応用情報工学科,前期,水,5,1031,船橋校舎,中国語Ⅰ
一般教育,前期,水,5,1031,船橋校舎,中国語Ⅰ
土木工学科,前期,水,5,1032,船橋校舎,中国語Ⅰ
交通システム工学科,前期,水,5,1032,船橋校舎,中国語Ⅰ
交通システム工学科,前期,水,5,1032,船橋校舎,中国語Ⅰ
建築学科,前期,水,5,1032,船橋校舎,中国語Ⅰ
海洋建築工学科,前期,水,5,1032,船橋校舎,中国語Ⅰ
機械工学科,前期,水,5,1032,船橋校舎,中国語Ⅰ
精密機械工学科,前期,水,5,1032,船橋校舎,中国語Ⅰ
航空宇宙工学科,前期,水,5,1032,船橋校舎,中国語Ⅰ
電気工学科,前期,水,5,1032,船橋校舎,中国語Ⅰ
電子工学科,前期,水,5,1032,船橋校舎,中国語Ⅰ
物質応用化学科,前期,水,5,1032,船橋校舎,中国語Ⅰ
物理学科,前期,水,5,1032,船橋校舎,中国語Ⅰ
数学科,前期,水,5,1032,船橋校舎,中国語Ⅰ
まちづくり工学科,前期,水,5,1032,船橋校舎,中国語Ⅰ
応用情報工学科,前期,水,5,1032,船橋校舎,中国語Ⅰ
一般教育,前期,水,5,1032,船橋校舎,中国語Ⅰ
一般教育,前期,水,5,1041,船橋校舎,教養基礎ゼミナール {宇宙}
一般教育,前期,水,5,1133,船橋校舎,教養基礎ゼミナール {子ども}
航空宇宙工学科,前期,水,5,1201,船橋校舎,コンピュータプログラミングⅠ
航空宇宙工学科,前期,水,5,1204,船橋校舎,コンピュータプログラミングⅠ
土木工学科,前期,水,5,1232,船橋校舎,ドイツ語Ⅰ
交通システム工学科,前期,水,5,1232,船橋校舎,ドイツ語Ⅰ
交通システム工学科,前期,水,5,1232,船橋校舎,ドイツ語Ⅰ
建築学科,前期,水,5,1232,船橋校舎,ドイツ語Ⅰ
海洋建築工学科,前期,水,5,1232,船橋校舎,ドイツ語Ⅰ
機械工学科,前期,水,5,1232,船橋校舎,ドイツ語Ⅰ
精密機械工学科,前期,水,5,1232,船橋校舎,ドイツ語Ⅰ
航空宇宙工学科,前期,水,5,1232,船橋校舎,ドイツ語Ⅰ
電気工学科,前期,水,5,1232,船橋校舎,ドイツ語Ⅰ
電子工学科,前期,水,5,1232,船橋校舎,ドイツ語Ⅰ
物質応用化学科,前期,水,5,1232,船橋校舎,ドイツ語Ⅰ
物理学科,前期,水,5,1232,船橋校舎,ドイツ語Ⅰ
数学科,前期,水,5,1232,船橋校舎,ドイツ語Ⅰ
まちづくり工学科,前期,水,5,1232,船橋校舎,ドイツ語Ⅰ
応用情報工学科,前期,水,5,1232,船橋校舎,ドイツ語Ⅰ
一般教育,前期,水,5,1232,船橋校舎,ドイツ語Ⅰ
土木工学科,前期,水,5,1233,船橋校舎,ドイツ語Ⅰ
交通システム工学科,前期,水,5,1233,船橋校舎,ドイツ語Ⅰ
交通システム工学科,前期,水,5,1233,船橋校舎,ドイツ語Ⅰ
建築学科,前期,水,5,1233,船橋校舎,ドイツ語Ⅰ
海洋建築工学科,前期,水,5,1233,船橋校舎,ドイツ語Ⅰ
機械工学科,前期,水,5,1233,船橋校舎,ドイツ語Ⅰ
精密機械工学科,前期,水,5,1233,船橋校舎,ドイツ語Ⅰ
航空宇宙工学科,前期,水,5,1233,船橋校舎,ドイツ語Ⅰ
電気工学科,前期,水,5,1233,船橋校舎,ドイツ語Ⅰ
電子工学科,前期,水,5,1233,船橋校舎,ドイツ語Ⅰ
物質応用化学科,前期,水,5,1233,船橋校舎,ドイツ語Ⅰ
物理学科,前期,水,5,1233,船橋校舎,ドイツ語Ⅰ
数学科,前期,水,5,1233,船橋校舎,ドイツ語Ⅰ
まちづくり工学科,前期,水,5,1233,船橋校舎,ドイツ語Ⅰ
応用情報工学科,前期,水,5,1233,船橋校舎,ドイツ語Ⅰ
一般教育,前期,水,5,1233,船橋校舎,ドイツ語Ⅰ
土木工学科,前期,水,5,1234,船橋校舎,ドイツ語Ⅰ
交通システム工学科,前期,水,5,1234,船橋校舎,ドイツ語Ⅰ
交通システム工学科,前期,水,5,1234,船橋校舎,ドイツ語Ⅰ
建築学科,前期,水,5,1234,船橋校舎,ドイツ語Ⅰ
海洋建築工学科,前期,水,5,1234,船橋校舎,ドイツ語Ⅰ
機械工学科,前期,水,5,1234,船橋校舎,ドイツ語Ⅰ
精密機械工学科,前期,水,5,1234,船橋校舎,ドイツ語Ⅰ
航空宇宙工学科,前期,水,5,1234,船橋校舎,ドイツ語Ⅰ
電気工学科,前期,水,5,1234,船橋校舎,ドイツ語Ⅰ
電子工学科,前期,水,5,1234,船橋校舎,ドイツ語Ⅰ
物質応用化学科,前期,水,5,1234,船橋校舎,ドイツ語Ⅰ
物理学科,前期,水,5,1234,船橋校舎,ドイツ語Ⅰ
数学科,前期,水,5,1234,船橋校舎,ドイツ語Ⅰ
まちづくり工学科,前期,水,5,1234,船橋校舎,ドイツ語Ⅰ
応用情報工学科,前期,水,5,1234,船橋校舎,ドイツ語Ⅰ
一般教育,前期,水,5,1234,船橋校舎,ドイツ語Ⅰ
一般教育,前期,水,5,1422,船橋校舎,教）化学概論
一般教育,前期,水,5,1431,船橋校舎,学）博物館経営論
電子工学専攻,前期,水,5,1454,船橋校舎,宇宙通信システム工学
量子理工学専攻,前期,水,5,1456,船橋校舎,放射線科学
航空宇宙工学科,前期,水,5,1457,船橋校舎,航空宇宙工学総合演習
一般教育,前期,水,5,241,船橋校舎,教）情報科教育法Ⅰ
精密機械工学科,前期,水,5,階段教室(小),船橋校舎,精密機械工学キャリアデザイン
一般教育,前期,水,5,131,駿河台校舎,数理統計学Ⅰ
まちづくり工学科,前期,水,5,134,駿河台校舎,力と運動の物理学Ⅰ演習
一般教育,前期,水,5,141,駿河台校舎,教）特別活動・総合的な学習の時間の指導法
一般教育,前期,水,5,142,駿河台校舎,数学演習Ⅰ
一般教育,前期,水,5,144,駿河台校舎,物理学Ⅱ演習 {再履修}
物理学専攻,前期,水,5,152,駿河台校舎,科学史特論Ⅰ
物質応用化学科,前期,水,5,843,駿河台校舎,専門化学実験Ⅱ↓連続３時限
物質応用化学科,前期,水,5,852,駿河台校舎,専門化学実験Ⅱ↓連続３時限
まちづくり工学科,前期,水,5,CSTﾎｰﾙ,駿河台校舎,都市・地域デザイン演習↓連続２時限
まちづくり工学科,前期,水,5,まち製図室１～５,駿河台校舎,都市・地域デザイン演習↓連続２時限
まちづくり工学専攻,前期,水,6,S1201,タワースコラ,社会と福祉まちづくり特論 △
一般教育,前期,水,6,S202,タワースコラ,教）化学概論
建築学科,前期,水,6,S301,タワースコラ,建築学総合演習↓連続２時限
建築学科,前期,水,6,S302,タワースコラ,建築学総合演習↓連続２時限
建築学科,前期,水,6,S303,タワースコラ,建築学総合演習↓連続２時限
土木工学専攻,前期,水,6,S305,タワースコラ,固体の連続体力学と有限要素法 △
建築学専攻,前期,水,6,S403,タワースコラ,建築構造計画演習Ⅰ↓連続２時限
物理学専攻,前期,水,6,S406,タワースコラ,プラズマ物理学特論Ⅰ △
一般教育,前期,水,6,113,船橋校舎,教）理科教育法Ⅰ
一般教育,前期,水,6,1431,船橋校舎,学）博物館資料保存論
精密機械工学専攻,前期,水,6,1453,船橋校舎,システム工学特論Ⅰ △
電子工学専攻,前期,水,6,1454,船橋校舎,情報ネットワーク特論 △{同時}
情報科学専攻,前期,水,6,1454,船橋校舎,情報ネットワーク特論 △{同時}
航空宇宙工学専攻,前期,水,6,1455,船橋校舎,航空宇宙制御論Ⅲ △
建築学科,前期,水,6,0000,駿河台校舎,コンストラクションワークショップ {夏季集中}【夏季集中講義】
機械工学科,前期,火,1,S101,タワースコラ,機械工学実験ⅡA↓連続２時限
まちづくり工学専攻,前期,火,1,S1201,タワースコラ,地域・都市経営特論
電気工学科,前期,火,1,S202,タワースコラ,電気回路Ⅰ及び演習 {A}↓連続２時限
電気工学科,前期,火,1,S203,タワースコラ,電気回路Ⅰ及び演習 {B}↓連続２時限
建築学科,前期,火,1,S204,タワースコラ,振動工学 {2}
建築学科,前期,火,1,S301,タワースコラ,鉄筋コンクリート構造Ⅰ {1}
まちづくり工学科,前期,火,1,S302,タワースコラ,地盤力学
建築学科,前期,火,1,S401,タワースコラ,環境工学Ⅰ {2}
土木工学科,前期,火,1,S405,タワースコラ,土質実験↓連続２時限
物理学専攻,前期,火,1,S407,タワースコラ,量子ビーム科学特論Ⅱ ｻﾃﾗｲﾄ
建築学科,前期,火,1,S501,タワースコラ,振動工学 {2}
数学科,前期,火,1,S504,タワースコラ,複素解析学及び演習Ａ↓連続２時限
機械工学専攻,前期,火,1,S601,タワースコラ,機械工学特別講義Ⅰ
電気工学専攻,前期,火,1,S602,タワースコラ,量子デバイス工学特論
土木工学科,前期,火,1,1011,船橋校舎,力と運動の物理学Ⅰ {A}
土木工学科,前期,火,1,1012,船橋校舎,力と運動の物理学Ⅰ {B}
土木工学科,前期,火,1,1013,船橋校舎,力と運動の物理学Ⅰ {C}
電子工学科,前期,火,1,1022,船橋校舎,回路理論のための基礎数学 {未来}
交通システム工学科,前期,火,1,1023,船橋校舎,交通経済学
交通システム工学科,前期,火,1,1023,船橋校舎,交通経済学
精密機械工学科,前期,火,1,1031,船橋校舎,関数論の基礎Ⅰ
航空宇宙工学科,前期,火,1,1032,船橋校舎,英語ⅠA
数学科,前期,火,1,1041,船橋校舎,数学インセンティブ
数学科,前期,火,1,1042,船橋校舎,数学インセンティブ
応用情報工学科,前期,火,1,1113,船橋校舎,ディジタル信号処理
建築学科,前期,火,1,1131,船橋校舎,英語ⅠA
建築学科,前期,火,1,1132,船橋校舎,英語ⅠA
建築学科,前期,火,1,1133,船橋校舎,英語ⅠA
精密機械工学科,前期,火,1,1141,船橋校舎,線形代数学Ⅰ {1}
精密機械工学科,前期,火,1,1142,船橋校舎,線形代数学Ⅰ {2}
まちづくり工学科,前期,火,1,1202,船橋校舎,コンピュータ演習
航空宇宙工学科,前期,火,1,1222,船橋校舎,英語ⅠA
建築学科,前期,火,1,1223,船橋校舎,英語ⅠA
交通システム工学科,前期,火,1,1232,船橋校舎,線形代数学Ⅰ {1}
交通システム工学科,前期,火,1,1232,船橋校舎,線形代数学Ⅰ {1}
交通システム工学科,前期,火,1,1233,船橋校舎,線形代数学Ⅰ {2}
交通システム工学科,前期,火,1,1233,船橋校舎,線形代数学Ⅰ {2}
交通システム工学科,前期,火,1,1325,船橋校舎,交通流理論
交通システム工学科,前期,火,1,1325,船橋校舎,交通流理論
海洋建築工学科,前期,火,1,1326,船橋校舎,海と建築
海洋建築工学科,前期,火,1,1421,船橋校舎,応用数学及び演習↓連続２時限
海洋建築工学科,前期,火,1,1423,船橋校舎,総合演習（建築構造設計）↓連続２時限
航空宇宙工学科,前期,火,1,1431,船橋校舎,工業力学Ⅰ及び演習 {未来}↓連続２時限
電子工学科,前期,火,1,1433,船橋校舎,集積回路デザイン
航空宇宙工学科,前期,火,1,1434,船橋校舎,英語ⅠA
電子工学科,前期,火,1,1441,船橋校舎,電磁波工学
海洋建築工学科,前期,火,1,1442,船橋校舎,海と建築
海洋建築工学科,前期,火,1,1443,船橋校舎,海と建築
建築学科,前期,火,1,1444,船橋校舎,英語ⅠA
土木工学専攻,前期,火,1,1452,船橋校舎,English for Academics 新カリ
交通システム工学専攻,前期,火,1,1452,船橋校舎,English for Academics 新カリ
建築学専攻,前期,火,1,1452,船橋校舎,English for Academics 新カリ
海洋建築工学専攻,前期,火,1,1452,船橋校舎,English for Academics 新カリ
機械工学専攻,前期,火,1,1452,船橋校舎,English for Academics 新カリ
精密機械工学専攻,前期,火,1,1452,船橋校舎,English for Academics 新カリ
航空宇宙工学専攻,前期,火,1,1452,船橋校舎,English for Academics 新カリ
電気工学専攻,前期,火,1,1452,船橋校舎,English for Academics 新カリ
電子工学専攻,前期,火,1,1452,船橋校舎,English for Academics 新カリ
物質応用化学専攻,前期,火,1,1452,船橋校舎,English for Academics 新カリ
物理学専攻,前期,火,1,1452,船橋校舎,English for Academics 新カリ
数学専攻,前期,火,1,1452,船橋校舎,English for Academics 新カリ
情報科学専攻,前期,火,1,1452,船橋校舎,English for Academics 新カリ
量子理工学専攻,前期,火,1,1452,船橋校舎,English for Academics 新カリ
まちづくり工学専攻,前期,火,1,1452,船橋校舎,English for Academics 新カリ
精密機械工学科,前期,火,1,633,船橋校舎,機械設計製図ⅠA {未来}↓連続２時限
精密機械工学科,前期,火,1,635,船橋校舎,機械設計製図ⅠA {未来}↓連続２時限
精密機械工学科,前期,火,1,641,船橋校舎,機械設計製図ⅠA {未来}↓連続２時限
精密機械工学科,前期,火,1,642,船橋校舎,機械設計製図ⅠA {未来}↓連続２時限
精密機械工学科,前期,火,1,644,船橋校舎,機械設計製図ⅠA {未来}↓連続２時限
土木工学科,前期,火,1,0000,駿河台校舎,材料実験↓連続２時限
土木工学科,前期,火,1,0000,駿河台校舎,構造実験↓連続２時限
土木工学科,前期,火,1,0000,駿河台校舎,水理実験↓連続２時限
土木工学科,前期,火,1,0000,駿河台校舎,水質実験↓連続２時限
物理学科,前期,火,1,131,駿河台校舎,複素関数論 {1}
物理学科,前期,火,1,141,駿河台校舎,宇宙物理学
数学科,前期,火,1,144,駿河台校舎,微分積分学Ｃ {2}↓連続２時限
物理学科,前期,火,1,151,駿河台校舎,複素関数論 {2}
数学科,前期,火,1,152,駿河台校舎,ソフトウェア概論Ａ {1}↓連続２時限
機械工学科,前期,火,1,154,駿河台校舎,機械工作法Ⅰ {A}
機械工学科,前期,火,1,701,駿河台校舎,機械工学実験ⅡA↓連続２時限
機械工学科,前期,火,1,705,駿河台校舎,機械工学実験ⅡA↓連続２時限
機械工学科,前期,火,1,751,駿河台校舎,機械工学実験ⅡA↓連続２時限
機械工学科,前期,火,1,752,駿河台校舎,機械工学実験ⅡA↓連続２時限
物質応用化学科,前期,火,1,842,駿河台校舎,基礎無機化学 {再履修}
物質応用化学科,前期,火,1,851,駿河台校舎,コンピュータ解析 {B}
物質応用化学科,前期,火,1,852,駿河台校舎,有機機能化学
機械工学科,前期,火,2,S101,タワースコラ,機械工学実験ⅡA↓連続２時限
電気工学科,前期,火,2,S201,タワースコラ,電子回路Ⅱ {A}
電気工学科,前期,火,2,S202,タワースコラ,電気回路Ⅰ及び演習 {A}↓連続２時限
電気工学科,前期,火,2,S203,タワースコラ,電気回路Ⅰ及び演習 {B}↓連続２時限
建築学科,前期,火,2,S204,タワースコラ,鉄筋コンクリート構造Ⅰ {2}
建築学科,前期,火,2,S301,タワースコラ,振動工学 {1}
まちづくり工学科,前期,火,2,S302,タワースコラ,水理学
建築学科,前期,火,2,S401,タワースコラ,環境工学演習Ⅰ {2}
まちづくり工学専攻,前期,火,2,S402,タワースコラ,景観まちづくり特論
建築学専攻,前期,火,2,S403,タワースコラ,建築環境工学特論Ⅳ
電気工学科,前期,火,2,S404,タワースコラ,電気法規及び施設管理
土木工学科,前期,火,2,S405,タワースコラ,土質実験↓連続２時限
物理学専攻,前期,火,2,S406,タワースコラ,固体電子論Ⅰ
建築学科,前期,火,2,S501,タワースコラ,振動工学 {1}
数学科,前期,火,2,S504,タワースコラ,複素解析学及び演習Ａ↓連続２時限
電気工学科,前期,火,2,S505,タワースコラ,電子回路Ⅱ {B}
機械工学専攻,前期,火,2,S601,タワースコラ,機械力学特論
物理学専攻,前期,火,2,S603,タワースコラ,素粒子物理学Ⅰ {同時開講}
量子理工学専攻,前期,火,2,S603,タワースコラ,素粒子物理学Ⅰ {同時開講}
建築学科,前期,火,2,S702,タワースコラ,建築設計Ⅰ {1}↓連続３時限
建築学科,前期,火,2,S705）,タワースコラ,建築設計Ⅰ {1}↓連続３時限
一般教育,前期,火,2,1011,船橋校舎,自主創造の基礎
一般教育,前期,火,2,1012,船橋校舎,自主創造の基礎
一般教育,前期,火,2,1013,船橋校舎,自主創造の基礎
一般教育,前期,火,2,1021,船橋校舎,自主創造の基礎
航空宇宙工学科,前期,火,2,1022,船橋校舎,線形代数学Ⅰ {1}
航空宇宙工学科,前期,火,2,1023,船橋校舎,線形代数学Ⅰ {2}
精密機械工学科,前期,火,2,1031,船橋校舎,工学解析の方法Ⅰ
応用情報工学科,前期,火,2,1033,船橋校舎,計算機工学Ⅱ
一般教育,前期,火,2,1033,船橋校舎,自主創造の基礎
応用情報工学科,前期,火,2,1113,船橋校舎,組込システムⅠ
一般教育,前期,火,2,1121,船橋校舎,自主創造の基礎
一般教育,前期,火,2,1122,船橋校舎,自主創造の基礎
まちづくり工学科,前期,火,2,1131,船橋校舎,英語ⅠA
まちづくり工学科,前期,火,2,1132,船橋校舎,英語ⅠA
精密機械工学科,前期,火,2,1133,船橋校舎,英語ⅠA
建築学科,前期,火,2,1141,船橋校舎,微分積分学Ⅰ {A}
建築学科,前期,火,2,1142,船橋校舎,微分積分学Ⅰ {B}
建築学科,前期,火,2,1143,船橋校舎,微分積分学Ⅰ {C}
精密機械工学専攻,前期,火,2,1202,船橋校舎,半導体集積回路特論Ⅰ ＊
交通システム工学科,前期,火,2,1232,船橋校舎,物理学Ⅰ
交通システム工学科,前期,火,2,1232,船橋校舎,物理学Ⅰ
交通システム工学科,前期,火,2,1233,船橋校舎,物理学Ⅰ
交通システム工学科,前期,火,2,1233,船橋校舎,物理学Ⅰ
交通システム工学科,前期,火,2,1325,船橋校舎,交通システム計画
交通システム工学科,前期,火,2,1325,船橋校舎,交通システム計画
機械工学科,前期,火,2,1326,船橋校舎,機械工学インセンティブ
海洋建築工学科,前期,火,2,1421,船橋校舎,応用数学及び演習↓連続２時限
海洋建築工学科,前期,火,2,1423,船橋校舎,総合演習（建築構造設計）↓連続２時限
交通システム工学科,前期,火,2,1424,船橋校舎,構造力学Ⅱ
交通システム工学科,前期,火,2,1424,船橋校舎,構造力学Ⅱ
航空宇宙工学科,前期,火,2,1431,船橋校舎,工業力学Ⅰ及び演習 {未来}↓連続２時限
応用情報工学科,前期,火,2,1433,船橋校舎,マルチメディア
まちづくり工学科,前期,火,2,1434,船橋校舎,英語ⅠA
電子工学科,前期,火,2,1441,船橋校舎,量子物性工学
精密機械工学科,前期,火,2,1442,船橋校舎,英語ⅠA
精密機械工学科,前期,火,2,1444,船橋校舎,英語ⅠA
電子工学科,前期,火,2,1453,船橋校舎,通信法規
電子工学専攻,前期,火,2,1454,船橋校舎,情報通信システム特論 {同時開講}
情報科学専攻,前期,火,2,1454,船橋校舎,情報通信システム特論 {同時開講}
航空宇宙工学専攻,前期,火,2,1455,船橋校舎,航空宇宙推進工学特論Ⅰ
交通システム工学専攻,前期,火,2,1457,船橋校舎,空間情報システム工学特論
海洋建築工学専攻,前期,火,2,1458,船橋校舎,海洋建築デザイン特論 ＊
航空宇宙工学科,前期,火,2,341,船橋校舎,ジェットエンジン
航空宇宙工学科,前期,火,2,342,船橋校舎,材料力学Ⅲ
電子工学科,前期,火,2,442,船橋校舎,論理回路
精密機械工学科,前期,火,2,633,船橋校舎,機械設計製図ⅠA {未来}↓連続２時限
精密機械工学科,前期,火,2,635,船橋校舎,機械設計製図ⅠA {未来}↓連続２時限
精密機械工学科,前期,火,2,641,船橋校舎,機械設計製図ⅠA {未来}↓連続２時限
精密機械工学科,前期,火,2,642,船橋校舎,機械設計製図ⅠA {未来}↓連続２時限
精密機械工学科,前期,火,2,644,船橋校舎,機械設計製図ⅠA {未来}↓連続２時限
土木工学科,前期,火,2,0000,駿河台校舎,材料実験↓連続２時限
土木工学科,前期,火,2,0000,駿河台校舎,構造実験↓連続２時限
土木工学科,前期,火,2,0000,駿河台校舎,水理実験↓連続２時限
土木工学科,前期,火,2,0000,駿河台校舎,水質実験↓連続２時限
一般教育,前期,火,2,131,駿河台校舎,関数論Ⅰ
まちづくり工学科,前期,火,2,134,駿河台校舎,福祉のまちづくり
物理学科,前期,火,2,141,駿河台校舎,電磁気学Ⅲ
数学科,前期,火,2,144,駿河台校舎,微分積分学Ｃ {2}↓連続２時限
物理学科,前期,火,2,151,駿河台校舎,計算機基礎
数学科,前期,火,2,152,駿河台校舎,ソフトウェア概論Ａ {1}↓連続２時限
機械工学科,前期,火,2,154,駿河台校舎,機械工作法Ⅰ {B}
機械工学科,前期,火,2,701,駿河台校舎,機械工学実験ⅡA↓連続２時限
機械工学科,前期,火,2,705,駿河台校舎,機械工学実験ⅡA↓連続２時限
機械工学科,前期,火,2,751,駿河台校舎,機械工学実験ⅡA↓連続２時限
機械工学科,前期,火,2,752,駿河台校舎,機械工学実験ⅡA↓連続２時限
物質応用化学専攻,前期,火,2,841,駿河台校舎,分析化学特論Ⅰ
物質応用化学科,前期,火,2,843,駿河台校舎,コンピュータ解析 {A}
物質応用化学科,前期,火,2,851,駿河台校舎,物質応用化学総合演習
物質応用化学科,前期,火,2,852,駿河台校舎,物質応用化学総合演習
建築学科,前期,火,2,スタジオ（S701,駿河台校舎,建築設計Ⅰ {1}↓連続３時限
機械工学科,前期,火,3,S101,タワースコラ,機械工学実験ⅠA {A}↓連続２時限
機械工学科,前期,火,3,S101,タワースコラ,機械工学実験ⅠB {B}↓連続２時限
機械工学科,前期,火,3,S101,タワースコラ,機械工学実験ⅡA↓連続２時限
まちづくり工学専攻,前期,火,3,S1201,タワースコラ,景観・観光行政特論
まちづくり工学科,前期,火,3,S202,タワースコラ,都市環境計画
建築学科,前期,火,3,S203,タワースコラ,環境設備特別講義
建築学科,前期,火,3,S204,タワースコラ,建築設備Ⅱ {2}
建築学科,前期,火,3,S301,タワースコラ,建築設計論Ⅰ {1}
土木工学科,前期,火,3,S302,タワースコラ,土木工学のための統計分析 {2}
数学科,前期,火,3,S304,タワースコラ,数学総合演習 {再履修}
数学専攻,前期,火,3,S306,タワースコラ,応用数学特論ⅢA
物理学科,前期,火,3,S401,タワースコラ,統計物理学Ⅰ
建築学専攻,前期,火,3,S403,タワースコラ,鉄筋コンクリート工学特論Ⅰ
電気工学科,前期,火,3,S404,タワースコラ,発変電工学Ⅱ
物理学専攻,前期,火,3,S406,タワースコラ,統計物理学特論Ⅰ
土木工学科,前期,火,3,S501,タワースコラ,プログラミングⅠ {1}
数学科,前期,火,3,S504,タワースコラ,現代解析学Ⅰ
電気工学科,前期,火,3,S505,タワースコラ,制御の基礎
電気工学専攻,前期,火,3,S601,タワースコラ,放電プラズマ工学特論
精密機械工学専攻,前期,火,3,S602,タワースコラ,音波工学特論 ＊ {同時}
電子工学専攻,前期,火,3,S602,タワースコラ,音波工学特論 {同時開講}
建築学科,前期,火,3,S702,タワースコラ,建築設計Ⅰ {1}↓連続３時限
建築学科,前期,火,3,S705）,タワースコラ,建築設計Ⅰ {1}↓連続３時限
電気工学科,前期,火,3,1011,船橋校舎,英語ⅠA
土木工学科,前期,火,3,1012,船橋校舎,倫理学 {I群}
交通システム工学科,前期,火,3,1012,船橋校舎,倫理学 {I群}
交通システム工学科,前期,火,3,1012,船橋校舎,倫理学 {I群}
建築学科,前期,火,3,1012,船橋校舎,倫理学 {I群}
海洋建築工学科,前期,火,3,1012,船橋校舎,倫理学 {I群}
機械工学科,前期,火,3,1012,船橋校舎,倫理学 {I群}
精密機械工学科,前期,火,3,1012,船橋校舎,倫理学 {I群}
航空宇宙工学科,前期,火,3,1012,船橋校舎,倫理学 {I群}
電気工学科,前期,火,3,1012,船橋校舎,倫理学 {I群}
電子工学科,前期,火,3,1012,船橋校舎,倫理学 {I群}
物質応用化学科,前期,火,3,1012,船橋校舎,倫理学 {I群}
物理学科,前期,火,3,1012,船橋校舎,倫理学 {I群}
数学科,前期,火,3,1012,船橋校舎,倫理学 {I群}
まちづくり工学科,前期,火,3,1012,船橋校舎,倫理学 {I群}
応用情報工学科,前期,火,3,1012,船橋校舎,倫理学 {I群}
一般教育,前期,火,3,1012,船橋校舎,倫理学 {I群}
土木工学科,前期,火,3,1013,船橋校舎,文学 {I群}
交通システム工学科,前期,火,3,1013,船橋校舎,文学 {I群}
交通システム工学科,前期,火,3,1013,船橋校舎,文学 {I群}
建築学科,前期,火,3,1013,船橋校舎,文学 {I群}
海洋建築工学科,前期,火,3,1013,船橋校舎,文学 {I群}
機械工学科,前期,火,3,1013,船橋校舎,文学 {I群}
精密機械工学科,前期,火,3,1013,船橋校舎,文学 {I群}
航空宇宙工学科,前期,火,3,1013,船橋校舎,文学 {I群}
電気工学科,前期,火,3,1013,船橋校舎,文学 {I群}
電子工学科,前期,火,3,1013,船橋校舎,文学 {I群}
物質応用化学科,前期,火,3,1013,船橋校舎,文学 {I群}
物理学科,前期,火,3,1013,船橋校舎,文学 {I群}
数学科,前期,火,3,1013,船橋校舎,文学 {I群}
まちづくり工学科,前期,火,3,1013,船橋校舎,文学 {I群}
応用情報工学科,前期,火,3,1013,船橋校舎,文学 {I群}
一般教育,前期,火,3,1013,船橋校舎,文学 {I群}
土木工学科,前期,火,3,1021,船橋校舎,社会学 {I群}
交通システム工学科,前期,火,3,1021,船橋校舎,社会学 {I群}
交通システム工学科,前期,火,3,1021,船橋校舎,社会学 {I群}
建築学科,前期,火,3,1021,船橋校舎,社会学 {I群}
海洋建築工学科,前期,火,3,1021,船橋校舎,社会学 {I群}
機械工学科,前期,火,3,1021,船橋校舎,社会学 {I群}
精密機械工学科,前期,火,3,1021,船橋校舎,社会学 {I群}
航空宇宙工学科,前期,火,3,1021,船橋校舎,社会学 {I群}
電気工学科,前期,火,3,1021,船橋校舎,社会学 {I群}
電子工学科,前期,火,3,1021,船橋校舎,社会学 {I群}
物質応用化学科,前期,火,3,1021,船橋校舎,社会学 {I群}
物理学科,前期,火,3,1021,船橋校舎,社会学 {I群}
数学科,前期,火,3,1021,船橋校舎,社会学 {I群}
まちづくり工学科,前期,火,3,1021,船橋校舎,社会学 {I群}
応用情報工学科,前期,火,3,1021,船橋校舎,社会学 {I群}
一般教育,前期,火,3,1021,船橋校舎,社会学 {I群}
土木工学科,前期,火,3,1022,船橋校舎,日本国憲法 {I群}
交通システム工学科,前期,火,3,1022,船橋校舎,日本国憲法 {I群}
交通システム工学科,前期,火,3,1022,船橋校舎,日本国憲法 {I群}
建築学科,前期,火,3,1022,船橋校舎,日本国憲法 {I群}
海洋建築工学科,前期,火,3,1022,船橋校舎,日本国憲法 {I群}
機械工学科,前期,火,3,1022,船橋校舎,日本国憲法 {I群}
精密機械工学科,前期,火,3,1022,船橋校舎,日本国憲法 {I群}
航空宇宙工学科,前期,火,3,1022,船橋校舎,日本国憲法 {I群}
電気工学科,前期,火,3,1022,船橋校舎,日本国憲法 {I群}
電子工学科,前期,火,3,1022,船橋校舎,日本国憲法 {I群}
物質応用化学科,前期,火,3,1022,船橋校舎,日本国憲法 {I群}
物理学科,前期,火,3,1022,船橋校舎,日本国憲法 {I群}
数学科,前期,火,3,1022,船橋校舎,日本国憲法 {I群}
まちづくり工学科,前期,火,3,1022,船橋校舎,日本国憲法 {I群}
応用情報工学科,前期,火,3,1022,船橋校舎,日本国憲法 {I群}
一般教育,前期,火,3,1022,船橋校舎,日本国憲法 {I群}
土木工学科,前期,火,3,1023,船橋校舎,ことばと文化 {I群}
交通システム工学科,前期,火,3,1023,船橋校舎,ことばと文化 {I群}
交通システム工学科,前期,火,3,1023,船橋校舎,ことばと文化 {I群}
建築学科,前期,火,3,1023,船橋校舎,ことばと文化 {I群}
海洋建築工学科,前期,火,3,1023,船橋校舎,ことばと文化 {I群}
機械工学科,前期,火,3,1023,船橋校舎,ことばと文化 {I群}
精密機械工学科,前期,火,3,1023,船橋校舎,ことばと文化 {I群}
航空宇宙工学科,前期,火,3,1023,船橋校舎,ことばと文化 {I群}
電気工学科,前期,火,3,1023,船橋校舎,ことばと文化 {I群}
電子工学科,前期,火,3,1023,船橋校舎,ことばと文化 {I群}
物質応用化学科,前期,火,3,1023,船橋校舎,ことばと文化 {I群}
物理学科,前期,火,3,1023,船橋校舎,ことばと文化 {I群}
数学科,前期,火,3,1023,船橋校舎,ことばと文化 {I群}
まちづくり工学科,前期,火,3,1023,船橋校舎,ことばと文化 {I群}
応用情報工学科,前期,火,3,1023,船橋校舎,ことばと文化 {I群}
一般教育,前期,火,3,1023,船橋校舎,ことばと文化 {I群}
土木工学科,前期,火,3,1031,船橋校舎,感性芸術学 {II群}
交通システム工学科,前期,火,3,1031,船橋校舎,感性芸術学 {II群}
交通システム工学科,前期,火,3,1031,船橋校舎,感性芸術学 {II群}
建築学科,前期,火,3,1031,船橋校舎,感性芸術学 {II群}
海洋建築工学科,前期,火,3,1031,船橋校舎,感性芸術学 {II群}
機械工学科,前期,火,3,1031,船橋校舎,感性芸術学 {II群}
精密機械工学科,前期,火,3,1031,船橋校舎,感性芸術学 {II群}
航空宇宙工学科,前期,火,3,1031,船橋校舎,感性芸術学 {II群}
電気工学科,前期,火,3,1031,船橋校舎,感性芸術学 {II群}
電子工学科,前期,火,3,1031,船橋校舎,感性芸術学 {II群}
物質応用化学科,前期,火,3,1031,船橋校舎,感性芸術学 {II群}
物理学科,前期,火,3,1031,船橋校舎,感性芸術学 {II群}
数学科,前期,火,3,1031,船橋校舎,感性芸術学 {II群}
まちづくり工学科,前期,火,3,1031,船橋校舎,感性芸術学 {II群}
応用情報工学科,前期,火,3,1031,船橋校舎,感性芸術学 {II群}
一般教育,前期,火,3,1031,船橋校舎,感性芸術学 {II群}
土木工学科,前期,火,3,1032,船橋校舎,科学技術と人間 {III群}
交通システム工学科,前期,火,3,1032,船橋校舎,科学技術と人間 {III群}
交通システム工学科,前期,火,3,1032,船橋校舎,科学技術と人間 {III群}
建築学科,前期,火,3,1032,船橋校舎,科学技術と人間 {III群}
海洋建築工学科,前期,火,3,1032,船橋校舎,科学技術と人間 {III群}
機械工学科,前期,火,3,1032,船橋校舎,科学技術と人間 {III群}
精密機械工学科,前期,火,3,1032,船橋校舎,科学技術と人間 {III群}
航空宇宙工学科,前期,火,3,1032,船橋校舎,科学技術と人間 {III群}
電気工学科,前期,火,3,1032,船橋校舎,科学技術と人間 {III群}
電子工学科,前期,火,3,1032,船橋校舎,科学技術と人間 {III群}
物質応用化学科,前期,火,3,1032,船橋校舎,科学技術と人間 {III群}
物理学科,前期,火,3,1032,船橋校舎,科学技術と人間 {III群}
数学科,前期,火,3,1032,船橋校舎,科学技術と人間 {III群}
まちづくり工学科,前期,火,3,1032,船橋校舎,科学技術と人間 {III群}
応用情報工学科,前期,火,3,1032,船橋校舎,科学技術と人間 {III群}
一般教育,前期,火,3,1032,船橋校舎,科学技術と人間 {III群}
土木工学科,前期,火,3,1033,船橋校舎,技術者倫理 {III群}
交通システム工学科,前期,火,3,1033,船橋校舎,技術者倫理 {III群}
交通システム工学科,前期,火,3,1033,船橋校舎,技術者倫理 {III群}
建築学科,前期,火,3,1033,船橋校舎,技術者倫理 {III群}
海洋建築工学科,前期,火,3,1033,船橋校舎,技術者倫理 {III群}
機械工学科,前期,火,3,1033,船橋校舎,技術者倫理 {III群}
精密機械工学科,前期,火,3,1033,船橋校舎,技術者倫理 {III群}
航空宇宙工学科,前期,火,3,1033,船橋校舎,技術者倫理 {III群}
電気工学科,前期,火,3,1033,船橋校舎,技術者倫理 {III群}
電子工学科,前期,火,3,1033,船橋校舎,技術者倫理 {III群}
物質応用化学科,前期,火,3,1033,船橋校舎,技術者倫理 {III群}
物理学科,前期,火,3,1033,船橋校舎,技術者倫理 {III群}
数学科,前期,火,3,1033,船橋校舎,技術者倫理 {III群}
まちづくり工学科,前期,火,3,1033,船橋校舎,技術者倫理 {III群}
応用情報工学科,前期,火,3,1033,船橋校舎,技術者倫理 {III群}
一般教育,前期,火,3,1033,船橋校舎,技術者倫理 {III群}
土木工学科,前期,火,3,1041,船橋校舎,科学技術と経済 {III群}
交通システム工学科,前期,火,3,1041,船橋校舎,科学技術と経済 {III群}
交通システム工学科,前期,火,3,1041,船橋校舎,科学技術と経済 {III群}
建築学科,前期,火,3,1041,船橋校舎,科学技術と経済 {III群}
海洋建築工学科,前期,火,3,1041,船橋校舎,科学技術と経済 {III群}
機械工学科,前期,火,3,1041,船橋校舎,科学技術と経済 {III群}
精密機械工学科,前期,火,3,1041,船橋校舎,科学技術と経済 {III群}
航空宇宙工学科,前期,火,3,1041,船橋校舎,科学技術と経済 {III群}
電気工学科,前期,火,3,1041,船橋校舎,科学技術と経済 {III群}
電子工学科,前期,火,3,1041,船橋校舎,科学技術と経済 {III群}
物質応用化学科,前期,火,3,1041,船橋校舎,科学技術と経済 {III群}
物理学科,前期,火,3,1041,船橋校舎,科学技術と経済 {III群}
数学科,前期,火,3,1041,船橋校舎,科学技術と経済 {III群}
まちづくり工学科,前期,火,3,1041,船橋校舎,科学技術と経済 {III群}
応用情報工学科,前期,火,3,1041,船橋校舎,科学技術と経済 {III群}
一般教育,前期,火,3,1041,船橋校舎,科学技術と経済 {III群}
土木工学科,前期,火,3,1042,船橋校舎,哲学 {II群}
交通システム工学科,前期,火,3,1042,船橋校舎,哲学 {II群}
交通システム工学科,前期,火,3,1042,船橋校舎,哲学 {II群}
建築学科,前期,火,3,1042,船橋校舎,哲学 {II群}
海洋建築工学科,前期,火,3,1042,船橋校舎,哲学 {II群}
機械工学科,前期,火,3,1042,船橋校舎,哲学 {II群}
精密機械工学科,前期,火,3,1042,船橋校舎,哲学 {II群}
航空宇宙工学科,前期,火,3,1042,船橋校舎,哲学 {II群}
電気工学科,前期,火,3,1042,船橋校舎,哲学 {II群}
電子工学科,前期,火,3,1042,船橋校舎,哲学 {II群}
物質応用化学科,前期,火,3,1042,船橋校舎,哲学 {II群}
物理学科,前期,火,3,1042,船橋校舎,哲学 {II群}
数学科,前期,火,3,1042,船橋校舎,哲学 {II群}
まちづくり工学科,前期,火,3,1042,船橋校舎,哲学 {II群}
応用情報工学科,前期,火,3,1042,船橋校舎,哲学 {II群}
一般教育,前期,火,3,1042,船橋校舎,哲学 {II群}
一般教育,前期,火,3,1043,船橋校舎,地理学
電子工学科,前期,火,3,1103,船橋校舎,電子工学実験Ⅲ {未来}↓連続２時限【年間】
一般教育,前期,火,3,1123,船橋校舎,健康の科学
電気工学科,前期,火,3,1131,船橋校舎,英語ⅠA
航空宇宙工学科,前期,火,3,1132,船橋校舎,物理学Ⅰ {1}
航空宇宙工学科,前期,火,3,1133,船橋校舎,物理学Ⅰ {2}
建築学科,前期,火,3,1141,船橋校舎,線形代数学Ⅰ {A}
建築学科,前期,火,3,1142,船橋校舎,線形代数学Ⅰ {B}
建築学科,前期,火,3,1143,船橋校舎,線形代数学Ⅰ {C}
交通システム工学科,前期,火,3,1211,船橋校舎,ゼミナール【年間】
交通システム工学科,前期,火,3,1211,船橋校舎,ゼミナール【年間】
精密機械工学科,前期,火,3,1214,船橋校舎,電気電子実験Ⅰ {2}{未来}↓連続２時限
まちづくり工学科,前期,火,3,1231,船橋校舎,力と運動の物理学Ⅰ
まちづくり工学科,前期,火,3,1232,船橋校舎,力と運動の物理学Ⅰ
電気工学科,前期,火,3,1233,船橋校舎,英語ⅠA
電気工学科,前期,火,3,1234,船橋校舎,英語ⅠA
海洋建築工学科,前期,火,3,1421,船橋校舎,建築計画Ⅱ
精密機械工学科,前期,火,3,1422,船橋校舎,物理学Ⅰ {1}
精密機械工学科,前期,火,3,1423,船橋校舎,物理学Ⅰ {2}
交通システム工学科,前期,火,3,1424,船橋校舎,ゼミナール【年間】
交通システム工学科,前期,火,3,1424,船橋校舎,ゼミナール【年間】
海洋建築工学科,前期,火,3,1441,船橋校舎,構造力学及び演習Ⅳ↓連続２時限
交通システム工学科,前期,火,3,1442,船橋校舎,English Communication Ⅰ
交通システム工学科,前期,火,3,1442,船橋校舎,English Communication Ⅰ
応用情報工学科,前期,火,3,1443,船橋校舎,計測システム
海洋建築工学専攻,前期,火,3,1452,船橋校舎,地盤基礎工学特論 ＊
電子工学科,前期,火,3,1453,船橋校舎,ネットワークシステム
電子工学専攻,前期,火,3,1454,船橋校舎,電気・電子回路特論
航空宇宙工学専攻,前期,火,3,1455,船橋校舎,応用流体力学特論Ⅲ
情報科学専攻,前期,火,3,1456,船橋校舎,人工心システム特論Ⅰ
航空宇宙工学科,前期,火,3,1457,船橋校舎,航空宇宙工学実験Ⅰ {夏季あり}↓連続２時限【年間】
航空宇宙工学科,前期,火,3,1458,船橋校舎,航空宇宙工学実験Ⅰ {夏季あり}↓連続２時限【年間】
応用情報工学科,前期,火,3,221,船橋校舎,情報工学実験Ⅱ↓連続２時限【年間】
航空宇宙工学科,前期,火,3,341,船橋校舎,航空宇宙工学実験Ⅰ {夏季あり}↓連続２時限【年間】
航空宇宙工学科,前期,火,3,342,船橋校舎,航空宇宙工学実験Ⅰ {夏季あり}↓連続２時限【年間】
電子工学科,前期,火,3,403,船橋校舎,電子工学実験Ⅱ {2}{未来}↓連続２時限【年間】
交通システム工学科,前期,火,3,624,船橋校舎,物理学Ⅰ演習
交通システム工学科,前期,火,3,624,船橋校舎,物理学Ⅰ演習
交通システム工学科,前期,火,3,625,船橋校舎,物理学Ⅰ演習
交通システム工学科,前期,火,3,625,船橋校舎,物理学Ⅰ演習
土木工学科,前期,火,3,633,船橋校舎,歴史学 {I群}
交通システム工学科,前期,火,3,633,船橋校舎,歴史学 {I群}
交通システム工学科,前期,火,3,633,船橋校舎,歴史学 {I群}
建築学科,前期,火,3,633,船橋校舎,歴史学 {I群}
海洋建築工学科,前期,火,3,633,船橋校舎,歴史学 {I群}
機械工学科,前期,火,3,633,船橋校舎,歴史学 {I群}
精密機械工学科,前期,火,3,633,船橋校舎,歴史学 {I群}
航空宇宙工学科,前期,火,3,633,船橋校舎,歴史学 {I群}
電気工学科,前期,火,3,633,船橋校舎,歴史学 {I群}
電子工学科,前期,火,3,633,船橋校舎,歴史学 {I群}
物質応用化学科,前期,火,3,633,船橋校舎,歴史学 {I群}
物理学科,前期,火,3,633,船橋校舎,歴史学 {I群}
数学科,前期,火,3,633,船橋校舎,歴史学 {I群}
まちづくり工学科,前期,火,3,633,船橋校舎,歴史学 {I群}
応用情報工学科,前期,火,3,633,船橋校舎,歴史学 {I群}
一般教育,前期,火,3,633,船橋校舎,歴史学 {I群}
交通システム工学科,前期,火,3,634,船橋校舎,物理学Ⅰ演習
交通システム工学科,前期,火,3,634,船橋校舎,物理学Ⅰ演習
交通システム工学科,前期,火,3,635,船橋校舎,物理学Ⅰ演習
交通システム工学科,前期,火,3,635,船橋校舎,物理学Ⅰ演習
精密機械工学科,前期,火,3,精密各実験室,船橋校舎,電気電子実験Ⅰ {2}{未来}↓連続２時限
精密機械工学科,前期,火,3,精密実験実験室,船橋校舎,機械実験Ⅰ {1}{未来}↓連続２時限
土木工学科,前期,火,3,0000,駿河台校舎,土質実験↓連続２時限
土木工学科,前期,火,3,0000,駿河台校舎,材料実験↓連続２時限
土木工学科,前期,火,3,0000,駿河台校舎,構造実験↓連続２時限
土木工学科,前期,火,3,0000,駿河台校舎,水質実験↓連続２時限
一般教育,前期,火,3,131,駿河台校舎,微分方程式Ⅰ
まちづくり工学科,前期,火,3,134,駿河台校舎,都市計画Ⅰ
物理学科,前期,火,3,141,駿河台校舎,解析力学
数学科,前期,火,3,144,駿河台校舎,代数学幾何学Ｃ {1}↓連続２時限
数学科,前期,火,3,152,駿河台校舎,ソフトウェア概論Ａ {2}↓連続２時限
機械工学科,前期,火,3,701,駿河台校舎,機械工学実験ⅠA {A}↓連続２時限
機械工学科,前期,火,3,701,駿河台校舎,機械工学実験ⅡA↓連続２時限
機械工学科,前期,火,3,705,駿河台校舎,機械工学実験ⅠB {B}↓連続２時限
機械工学科,前期,火,3,705,駿河台校舎,機械工学実験ⅡA↓連続２時限
機械工学科,前期,火,3,751,駿河台校舎,機械工学実験ⅠA {A}↓連続２時限
機械工学科,前期,火,3,751,駿河台校舎,機械工学実験ⅠB {B}↓連続２時限
機械工学科,前期,火,3,751,駿河台校舎,機械工学実験ⅡA↓連続２時限
機械工学科,前期,火,3,752,駿河台校舎,機械工学実験ⅠA {A}↓連続２時限
機械工学科,前期,火,3,752,駿河台校舎,機械工学実験ⅠB {B}↓連続２時限
機械工学科,前期,火,3,752,駿河台校舎,機械工学実験ⅡA↓連続２時限
物質応用化学専攻,前期,火,3,831,駿河台校舎,生化学特論
物理学専攻,前期,火,3,832,駿河台校舎,高エネルギー宇宙物理学特論Ⅰ
物質応用化学科,前期,火,3,843,駿河台校舎,専門化学実験Ⅰ↓連続３時限
物質応用化学科,前期,火,3,851,駿河台校舎,専門化学実験Ⅰ↓連続３時限
電気工学科,前期,火,3,CSTﾎｰﾙ,駿河台校舎,物性の基礎
建築学科,前期,火,3,スタジオ（S701,駿河台校舎,建築設計Ⅰ {1}↓連続３時限
機械工学科,前期,火,4,S101,タワースコラ,機械工学実験ⅠA {A}↓連続２時限
機械工学科,前期,火,4,S101,タワースコラ,機械工学実験ⅠB {B}↓連続２時限
機械工学科,前期,火,4,S101,タワースコラ,機械工学実験ⅡA↓連続２時限
まちづくり工学科,前期,火,4,S1221,タワースコラ,福祉環境実験↓連続２時限
まちづくり工学科,前期,火,4,S202,タワースコラ,都市計画Ⅱ
建築学科,前期,火,4,S204,タワースコラ,建築設計論Ⅰ {2}
建築学科,前期,火,4,S301,タワースコラ,建築設備Ⅱ {1}
土木工学科,前期,火,4,S302,タワースコラ,土木工学のための統計分析 {1}
数学専攻,前期,火,4,S306,タワースコラ,代数学特論ⅡA
物理学科,前期,火,4,S401,タワースコラ,量子力学Ⅱ
電気工学科,前期,火,4,S404,タワースコラ,画像処理
物理学専攻,前期,火,4,S406,タワースコラ,超伝導特論Ⅱ
土木工学科,前期,火,4,S501,タワースコラ,プログラミングⅠ {2}
数学科,前期,火,4,S504,タワースコラ,離散数学Ａ
電気工学科,前期,火,4,S505,タワースコラ,情報ｴﾝﾄﾛﾋﾟｰの科学
電気工学専攻,前期,火,4,S602,タワースコラ,レーザ工学特論
建築学科,前期,火,4,S702,タワースコラ,建築設計Ⅰ {1}↓連続３時限
建築学科,前期,火,4,S705）,タワースコラ,建築設計Ⅰ {1}↓連続３時限
土木工学科,前期,火,4,1011,船橋校舎,心理学 {II群}
交通システム工学科,前期,火,4,1011,船橋校舎,心理学 {II群}
交通システム工学科,前期,火,4,1011,船橋校舎,心理学 {II群}
建築学科,前期,火,4,1011,船橋校舎,心理学 {II群}
海洋建築工学科,前期,火,4,1011,船橋校舎,心理学 {II群}
機械工学科,前期,火,4,1011,船橋校舎,心理学 {II群}
精密機械工学科,前期,火,4,1011,船橋校舎,心理学 {II群}
航空宇宙工学科,前期,火,4,1011,船橋校舎,心理学 {II群}
電気工学科,前期,火,4,1011,船橋校舎,心理学 {II群}
電子工学科,前期,火,4,1011,船橋校舎,心理学 {II群}
物質応用化学科,前期,火,4,1011,船橋校舎,心理学 {II群}
物理学科,前期,火,4,1011,船橋校舎,心理学 {II群}
数学科,前期,火,4,1011,船橋校舎,心理学 {II群}
まちづくり工学科,前期,火,4,1011,船橋校舎,心理学 {II群}
応用情報工学科,前期,火,4,1011,船橋校舎,心理学 {II群}
一般教育,前期,火,4,1011,船橋校舎,心理学 {II群}
土木工学科,前期,火,4,1012,船橋校舎,倫理学 {I群}
交通システム工学科,前期,火,4,1012,船橋校舎,倫理学 {I群}
交通システム工学科,前期,火,4,1012,船橋校舎,倫理学 {I群}
建築学科,前期,火,4,1012,船橋校舎,倫理学 {I群}
海洋建築工学科,前期,火,4,1012,船橋校舎,倫理学 {I群}
機械工学科,前期,火,4,1012,船橋校舎,倫理学 {I群}
精密機械工学科,前期,火,4,1012,船橋校舎,倫理学 {I群}
航空宇宙工学科,前期,火,4,1012,船橋校舎,倫理学 {I群}
電気工学科,前期,火,4,1012,船橋校舎,倫理学 {I群}
電子工学科,前期,火,4,1012,船橋校舎,倫理学 {I群}
物質応用化学科,前期,火,4,1012,船橋校舎,倫理学 {I群}
物理学科,前期,火,4,1012,船橋校舎,倫理学 {I群}
数学科,前期,火,4,1012,船橋校舎,倫理学 {I群}
まちづくり工学科,前期,火,4,1012,船橋校舎,倫理学 {I群}
応用情報工学科,前期,火,4,1012,船橋校舎,倫理学 {I群}
一般教育,前期,火,4,1012,船橋校舎,倫理学 {I群}
土木工学科,前期,火,4,1013,船橋校舎,文学 {I群}
交通システム工学科,前期,火,4,1013,船橋校舎,文学 {I群}
交通システム工学科,前期,火,4,1013,船橋校舎,文学 {I群}
建築学科,前期,火,4,1013,船橋校舎,文学 {I群}
海洋建築工学科,前期,火,4,1013,船橋校舎,文学 {I群}
機械工学科,前期,火,4,1013,船橋校舎,文学 {I群}
精密機械工学科,前期,火,4,1013,船橋校舎,文学 {I群}
航空宇宙工学科,前期,火,4,1013,船橋校舎,文学 {I群}
電気工学科,前期,火,4,1013,船橋校舎,文学 {I群}
電子工学科,前期,火,4,1013,船橋校舎,文学 {I群}
物質応用化学科,前期,火,4,1013,船橋校舎,文学 {I群}
物理学科,前期,火,4,1013,船橋校舎,文学 {I群}
数学科,前期,火,4,1013,船橋校舎,文学 {I群}
まちづくり工学科,前期,火,4,1013,船橋校舎,文学 {I群}
応用情報工学科,前期,火,4,1013,船橋校舎,文学 {I群}
一般教育,前期,火,4,1013,船橋校舎,文学 {I群}
土木工学科,前期,火,4,1021,船橋校舎,社会学 {I群}
交通システム工学科,前期,火,4,1021,船橋校舎,社会学 {I群}
交通システム工学科,前期,火,4,1021,船橋校舎,社会学 {I群}
建築学科,前期,火,4,1021,船橋校舎,社会学 {I群}
海洋建築工学科,前期,火,4,1021,船橋校舎,社会学 {I群}
機械工学科,前期,火,4,1021,船橋校舎,社会学 {I群}
精密機械工学科,前期,火,4,1021,船橋校舎,社会学 {I群}
航空宇宙工学科,前期,火,4,1021,船橋校舎,社会学 {I群}
電気工学科,前期,火,4,1021,船橋校舎,社会学 {I群}
電子工学科,前期,火,4,1021,船橋校舎,社会学 {I群}
物質応用化学科,前期,火,4,1021,船橋校舎,社会学 {I群}
物理学科,前期,火,4,1021,船橋校舎,社会学 {I群}
数学科,前期,火,4,1021,船橋校舎,社会学 {I群}
まちづくり工学科,前期,火,4,1021,船橋校舎,社会学 {I群}
応用情報工学科,前期,火,4,1021,船橋校舎,社会学 {I群}
一般教育,前期,火,4,1021,船橋校舎,社会学 {I群}
土木工学科,前期,火,4,1022,船橋校舎,日本国憲法 {I群}
交通システム工学科,前期,火,4,1022,船橋校舎,日本国憲法 {I群}
交通システム工学科,前期,火,4,1022,船橋校舎,日本国憲法 {I群}
建築学科,前期,火,4,1022,船橋校舎,日本国憲法 {I群}
海洋建築工学科,前期,火,4,1022,船橋校舎,日本国憲法 {I群}
機械工学科,前期,火,4,1022,船橋校舎,日本国憲法 {I群}
精密機械工学科,前期,火,4,1022,船橋校舎,日本国憲法 {I群}
航空宇宙工学科,前期,火,4,1022,船橋校舎,日本国憲法 {I群}
電気工学科,前期,火,4,1022,船橋校舎,日本国憲法 {I群}
電子工学科,前期,火,4,1022,船橋校舎,日本国憲法 {I群}
物質応用化学科,前期,火,4,1022,船橋校舎,日本国憲法 {I群}
物理学科,前期,火,4,1022,船橋校舎,日本国憲法 {I群}
数学科,前期,火,4,1022,船橋校舎,日本国憲法 {I群}
まちづくり工学科,前期,火,4,1022,船橋校舎,日本国憲法 {I群}
応用情報工学科,前期,火,4,1022,船橋校舎,日本国憲法 {I群}
一般教育,前期,火,4,1022,船橋校舎,日本国憲法 {I群}
土木工学科,前期,火,4,1023,船橋校舎,ことばと文化 {I群}
交通システム工学科,前期,火,4,1023,船橋校舎,ことばと文化 {I群}
交通システム工学科,前期,火,4,1023,船橋校舎,ことばと文化 {I群}
建築学科,前期,火,4,1023,船橋校舎,ことばと文化 {I群}
海洋建築工学科,前期,火,4,1023,船橋校舎,ことばと文化 {I群}
機械工学科,前期,火,4,1023,船橋校舎,ことばと文化 {I群}
精密機械工学科,前期,火,4,1023,船橋校舎,ことばと文化 {I群}
航空宇宙工学科,前期,火,4,1023,船橋校舎,ことばと文化 {I群}
電気工学科,前期,火,4,1023,船橋校舎,ことばと文化 {I群}
電子工学科,前期,火,4,1023,船橋校舎,ことばと文化 {I群}
物質応用化学科,前期,火,4,1023,船橋校舎,ことばと文化 {I群}
物理学科,前期,火,4,1023,船橋校舎,ことばと文化 {I群}
数学科,前期,火,4,1023,船橋校舎,ことばと文化 {I群}
まちづくり工学科,前期,火,4,1023,船橋校舎,ことばと文化 {I群}
応用情報工学科,前期,火,4,1023,船橋校舎,ことばと文化 {I群}
一般教育,前期,火,4,1023,船橋校舎,ことばと文化 {I群}
土木工学科,前期,火,4,1031,船橋校舎,感性芸術学 {II群}
交通システム工学科,前期,火,4,1031,船橋校舎,感性芸術学 {II群}
交通システム工学科,前期,火,4,1031,船橋校舎,感性芸術学 {II群}
建築学科,前期,火,4,1031,船橋校舎,感性芸術学 {II群}
海洋建築工学科,前期,火,4,1031,船橋校舎,感性芸術学 {II群}
機械工学科,前期,火,4,1031,船橋校舎,感性芸術学 {II群}
精密機械工学科,前期,火,4,1031,船橋校舎,感性芸術学 {II群}
航空宇宙工学科,前期,火,4,1031,船橋校舎,感性芸術学 {II群}
電気工学科,前期,火,4,1031,船橋校舎,感性芸術学 {II群}
電子工学科,前期,火,4,1031,船橋校舎,感性芸術学 {II群}
物質応用化学科,前期,火,4,1031,船橋校舎,感性芸術学 {II群}
物理学科,前期,火,4,1031,船橋校舎,感性芸術学 {II群}
数学科,前期,火,4,1031,船橋校舎,感性芸術学 {II群}
まちづくり工学科,前期,火,4,1031,船橋校舎,感性芸術学 {II群}
応用情報工学科,前期,火,4,1031,船橋校舎,感性芸術学 {II群}
一般教育,前期,火,4,1031,船橋校舎,感性芸術学 {II群}
土木工学科,前期,火,4,1032,船橋校舎,科学技術と人間 {III群}
交通システム工学科,前期,火,4,1032,船橋校舎,科学技術と人間 {III群}
交通システム工学科,前期,火,4,1032,船橋校舎,科学技術と人間 {III群}
建築学科,前期,火,4,1032,船橋校舎,科学技術と人間 {III群}
海洋建築工学科,前期,火,4,1032,船橋校舎,科学技術と人間 {III群}
機械工学科,前期,火,4,1032,船橋校舎,科学技術と人間 {III群}
精密機械工学科,前期,火,4,1032,船橋校舎,科学技術と人間 {III群}
航空宇宙工学科,前期,火,4,1032,船橋校舎,科学技術と人間 {III群}
電気工学科,前期,火,4,1032,船橋校舎,科学技術と人間 {III群}
電子工学科,前期,火,4,1032,船橋校舎,科学技術と人間 {III群}
物質応用化学科,前期,火,4,1032,船橋校舎,科学技術と人間 {III群}
物理学科,前期,火,4,1032,船橋校舎,科学技術と人間 {III群}
数学科,前期,火,4,1032,船橋校舎,科学技術と人間 {III群}
まちづくり工学科,前期,火,4,1032,船橋校舎,科学技術と人間 {III群}
応用情報工学科,前期,火,4,1032,船橋校舎,科学技術と人間 {III群}
一般教育,前期,火,4,1032,船橋校舎,科学技術と人間 {III群}
土木工学科,前期,火,4,1033,船橋校舎,技術者倫理 {III群}
交通システム工学科,前期,火,4,1033,船橋校舎,技術者倫理 {III群}
交通システム工学科,前期,火,4,1033,船橋校舎,技術者倫理 {III群}
建築学科,前期,火,4,1033,船橋校舎,技術者倫理 {III群}
海洋建築工学科,前期,火,4,1033,船橋校舎,技術者倫理 {III群}
機械工学科,前期,火,4,1033,船橋校舎,技術者倫理 {III群}
精密機械工学科,前期,火,4,1033,船橋校舎,技術者倫理 {III群}
航空宇宙工学科,前期,火,4,1033,船橋校舎,技術者倫理 {III群}
電気工学科,前期,火,4,1033,船橋校舎,技術者倫理 {III群}
電子工学科,前期,火,4,1033,船橋校舎,技術者倫理 {III群}
物質応用化学科,前期,火,4,1033,船橋校舎,技術者倫理 {III群}
物理学科,前期,火,4,1033,船橋校舎,技術者倫理 {III群}
数学科,前期,火,4,1033,船橋校舎,技術者倫理 {III群}
まちづくり工学科,前期,火,4,1033,船橋校舎,技術者倫理 {III群}
応用情報工学科,前期,火,4,1033,船橋校舎,技術者倫理 {III群}
一般教育,前期,火,4,1033,船橋校舎,技術者倫理 {III群}
土木工学科,前期,火,4,1041,船橋校舎,科学技術と経済 {III群}
交通システム工学科,前期,火,4,1041,船橋校舎,科学技術と経済 {III群}
交通システム工学科,前期,火,4,1041,船橋校舎,科学技術と経済 {III群}
建築学科,前期,火,4,1041,船橋校舎,科学技術と経済 {III群}
海洋建築工学科,前期,火,4,1041,船橋校舎,科学技術と経済 {III群}
機械工学科,前期,火,4,1041,船橋校舎,科学技術と経済 {III群}
精密機械工学科,前期,火,4,1041,船橋校舎,科学技術と経済 {III群}
航空宇宙工学科,前期,火,4,1041,船橋校舎,科学技術と経済 {III群}
電気工学科,前期,火,4,1041,船橋校舎,科学技術と経済 {III群}
電子工学科,前期,火,4,1041,船橋校舎,科学技術と経済 {III群}
物質応用化学科,前期,火,4,1041,船橋校舎,科学技術と経済 {III群}
物理学科,前期,火,4,1041,船橋校舎,科学技術と経済 {III群}
数学科,前期,火,4,1041,船橋校舎,科学技術と経済 {III群}
まちづくり工学科,前期,火,4,1041,船橋校舎,科学技術と経済 {III群}
応用情報工学科,前期,火,4,1041,船橋校舎,科学技術と経済 {III群}
一般教育,前期,火,4,1041,船橋校舎,科学技術と経済 {III群}
土木工学科,前期,火,4,1042,船橋校舎,哲学 {II群}
交通システム工学科,前期,火,4,1042,船橋校舎,哲学 {II群}
交通システム工学科,前期,火,4,1042,船橋校舎,哲学 {II群}
建築学科,前期,火,4,1042,船橋校舎,哲学 {II群}
海洋建築工学科,前期,火,4,1042,船橋校舎,哲学 {II群}
機械工学科,前期,火,4,1042,船橋校舎,哲学 {II群}
精密機械工学科,前期,火,4,1042,船橋校舎,哲学 {II群}
航空宇宙工学科,前期,火,4,1042,船橋校舎,哲学 {II群}
電気工学科,前期,火,4,1042,船橋校舎,哲学 {II群}
電子工学科,前期,火,4,1042,船橋校舎,哲学 {II群}
物質応用化学科,前期,火,4,1042,船橋校舎,哲学 {II群}
物理学科,前期,火,4,1042,船橋校舎,哲学 {II群}
数学科,前期,火,4,1042,船橋校舎,哲学 {II群}
まちづくり工学科,前期,火,4,1042,船橋校舎,哲学 {II群}
応用情報工学科,前期,火,4,1042,船橋校舎,哲学 {II群}
一般教育,前期,火,4,1042,船橋校舎,哲学 {II群}
一般教育,前期,火,4,1043,船橋校舎,英語特殊講義A
電子工学科,前期,火,4,1103,船橋校舎,電子工学実験Ⅲ {未来}↓連続２時限【年間】
航空宇宙工学科,前期,火,4,1112,船橋校舎,信号処理
電気工学科,前期,火,4,1132,船橋校舎,微分積分学Ⅰ {A}
電気工学科,前期,火,4,1133,船橋校舎,微分積分学Ⅰ {B}
精密機械工学科,前期,火,4,1214,船橋校舎,電気電子実験Ⅰ {2}{未来}↓連続２時限
交通システム工学科,前期,火,4,1221,船橋校舎,交通システム工学キャリアデザイン {年間隔週}【年間隔週】
交通システム工学科,前期,火,4,1221,船橋校舎,交通システム工学キャリアデザイン {年間隔週}【年間隔週】
交通システム工学科,前期,火,4,1224,船橋校舎,交通システム工学キャリアデザイン {年間隔週}【年間隔週】
交通システム工学科,前期,火,4,1224,船橋校舎,交通システム工学キャリアデザイン {年間隔週}【年間隔週】
まちづくり工学科,前期,火,4,1231,船橋校舎,線形代数学Ⅰ {1}
まちづくり工学科,前期,火,4,1232,船橋校舎,線形代数学Ⅰ {2}
交通システム工学科,前期,火,4,1326,船橋校舎,交通システム工学総合演習 {年間隔週}【年間隔週】
交通システム工学科,前期,火,4,1326,船橋校舎,交通システム工学キャリアデザイン {年間隔週}【年間隔週】
交通システム工学科,前期,火,4,1326,船橋校舎,交通システム工学総合演習 {年間隔週}【年間隔週】
交通システム工学科,前期,火,4,1326,船橋校舎,交通システム工学キャリアデザイン {年間隔週}【年間隔週】
海洋建築工学科,前期,火,4,1421,船橋校舎,海洋及び環境計測
応用情報工学科,前期,火,4,1422,船橋校舎,オートマトン
交通システム工学科,前期,火,4,1423,船橋校舎,物質の構造と状態
交通システム工学科,前期,火,4,1423,船橋校舎,物質の構造と状態
精密機械工学科,前期,火,4,1424,船橋校舎,物理学Ⅰ演習
精密機械工学科,前期,火,4,1431,船橋校舎,物理学Ⅰ演習
精密機械工学科,前期,火,4,1432,船橋校舎,物理学Ⅰ演習
精密機械工学科,前期,火,4,1433,船橋校舎,物理学Ⅰ演習
航空宇宙工学専攻,前期,火,4,1434,船橋校舎,流体力学特論Ⅲ
海洋建築工学科,前期,火,4,1441,船橋校舎,構造力学及び演習Ⅳ↓連続２時限
交通システム工学科,前期,火,4,1442,船橋校舎,景観デザイン工学
交通システム工学科,前期,火,4,1442,船橋校舎,景観デザイン工学
応用情報工学科,前期,火,4,1443,船橋校舎,インターンシップ {年間隔週}【年間隔週】
海洋建築工学科,前期,火,4,1444,船橋校舎,総合演習（海洋建築構造設計）↓連続２時限
海洋建築工学専攻,前期,火,4,1452,船橋校舎,海洋システム工学特論
精密機械工学専攻,前期,火,4,1453,船橋校舎,ロボット制御工学特論Ⅰ ＊
電子工学専攻,前期,火,4,1454,船橋校舎,磁気物性工学特論
交通システム工学専攻,前期,火,4,1455,船橋校舎,構造工学特論
情報科学専攻,前期,火,4,1456,船橋校舎,数値解析特論
航空宇宙工学科,前期,火,4,1457,船橋校舎,航空宇宙工学実験Ⅰ {夏季あり}↓連続２時限【年間】
航空宇宙工学科,前期,火,4,1458,船橋校舎,航空宇宙工学実験Ⅰ {夏季あり}↓連続２時限【年間】
応用情報工学科,前期,火,4,221,船橋校舎,情報工学実験Ⅱ↓連続２時限【年間】
航空宇宙工学科,前期,火,4,341,船橋校舎,航空宇宙工学実験Ⅰ {夏季あり}↓連続２時限【年間】
航空宇宙工学科,前期,火,4,342,船橋校舎,航空宇宙工学実験Ⅰ {夏季あり}↓連続２時限【年間】
電子工学科,前期,火,4,403,船橋校舎,電子工学実験Ⅱ {2}{未来}↓連続２時限【年間】
航空宇宙工学科,前期,火,4,624,船橋校舎,物理学Ⅰ演習
航空宇宙工学科,前期,火,4,625,船橋校舎,物理学Ⅰ演習
土木工学科,前期,火,4,633,船橋校舎,歴史学 {I群}
交通システム工学科,前期,火,4,633,船橋校舎,歴史学 {I群}
交通システム工学科,前期,火,4,633,船橋校舎,歴史学 {I群}
建築学科,前期,火,4,633,船橋校舎,歴史学 {I群}
海洋建築工学科,前期,火,4,633,船橋校舎,歴史学 {I群}
機械工学科,前期,火,4,633,船橋校舎,歴史学 {I群}
精密機械工学科,前期,火,4,633,船橋校舎,歴史学 {I群}
航空宇宙工学科,前期,火,4,633,船橋校舎,歴史学 {I群}
電気工学科,前期,火,4,633,船橋校舎,歴史学 {I群}
電子工学科,前期,火,4,633,船橋校舎,歴史学 {I群}
物質応用化学科,前期,火,4,633,船橋校舎,歴史学 {I群}
物理学科,前期,火,4,633,船橋校舎,歴史学 {I群}
数学科,前期,火,4,633,船橋校舎,歴史学 {I群}
まちづくり工学科,前期,火,4,633,船橋校舎,歴史学 {I群}
応用情報工学科,前期,火,4,633,船橋校舎,歴史学 {I群}
一般教育,前期,火,4,633,船橋校舎,歴史学 {I群}
航空宇宙工学科,前期,火,4,634,船橋校舎,物理学Ⅰ演習
航空宇宙工学科,前期,火,4,635,船橋校舎,物理学Ⅰ演習
精密機械工学科,前期,火,4,精密各実験室,船橋校舎,電気電子実験Ⅰ {2}{未来}↓連続２時限
精密機械工学科,前期,火,4,精密実験実験室,船橋校舎,機械実験Ⅰ {1}{未来}↓連続２時限
土木工学科,前期,火,4,0000,駿河台校舎,土質実験↓連続２時限
土木工学科,前期,火,4,0000,駿河台校舎,材料実験↓連続２時限
土木工学科,前期,火,4,0000,駿河台校舎,構造実験↓連続２時限
土木工学科,前期,火,4,0000,駿河台校舎,水質実験↓連続２時限
まちづくり工学科,前期,火,4,134,駿河台校舎,福祉環境実験↓連続２時限
数学科,前期,火,4,144,駿河台校舎,代数学幾何学Ｃ {1}↓連続２時限
数学科,前期,火,4,152,駿河台校舎,ソフトウェア概論Ａ {2}↓連続２時限
一般教育,前期,火,4,154,駿河台校舎,微分積分学Ⅰ
機械工学科,前期,火,4,701,駿河台校舎,機械工学実験ⅠA {A}↓連続２時限
機械工学科,前期,火,4,701,駿河台校舎,機械工学実験ⅡA↓連続２時限
機械工学科,前期,火,4,705,駿河台校舎,機械工学実験ⅠB {B}↓連続２時限
機械工学科,前期,火,4,705,駿河台校舎,機械工学実験ⅡA↓連続２時限
機械工学科,前期,火,4,751,駿河台校舎,機械工学実験ⅠA {A}↓連続２時限
機械工学科,前期,火,4,751,駿河台校舎,機械工学実験ⅠB {B}↓連続２時限
機械工学科,前期,火,4,751,駿河台校舎,機械工学実験ⅡA↓連続２時限
機械工学科,前期,火,4,752,駿河台校舎,機械工学実験ⅠA {A}↓連続２時限
機械工学科,前期,火,4,752,駿河台校舎,機械工学実験ⅠB {B}↓連続２時限
機械工学科,前期,火,4,752,駿河台校舎,機械工学実験ⅡA↓連続２時限
物質応用化学専攻,前期,火,4,831,駿河台校舎,高分子合成化学特論
物理学専攻,前期,火,4,832,駿河台校舎,高エネルギー宇宙物理学特論Ⅱ
物質応用化学科,前期,火,4,843,駿河台校舎,専門化学実験Ⅰ↓連続３時限
物質応用化学科,前期,火,4,851,駿河台校舎,専門化学実験Ⅰ↓連続３時限
まちづくり工学科,前期,火,4,まち製図室１～５,駿河台校舎,福祉環境実験↓連続２時限
建築学科,前期,火,4,スタジオ（S701,駿河台校舎,建築設計Ⅰ {1}↓連続３時限
まちづくり工学専攻,前期,火,5,S1201,タワースコラ,防災まちづくり特論
まちづくり工学科,前期,火,5,S1221,タワースコラ,福祉環境実験↓連続２時限
土木工学科,前期,火,5,S203,タワースコラ,材料力学 {再履修}
建築学科,前期,火,5,S204,タワースコラ,建築学キャリアデザイン
建築学科,前期,火,5,S301,タワースコラ,建築学キャリアデザイン
一般教育,前期,火,5,S304,タワースコラ,教）数学科教育法Ⅰ {数学科用}
一般教育,前期,火,5,S504,タワースコラ,教）代数学Ⅰ
土木工学科,前期,火,5,S505,タワースコラ,応用力学Ⅰ {再履修}
機械工学専攻,前期,火,5,S602,タワースコラ,自動車工学特論Ⅲ
物理学専攻,前期,火,5,S603,タワースコラ,場の理論特論Ⅰ {同時開講}
量子理工学専攻,前期,火,5,S603,タワースコラ,場の理論特論Ⅰ {同時開講}
土木工学科,前期,火,5,1011,船橋校舎,心理学 {II群}
交通システム工学科,前期,火,5,1011,船橋校舎,心理学 {II群}
交通システム工学科,前期,火,5,1011,船橋校舎,心理学 {II群}
建築学科,前期,火,5,1011,船橋校舎,心理学 {II群}
海洋建築工学科,前期,火,5,1011,船橋校舎,心理学 {II群}
機械工学科,前期,火,5,1011,船橋校舎,心理学 {II群}
精密機械工学科,前期,火,5,1011,船橋校舎,心理学 {II群}
航空宇宙工学科,前期,火,5,1011,船橋校舎,心理学 {II群}
電気工学科,前期,火,5,1011,船橋校舎,心理学 {II群}
電子工学科,前期,火,5,1011,船橋校舎,心理学 {II群}
物質応用化学科,前期,火,5,1011,船橋校舎,心理学 {II群}
物理学科,前期,火,5,1011,船橋校舎,心理学 {II群}
数学科,前期,火,5,1011,船橋校舎,心理学 {II群}
まちづくり工学科,前期,火,5,1011,船橋校舎,心理学 {II群}
応用情報工学科,前期,火,5,1011,船橋校舎,心理学 {II群}
一般教育,前期,火,5,1011,船橋校舎,心理学 {II群}
一般教育,前期,火,5,1012,船橋校舎,総合講座 {人工知能}
応用情報工学科,前期,火,5,1021,船橋校舎,情報社会と倫理
一般教育,前期,火,5,1021,船橋校舎,教）情報社会及び情報倫理
一般教育,前期,火,5,1111,船橋校舎,力と運動の物理学Ⅱ {再履修}
一般教育,前期,火,5,1113,船橋校舎,熱とエントロピーの物理学
電気工学科,前期,火,5,1132,船橋校舎,数学演習Ⅰ {A}
電気工学科,前期,火,5,1133,船橋校舎,数学演習Ⅰ {B}
一般教育,前期,火,5,1142,船橋校舎,地球環境化学 {III群}
精密機械工学科,前期,火,5,1201,船橋校舎,制御工学Ⅰ
精密機械工学科,前期,火,5,1204,船橋校舎,制御工学Ⅰ
精密機械工学科,前期,火,5,1325,船橋校舎,制御工学Ⅰ
航空宇宙工学科,前期,火,5,1431,船橋校舎,物質の構造と状態
精密機械工学専攻,前期,火,5,1432,船橋校舎,微小機械設計特論Ⅰ ＊
海洋建築工学科,前期,火,5,1434,船橋校舎,建築設備
海洋建築工学科,前期,火,5,1444,船橋校舎,総合演習（海洋建築構造設計）↓連続２時限
交通システム工学専攻,前期,火,5,1455,船橋校舎,交通環境工学特論
一般教育,前期,火,5,1456,船橋校舎,教）理科教育法Ⅲ
一般教育,前期,火,5,1457,船橋校舎,教）数学科教育法Ⅰ
交通システム工学専攻,前期,火,5,1458,船橋校舎,交通システム工学特別講義
航空宇宙工学科,前期,火,5,341,船橋校舎,航空宇宙工学工房演習Ⅱ {未来}
一般教育,前期,火,5,131,駿河台校舎,物質の変化と性質
まちづくり工学科,前期,火,5,134,駿河台校舎,福祉環境実験↓連続２時限
一般教育,前期,火,5,142,駿河台校舎,学）博物館展示論
一般教育,前期,火,5,143,駿河台校舎,学）博物館経営論
一般教育,前期,火,5,144,駿河台校舎,現代物理学 {III群}
物質応用化学専攻,前期,火,5,831,駿河台校舎,応用化学特別講義Ⅳ ＊
物質応用化学科,前期,火,5,843,駿河台校舎,専門化学実験Ⅰ↓連続３時限
物質応用化学科,前期,火,5,851,駿河台校舎,専門化学実験Ⅰ↓連続３時限
まちづくり工学科,前期,火,5,まち製図室１～５,駿河台校舎,福祉環境実験↓連続２時限
まちづくり工学専攻,前期,火,6,S1201,タワースコラ,防災まちづくり特論 △
土木工学科,前期,火,6,S203,タワースコラ,材料力学演習 {再履修}
一般教育,前期,火,6,S401,タワースコラ,教）生物学概論
一般教育,前期,火,6,S406,タワースコラ,教）材料加工
土木工学科,前期,火,6,S505,タワースコラ,応用力学Ⅰ演習 {再履修}
電気工学専攻,前期,火,6,S602,タワースコラ,量子デバイス工学特論 △
物理学専攻,前期,火,6,S603,タワースコラ,場の理論特論Ⅰ △{同時}
量子理工学専攻,前期,火,6,S603,タワースコラ,場の理論特論Ⅰ △{同時}
精密機械工学専攻,前期,火,6,1432,船橋校舎,微小機械設計特論Ⅰ △
海洋建築工学専攻,前期,火,6,1452,船橋校舎,海洋工学特論Ⅰ
電子工学専攻,前期,火,6,1454,船橋校舎,電気・電子回路特論 △
航空宇宙工学専攻,前期,火,6,1455,船橋校舎,航空宇宙推進工学特論Ⅰ △
一般教育,前期,火,6,1456,船橋校舎,教）地学概論
建築学科,前期,火,6,0000,駿河台校舎,デザインワークショップ {夏季集中}【夏季集中講義】
一般教育,前期,火,6,143,駿河台校舎,学）博物館概論
物質応用化学専攻,前期,火,6,831,駿河台校舎,有機物質化学特論
まちづくり工学科,前期,金,1,S101,タワースコラ,まちづくりワークショップⅡ↓連続２時限
機械工学科,前期,金,1,S201,タワースコラ,流体工学Ⅱ
数学科,前期,金,1,S202,タワースコラ,代数学及び演習A↓連続２時限
土木工学科,前期,金,1,S203,タワースコラ,英語ⅢA
交通システム工学科,前期,金,1,S203,タワースコラ,英語ⅢA
交通システム工学科,前期,金,1,S203,タワースコラ,英語ⅢA
建築学科,前期,金,1,S203,タワースコラ,英語ⅢA
海洋建築工学科,前期,金,1,S203,タワースコラ,英語ⅢA
機械工学科,前期,金,1,S203,タワースコラ,英語ⅢA
精密機械工学科,前期,金,1,S203,タワースコラ,英語ⅢA
航空宇宙工学科,前期,金,1,S203,タワースコラ,英語ⅢA
電気工学科,前期,金,1,S203,タワースコラ,英語ⅢA
電子工学科,前期,金,1,S203,タワースコラ,英語ⅢA
物質応用化学科,前期,金,1,S203,タワースコラ,英語ⅢA
物理学科,前期,金,1,S203,タワースコラ,英語ⅢA
数学科,前期,金,1,S203,タワースコラ,英語ⅢA
まちづくり工学科,前期,金,1,S203,タワースコラ,英語ⅢA
応用情報工学科,前期,金,1,S203,タワースコラ,英語ⅢA
一般教育,前期,金,1,S203,タワースコラ,英語ⅢA
電気工学科,前期,金,1,S302,タワースコラ,パワーエレクトロニクス
土木工学科,前期,金,1,S303,タワースコラ,英語ⅢA
交通システム工学科,前期,金,1,S303,タワースコラ,英語ⅢA
交通システム工学科,前期,金,1,S303,タワースコラ,英語ⅢA
建築学科,前期,金,1,S303,タワースコラ,英語ⅢA
海洋建築工学科,前期,金,1,S303,タワースコラ,英語ⅢA
機械工学科,前期,金,1,S303,タワースコラ,英語ⅢA
精密機械工学科,前期,金,1,S303,タワースコラ,英語ⅢA
航空宇宙工学科,前期,金,1,S303,タワースコラ,英語ⅢA
電気工学科,前期,金,1,S303,タワースコラ,英語ⅢA
電子工学科,前期,金,1,S303,タワースコラ,英語ⅢA
物質応用化学科,前期,金,1,S303,タワースコラ,英語ⅢA
物理学科,前期,金,1,S303,タワースコラ,英語ⅢA
数学科,前期,金,1,S303,タワースコラ,英語ⅢA
まちづくり工学科,前期,金,1,S303,タワースコラ,英語ⅢA
応用情報工学科,前期,金,1,S303,タワースコラ,英語ⅢA
一般教育,前期,金,1,S303,タワースコラ,英語ⅢA
土木工学科,前期,金,1,S402,タワースコラ,English Communication Ⅰ
交通システム工学科,前期,金,1,S402,タワースコラ,English Communication Ⅰ
交通システム工学科,前期,金,1,S402,タワースコラ,English Communication Ⅰ
建築学科,前期,金,1,S402,タワースコラ,English Communication Ⅰ
海洋建築工学科,前期,金,1,S402,タワースコラ,English Communication Ⅰ
機械工学科,前期,金,1,S402,タワースコラ,English Communication Ⅰ
精密機械工学科,前期,金,1,S402,タワースコラ,English Communication Ⅰ
航空宇宙工学科,前期,金,1,S402,タワースコラ,English Communication Ⅰ
電気工学科,前期,金,1,S402,タワースコラ,English Communication Ⅰ
電子工学科,前期,金,1,S402,タワースコラ,English Communication Ⅰ
物質応用化学科,前期,金,1,S402,タワースコラ,English Communication Ⅰ
物理学科,前期,金,1,S402,タワースコラ,English Communication Ⅰ
数学科,前期,金,1,S402,タワースコラ,English Communication Ⅰ
まちづくり工学科,前期,金,1,S402,タワースコラ,English Communication Ⅰ
応用情報工学科,前期,金,1,S402,タワースコラ,English Communication Ⅰ
一般教育,前期,金,1,S402,タワースコラ,English Communication Ⅰ
電気工学科,前期,金,1,S404,タワースコラ,電磁気学Ⅰ及び演習 {B}↓連続２時限
土木工学科,前期,金,1,S405,タワースコラ,英語ⅢA
交通システム工学科,前期,金,1,S405,タワースコラ,英語ⅢA
交通システム工学科,前期,金,1,S405,タワースコラ,英語ⅢA
建築学科,前期,金,1,S405,タワースコラ,英語ⅢA
海洋建築工学科,前期,金,1,S405,タワースコラ,英語ⅢA
機械工学科,前期,金,1,S405,タワースコラ,英語ⅢA
精密機械工学科,前期,金,1,S405,タワースコラ,英語ⅢA
航空宇宙工学科,前期,金,1,S405,タワースコラ,英語ⅢA
電気工学科,前期,金,1,S405,タワースコラ,英語ⅢA
電子工学科,前期,金,1,S405,タワースコラ,英語ⅢA
物質応用化学科,前期,金,1,S405,タワースコラ,英語ⅢA
物理学科,前期,金,1,S405,タワースコラ,英語ⅢA
数学科,前期,金,1,S405,タワースコラ,英語ⅢA
まちづくり工学科,前期,金,1,S405,タワースコラ,英語ⅢA
応用情報工学科,前期,金,1,S405,タワースコラ,英語ⅢA
一般教育,前期,金,1,S405,タワースコラ,英語ⅢA
物理学科,前期,金,1,S501,タワースコラ,アルゴリズムとプログラミングⅠ
土木工学科,前期,金,1,S502,タワースコラ,英語ⅢA
交通システム工学科,前期,金,1,S502,タワースコラ,英語ⅢA
交通システム工学科,前期,金,1,S502,タワースコラ,英語ⅢA
建築学科,前期,金,1,S502,タワースコラ,英語ⅢA
海洋建築工学科,前期,金,1,S502,タワースコラ,英語ⅢA
機械工学科,前期,金,1,S502,タワースコラ,英語ⅢA
精密機械工学科,前期,金,1,S502,タワースコラ,英語ⅢA
航空宇宙工学科,前期,金,1,S502,タワースコラ,英語ⅢA
電気工学科,前期,金,1,S502,タワースコラ,英語ⅢA
電子工学科,前期,金,1,S502,タワースコラ,英語ⅢA
物質応用化学科,前期,金,1,S502,タワースコラ,英語ⅢA
物理学科,前期,金,1,S502,タワースコラ,英語ⅢA
物理学科,前期,金,1,S502,タワースコラ,アルゴリズムとプログラミングⅠ
数学科,前期,金,1,S502,タワースコラ,英語ⅢA
まちづくり工学科,前期,金,1,S502,タワースコラ,英語ⅢA
応用情報工学科,前期,金,1,S502,タワースコラ,英語ⅢA
一般教育,前期,金,1,S502,タワースコラ,英語ⅢA
電気工学科,前期,金,1,S505,タワースコラ,オプトロニクス
機械工学専攻,前期,金,1,S601,タワースコラ,機械工学特別講義
量子理工学専攻,前期,金,1,S603,タワースコラ,統計物理学Ⅰ
土木工学科,前期,金,1,S604,タワースコラ,English Communication Ⅰ
交通システム工学科,前期,金,1,S604,タワースコラ,English Communication Ⅰ
交通システム工学科,前期,金,1,S604,タワースコラ,English Communication Ⅰ
建築学科,前期,金,1,S604,タワースコラ,English Communication Ⅰ
海洋建築工学科,前期,金,1,S604,タワースコラ,English Communication Ⅰ
機械工学科,前期,金,1,S604,タワースコラ,English Communication Ⅰ
精密機械工学科,前期,金,1,S604,タワースコラ,English Communication Ⅰ
航空宇宙工学科,前期,金,1,S604,タワースコラ,English Communication Ⅰ
電気工学科,前期,金,1,S604,タワースコラ,English Communication Ⅰ
電子工学科,前期,金,1,S604,タワースコラ,English Communication Ⅰ
物質応用化学科,前期,金,1,S604,タワースコラ,English Communication Ⅰ
物理学科,前期,金,1,S604,タワースコラ,English Communication Ⅰ
数学科,前期,金,1,S604,タワースコラ,English Communication Ⅰ
まちづくり工学科,前期,金,1,S604,タワースコラ,English Communication Ⅰ
応用情報工学科,前期,金,1,S604,タワースコラ,English Communication Ⅰ
一般教育,前期,金,1,S604,タワースコラ,English Communication Ⅰ
土木工学科,前期,金,1,1011,船橋校舎,英語ⅢA
交通システム工学科,前期,金,1,1011,船橋校舎,英語ⅢA
交通システム工学科,前期,金,1,1011,船橋校舎,英語ⅢA
建築学科,前期,金,1,1011,船橋校舎,英語ⅢA
海洋建築工学科,前期,金,1,1011,船橋校舎,英語ⅢA
機械工学科,前期,金,1,1011,船橋校舎,英語ⅢA
精密機械工学科,前期,金,1,1011,船橋校舎,英語ⅢA
航空宇宙工学科,前期,金,1,1011,船橋校舎,英語ⅢA
電気工学科,前期,金,1,1011,船橋校舎,英語ⅢA
電子工学科,前期,金,1,1011,船橋校舎,英語ⅢA
物質応用化学科,前期,金,1,1011,船橋校舎,英語ⅢA
物理学科,前期,金,1,1011,船橋校舎,英語ⅢA
数学科,前期,金,1,1011,船橋校舎,英語ⅢA
まちづくり工学科,前期,金,1,1011,船橋校舎,英語ⅢA
応用情報工学科,前期,金,1,1011,船橋校舎,英語ⅢA
一般教育,前期,金,1,1011,船橋校舎,英語ⅢA
交通システム工学科,前期,金,1,1013,船橋校舎,交通情報工学
交通システム工学科,前期,金,1,1013,船橋校舎,交通情報工学
機械工学科,前期,金,1,1021,船橋校舎,線形代数学Ⅰ {A}
機械工学科,前期,金,1,1022,船橋校舎,線形代数学Ⅰ {B}
土木工学科,前期,金,1,1032,船橋校舎,英語ⅢA
交通システム工学科,前期,金,1,1032,船橋校舎,英語ⅢA
交通システム工学科,前期,金,1,1032,船橋校舎,英語ⅢA
建築学科,前期,金,1,1032,船橋校舎,英語ⅢA
海洋建築工学科,前期,金,1,1032,船橋校舎,英語ⅢA
機械工学科,前期,金,1,1032,船橋校舎,英語ⅢA
精密機械工学科,前期,金,1,1032,船橋校舎,英語ⅢA
航空宇宙工学科,前期,金,1,1032,船橋校舎,英語ⅢA
電気工学科,前期,金,1,1032,船橋校舎,英語ⅢA
電子工学科,前期,金,1,1032,船橋校舎,英語ⅢA
物質応用化学科,前期,金,1,1032,船橋校舎,英語ⅢA
物理学科,前期,金,1,1032,船橋校舎,英語ⅢA
数学科,前期,金,1,1032,船橋校舎,英語ⅢA
まちづくり工学科,前期,金,1,1032,船橋校舎,英語ⅢA
応用情報工学科,前期,金,1,1032,船橋校舎,英語ⅢA
一般教育,前期,金,1,1032,船橋校舎,英語ⅢA
物理学科,前期,金,1,1033,船橋校舎,英語ⅠA
土木工学科,前期,金,1,1042,船橋校舎,English Communication Ⅰ
交通システム工学科,前期,金,1,1042,船橋校舎,English Communication Ⅰ
交通システム工学科,前期,金,1,1042,船橋校舎,English Communication Ⅰ
建築学科,前期,金,1,1042,船橋校舎,English Communication Ⅰ
海洋建築工学科,前期,金,1,1042,船橋校舎,English Communication Ⅰ
機械工学科,前期,金,1,1042,船橋校舎,English Communication Ⅰ
精密機械工学科,前期,金,1,1042,船橋校舎,English Communication Ⅰ
航空宇宙工学科,前期,金,1,1042,船橋校舎,English Communication Ⅰ
電気工学科,前期,金,1,1042,船橋校舎,English Communication Ⅰ
電子工学科,前期,金,1,1042,船橋校舎,English Communication Ⅰ
物質応用化学科,前期,金,1,1042,船橋校舎,English Communication Ⅰ
物理学科,前期,金,1,1042,船橋校舎,English Communication Ⅰ
数学科,前期,金,1,1042,船橋校舎,English Communication Ⅰ
まちづくり工学科,前期,金,1,1042,船橋校舎,English Communication Ⅰ
応用情報工学科,前期,金,1,1042,船橋校舎,English Communication Ⅰ
一般教育,前期,金,1,1042,船橋校舎,English Communication Ⅰ
土木工学科,前期,金,1,1043,船橋校舎,英語ⅢA
交通システム工学科,前期,金,1,1043,船橋校舎,英語ⅢA
交通システム工学科,前期,金,1,1043,船橋校舎,英語ⅢA
建築学科,前期,金,1,1043,船橋校舎,英語ⅢA
海洋建築工学科,前期,金,1,1043,船橋校舎,英語ⅢA
機械工学科,前期,金,1,1043,船橋校舎,英語ⅢA
精密機械工学科,前期,金,1,1043,船橋校舎,英語ⅢA
航空宇宙工学科,前期,金,1,1043,船橋校舎,英語ⅢA
電気工学科,前期,金,1,1043,船橋校舎,英語ⅢA
電子工学科,前期,金,1,1043,船橋校舎,英語ⅢA
物質応用化学科,前期,金,1,1043,船橋校舎,英語ⅢA
物理学科,前期,金,1,1043,船橋校舎,英語ⅢA
数学科,前期,金,1,1043,船橋校舎,英語ⅢA
まちづくり工学科,前期,金,1,1043,船橋校舎,英語ⅢA
応用情報工学科,前期,金,1,1043,船橋校舎,英語ⅢA
一般教育,前期,金,1,1043,船橋校舎,英語ⅢA
土木工学科,前期,金,1,105,船橋校舎,基礎物理学実験 {年間隔週}↓連続２時限【年間隔週】
交通システム工学科,前期,金,1,105,船橋校舎,基礎物理学実験 {年間隔週}↓連続２時限【年間隔週】
交通システム工学科,前期,金,1,105,船橋校舎,基礎物理学実験 {年間隔週}↓連続２時限【年間隔週】
建築学科,前期,金,1,105,船橋校舎,基礎物理学実験 {年間隔週}↓連続２時限【年間隔週】
海洋建築工学科,前期,金,1,105,船橋校舎,基礎物理学実験 {年間隔週}↓連続２時限【年間隔週】
機械工学科,前期,金,1,105,船橋校舎,基礎物理学実験 {年間隔週}↓連続２時限【年間隔週】
精密機械工学科,前期,金,1,105,船橋校舎,基礎物理学実験 {年間隔週}↓連続２時限【年間隔週】
航空宇宙工学科,前期,金,1,105,船橋校舎,基礎物理学実験 {年間隔週}↓連続２時限【年間隔週】
電気工学科,前期,金,1,105,船橋校舎,基礎物理学実験 {年間隔週}↓連続２時限【年間隔週】
電子工学科,前期,金,1,105,船橋校舎,基礎物理学実験 {年間隔週}↓連続２時限【年間隔週】
物質応用化学科,前期,金,1,105,船橋校舎,基礎物理学実験 {年間隔週}↓連続２時限【年間隔週】
物理学科,前期,金,1,105,船橋校舎,基礎物理学実験 {年間隔週}↓連続２時限【年間隔週】
数学科,前期,金,1,105,船橋校舎,基礎物理学実験 {年間隔週}↓連続２時限【年間隔週】
まちづくり工学科,前期,金,1,105,船橋校舎,基礎物理学実験 {年間隔週}↓連続２時限【年間隔週】
応用情報工学科,前期,金,1,105,船橋校舎,基礎物理学実験 {年間隔週}↓連続２時限【年間隔週】
一般教育,前期,金,1,105,船橋校舎,基礎物理学実験 {年間隔週}↓連続２時限【年間隔週】
数学科,前期,金,1,1123,船橋校舎,コンピュータ概論Ａ {1}
土木工学科,前期,金,1,113,船橋校舎,基礎物理学実験 {年間隔週}↓連続２時限【年間隔週】
交通システム工学科,前期,金,1,113,船橋校舎,基礎物理学実験 {年間隔週}↓連続２時限【年間隔週】
交通システム工学科,前期,金,1,113,船橋校舎,基礎物理学実験 {年間隔週}↓連続２時限【年間隔週】
建築学科,前期,金,1,113,船橋校舎,基礎物理学実験 {年間隔週}↓連続２時限【年間隔週】
海洋建築工学科,前期,金,1,113,船橋校舎,基礎物理学実験 {年間隔週}↓連続２時限【年間隔週】
機械工学科,前期,金,1,113,船橋校舎,基礎物理学実験 {年間隔週}↓連続２時限【年間隔週】
精密機械工学科,前期,金,1,113,船橋校舎,基礎物理学実験 {年間隔週}↓連続２時限【年間隔週】
航空宇宙工学科,前期,金,1,113,船橋校舎,基礎物理学実験 {年間隔週}↓連続２時限【年間隔週】
電気工学科,前期,金,1,113,船橋校舎,基礎物理学実験 {年間隔週}↓連続２時限【年間隔週】
電子工学科,前期,金,1,113,船橋校舎,基礎物理学実験 {年間隔週}↓連続２時限【年間隔週】
物質応用化学科,前期,金,1,113,船橋校舎,基礎物理学実験 {年間隔週}↓連続２時限【年間隔週】
物理学科,前期,金,1,113,船橋校舎,基礎物理学実験 {年間隔週}↓連続２時限【年間隔週】
数学科,前期,金,1,113,船橋校舎,基礎物理学実験 {年間隔週}↓連続２時限【年間隔週】
まちづくり工学科,前期,金,1,113,船橋校舎,基礎物理学実験 {年間隔週}↓連続２時限【年間隔週】
応用情報工学科,前期,金,1,113,船橋校舎,基礎物理学実験 {年間隔週}↓連続２時限【年間隔週】
一般教育,前期,金,1,113,船橋校舎,基礎物理学実験 {年間隔週}↓連続２時限【年間隔週】
応用情報工学科,前期,金,1,1131,船橋校舎,シミュレーション工学
数学科,前期,金,1,1133,船橋校舎,数学入門Ａ {2}
土木工学科,前期,金,1,1201,船橋校舎,英語ⅢA
交通システム工学科,前期,金,1,1201,船橋校舎,英語ⅢA
交通システム工学科,前期,金,1,1201,船橋校舎,英語ⅢA
建築学科,前期,金,1,1201,船橋校舎,英語ⅢA
海洋建築工学科,前期,金,1,1201,船橋校舎,英語ⅢA
機械工学科,前期,金,1,1201,船橋校舎,英語ⅢA
精密機械工学科,前期,金,1,1201,船橋校舎,英語ⅢA
航空宇宙工学科,前期,金,1,1201,船橋校舎,英語ⅢA
電気工学科,前期,金,1,1201,船橋校舎,英語ⅢA
電子工学科,前期,金,1,1201,船橋校舎,英語ⅢA
物質応用化学科,前期,金,1,1201,船橋校舎,英語ⅢA
物理学科,前期,金,1,1201,船橋校舎,英語ⅢA
数学科,前期,金,1,1201,船橋校舎,英語ⅢA
まちづくり工学科,前期,金,1,1201,船橋校舎,英語ⅢA
応用情報工学科,前期,金,1,1201,船橋校舎,英語ⅢA
一般教育,前期,金,1,1201,船橋校舎,英語ⅢA
数学科,前期,金,1,1202,船橋校舎,コンピュータ概論Ａ {1}
数学科,前期,金,1,1221,船橋校舎,コンピュータ概論Ａ {1}
土木工学科,前期,金,1,1231,船橋校舎,English Communication Ⅰ
交通システム工学科,前期,金,1,1231,船橋校舎,English Communication Ⅰ
交通システム工学科,前期,金,1,1231,船橋校舎,English Communication Ⅰ
建築学科,前期,金,1,1231,船橋校舎,English Communication Ⅰ
海洋建築工学科,前期,金,1,1231,船橋校舎,English Communication Ⅰ
機械工学科,前期,金,1,1231,船橋校舎,English Communication Ⅰ
精密機械工学科,前期,金,1,1231,船橋校舎,English Communication Ⅰ
航空宇宙工学科,前期,金,1,1231,船橋校舎,English Communication Ⅰ
電気工学科,前期,金,1,1231,船橋校舎,English Communication Ⅰ
電子工学科,前期,金,1,1231,船橋校舎,English Communication Ⅰ
物質応用化学科,前期,金,1,1231,船橋校舎,English Communication Ⅰ
物理学科,前期,金,1,1231,船橋校舎,English Communication Ⅰ
数学科,前期,金,1,1231,船橋校舎,English Communication Ⅰ
まちづくり工学科,前期,金,1,1231,船橋校舎,English Communication Ⅰ
応用情報工学科,前期,金,1,1231,船橋校舎,English Communication Ⅰ
一般教育,前期,金,1,1231,船橋校舎,English Communication Ⅰ
土木工学科,前期,金,1,1232,船橋校舎,英語ⅢA
交通システム工学科,前期,金,1,1232,船橋校舎,英語ⅢA
交通システム工学科,前期,金,1,1232,船橋校舎,英語ⅢA
建築学科,前期,金,1,1232,船橋校舎,英語ⅢA
海洋建築工学科,前期,金,1,1232,船橋校舎,英語ⅢA
機械工学科,前期,金,1,1232,船橋校舎,英語ⅢA
精密機械工学科,前期,金,1,1232,船橋校舎,英語ⅢA
航空宇宙工学科,前期,金,1,1232,船橋校舎,英語ⅢA
電気工学科,前期,金,1,1232,船橋校舎,英語ⅢA
電子工学科,前期,金,1,1232,船橋校舎,英語ⅢA
物質応用化学科,前期,金,1,1232,船橋校舎,英語ⅢA
物理学科,前期,金,1,1232,船橋校舎,英語ⅢA
数学科,前期,金,1,1232,船橋校舎,英語ⅢA
まちづくり工学科,前期,金,1,1232,船橋校舎,英語ⅢA
応用情報工学科,前期,金,1,1232,船橋校舎,英語ⅢA
一般教育,前期,金,1,1232,船橋校舎,英語ⅢA
物理学科,前期,金,1,1233,船橋校舎,英語ⅠA
物理学科,前期,金,1,1234,船橋校舎,英語ⅠA
建築学科,前期,金,1,1325,船橋校舎,建築基礎実験 {1}↓連続２時限
土木工学科,前期,金,1,134,船橋校舎,基礎物理学実験 {年間隔週}↓連続２時限【年間隔週】
交通システム工学科,前期,金,1,134,船橋校舎,基礎物理学実験 {年間隔週}↓連続２時限【年間隔週】
交通システム工学科,前期,金,1,134,船橋校舎,基礎物理学実験 {年間隔週}↓連続２時限【年間隔週】
建築学科,前期,金,1,134,船橋校舎,基礎物理学実験 {年間隔週}↓連続２時限【年間隔週】
海洋建築工学科,前期,金,1,134,船橋校舎,基礎物理学実験 {年間隔週}↓連続２時限【年間隔週】
機械工学科,前期,金,1,134,船橋校舎,基礎物理学実験 {年間隔週}↓連続２時限【年間隔週】
精密機械工学科,前期,金,1,134,船橋校舎,基礎物理学実験 {年間隔週}↓連続２時限【年間隔週】
航空宇宙工学科,前期,金,1,134,船橋校舎,基礎物理学実験 {年間隔週}↓連続２時限【年間隔週】
電気工学科,前期,金,1,134,船橋校舎,基礎物理学実験 {年間隔週}↓連続２時限【年間隔週】
電子工学科,前期,金,1,134,船橋校舎,基礎物理学実験 {年間隔週}↓連続２時限【年間隔週】
物質応用化学科,前期,金,1,134,船橋校舎,基礎物理学実験 {年間隔週}↓連続２時限【年間隔週】
物理学科,前期,金,1,134,船橋校舎,基礎物理学実験 {年間隔週}↓連続２時限【年間隔週】
数学科,前期,金,1,134,船橋校舎,基礎物理学実験 {年間隔週}↓連続２時限【年間隔週】
まちづくり工学科,前期,金,1,134,船橋校舎,基礎物理学実験 {年間隔週}↓連続２時限【年間隔週】
応用情報工学科,前期,金,1,134,船橋校舎,基礎物理学実験 {年間隔週}↓連続２時限【年間隔週】
一般教育,前期,金,1,134,船橋校舎,基礎物理学実験 {年間隔週}↓連続２時限【年間隔週】
海洋建築工学科,前期,金,1,1421,船橋校舎,海洋流体力学及び演習↓連続２時限
交通システム工学科,前期,金,1,1424,船橋校舎,空港・港湾工学
交通システム工学科,前期,金,1,1424,船橋校舎,空港・港湾工学
土木工学科,前期,金,1,143,船橋校舎,基礎物理学実験 {年間隔週}↓連続２時限【年間隔週】
交通システム工学科,前期,金,1,143,船橋校舎,基礎物理学実験 {年間隔週}↓連続２時限【年間隔週】
交通システム工学科,前期,金,1,143,船橋校舎,基礎物理学実験 {年間隔週}↓連続２時限【年間隔週】
建築学科,前期,金,1,143,船橋校舎,基礎物理学実験 {年間隔週}↓連続２時限【年間隔週】
海洋建築工学科,前期,金,1,143,船橋校舎,基礎物理学実験 {年間隔週}↓連続２時限【年間隔週】
機械工学科,前期,金,1,143,船橋校舎,基礎物理学実験 {年間隔週}↓連続２時限【年間隔週】
精密機械工学科,前期,金,1,143,船橋校舎,基礎物理学実験 {年間隔週}↓連続２時限【年間隔週】
航空宇宙工学科,前期,金,1,143,船橋校舎,基礎物理学実験 {年間隔週}↓連続２時限【年間隔週】
電気工学科,前期,金,1,143,船橋校舎,基礎物理学実験 {年間隔週}↓連続２時限【年間隔週】
電子工学科,前期,金,1,143,船橋校舎,基礎物理学実験 {年間隔週}↓連続２時限【年間隔週】
物質応用化学科,前期,金,1,143,船橋校舎,基礎物理学実験 {年間隔週}↓連続２時限【年間隔週】
物理学科,前期,金,1,143,船橋校舎,基礎物理学実験 {年間隔週}↓連続２時限【年間隔週】
数学科,前期,金,1,143,船橋校舎,基礎物理学実験 {年間隔週}↓連続２時限【年間隔週】
まちづくり工学科,前期,金,1,143,船橋校舎,基礎物理学実験 {年間隔週}↓連続２時限【年間隔週】
応用情報工学科,前期,金,1,143,船橋校舎,基礎物理学実験 {年間隔週}↓連続２時限【年間隔週】
一般教育,前期,金,1,143,船橋校舎,基礎物理学実験 {年間隔週}↓連続２時限【年間隔週】
電子工学科,前期,金,1,1431,船橋校舎,回路理論Ⅰ {1}{未来}
電子工学科,前期,金,1,1432,船橋校舎,回路理論Ⅰ {2}{未来}
航空宇宙工学科,前期,金,1,1433,船橋校舎,流体力学Ⅰ及び演習 {未来}↓連続２時限
土木工学科,前期,金,1,144,船橋校舎,基礎物理学実験 {年間隔週}↓連続２時限【年間隔週】
交通システム工学科,前期,金,1,144,船橋校舎,基礎物理学実験 {年間隔週}↓連続２時限【年間隔週】
交通システム工学科,前期,金,1,144,船橋校舎,基礎物理学実験 {年間隔週}↓連続２時限【年間隔週】
建築学科,前期,金,1,144,船橋校舎,基礎物理学実験 {年間隔週}↓連続２時限【年間隔週】
海洋建築工学科,前期,金,1,144,船橋校舎,基礎物理学実験 {年間隔週}↓連続２時限【年間隔週】
機械工学科,前期,金,1,144,船橋校舎,基礎物理学実験 {年間隔週}↓連続２時限【年間隔週】
精密機械工学科,前期,金,1,144,船橋校舎,基礎物理学実験 {年間隔週}↓連続２時限【年間隔週】
航空宇宙工学科,前期,金,1,144,船橋校舎,基礎物理学実験 {年間隔週}↓連続２時限【年間隔週】
電気工学科,前期,金,1,144,船橋校舎,基礎物理学実験 {年間隔週}↓連続２時限【年間隔週】
電子工学科,前期,金,1,144,船橋校舎,基礎物理学実験 {年間隔週}↓連続２時限【年間隔週】
物質応用化学科,前期,金,1,144,船橋校舎,基礎物理学実験 {年間隔週}↓連続２時限【年間隔週】
物理学科,前期,金,1,144,船橋校舎,基礎物理学実験 {年間隔週}↓連続２時限【年間隔週】
数学科,前期,金,1,144,船橋校舎,基礎物理学実験 {年間隔週}↓連続２時限【年間隔週】
まちづくり工学科,前期,金,1,144,船橋校舎,基礎物理学実験 {年間隔週}↓連続２時限【年間隔週】
応用情報工学科,前期,金,1,144,船橋校舎,基礎物理学実験 {年間隔週}↓連続２時限【年間隔週】
一般教育,前期,金,1,144,船橋校舎,基礎物理学実験 {年間隔週}↓連続２時限【年間隔週】
電子工学科,前期,金,1,1441,船橋校舎,アナログ集積回路基礎
海洋建築工学科,前期,金,1,1442,船橋校舎,コンクリート構造及び演習↓連続２時限
航空宇宙工学科,前期,金,1,1444,船橋校舎,宇宙機力学Ⅰ {未来}
精密機械工学専攻,前期,金,1,1453,船橋校舎,エネルギー変換工学特論Ⅰ ＊
電子工学専攻,前期,金,1,1454,船橋校舎,コンピュータシステム特論 {同時開講}
情報科学専攻,前期,金,1,1454,船橋校舎,コンピュータシステム特論 {同時開講}
航空宇宙工学専攻,前期,金,1,1455,船橋校舎,航空宇宙材料工学特論
土木工学科,前期,金,1,341,船橋校舎,基礎化学実験 {年間隔週}↓連続２時限【年間隔週】
交通システム工学科,前期,金,1,341,船橋校舎,基礎化学実験 {年間隔週}↓連続２時限【年間隔週】
交通システム工学科,前期,金,1,341,船橋校舎,基礎化学実験 {年間隔週}↓連続２時限【年間隔週】
建築学科,前期,金,1,341,船橋校舎,基礎化学実験 {年間隔週}↓連続２時限【年間隔週】
海洋建築工学科,前期,金,1,341,船橋校舎,基礎化学実験 {年間隔週}↓連続２時限【年間隔週】
機械工学科,前期,金,1,341,船橋校舎,基礎化学実験 {年間隔週}↓連続２時限【年間隔週】
精密機械工学科,前期,金,1,341,船橋校舎,基礎化学実験 {年間隔週}↓連続２時限【年間隔週】
航空宇宙工学科,前期,金,1,341,船橋校舎,基礎化学実験 {年間隔週}↓連続２時限【年間隔週】
電気工学科,前期,金,1,341,船橋校舎,基礎化学実験 {年間隔週}↓連続２時限【年間隔週】
電子工学科,前期,金,1,341,船橋校舎,基礎化学実験 {年間隔週}↓連続２時限【年間隔週】
物質応用化学科,前期,金,1,341,船橋校舎,基礎化学実験 {年間隔週}↓連続２時限【年間隔週】
物理学科,前期,金,1,341,船橋校舎,基礎化学実験 {年間隔週}↓連続２時限【年間隔週】
数学科,前期,金,1,341,船橋校舎,基礎化学実験 {年間隔週}↓連続２時限【年間隔週】
まちづくり工学科,前期,金,1,341,船橋校舎,基礎化学実験 {年間隔週}↓連続２時限【年間隔週】
応用情報工学科,前期,金,1,341,船橋校舎,基礎化学実験 {年間隔週}↓連続２時限【年間隔週】
一般教育,前期,金,1,341,船橋校舎,基礎化学実験 {年間隔週}↓連続２時限【年間隔週】
土木工学科,前期,金,1,342,船橋校舎,基礎化学実験 {年間隔週}↓連続２時限【年間隔週】
交通システム工学科,前期,金,1,342,船橋校舎,基礎化学実験 {年間隔週}↓連続２時限【年間隔週】
交通システム工学科,前期,金,1,342,船橋校舎,基礎化学実験 {年間隔週}↓連続２時限【年間隔週】
建築学科,前期,金,1,342,船橋校舎,基礎化学実験 {年間隔週}↓連続２時限【年間隔週】
海洋建築工学科,前期,金,1,342,船橋校舎,基礎化学実験 {年間隔週}↓連続２時限【年間隔週】
機械工学科,前期,金,1,342,船橋校舎,基礎化学実験 {年間隔週}↓連続２時限【年間隔週】
精密機械工学科,前期,金,1,342,船橋校舎,基礎化学実験 {年間隔週}↓連続２時限【年間隔週】
航空宇宙工学科,前期,金,1,342,船橋校舎,基礎化学実験 {年間隔週}↓連続２時限【年間隔週】
電気工学科,前期,金,1,342,船橋校舎,基礎化学実験 {年間隔週}↓連続２時限【年間隔週】
電子工学科,前期,金,1,342,船橋校舎,基礎化学実験 {年間隔週}↓連続２時限【年間隔週】
物質応用化学科,前期,金,1,342,船橋校舎,基礎化学実験 {年間隔週}↓連続２時限【年間隔週】
物理学科,前期,金,1,342,船橋校舎,基礎化学実験 {年間隔週}↓連続２時限【年間隔週】
数学科,前期,金,1,342,船橋校舎,基礎化学実験 {年間隔週}↓連続２時限【年間隔週】
まちづくり工学科,前期,金,1,342,船橋校舎,基礎化学実験 {年間隔週}↓連続２時限【年間隔週】
応用情報工学科,前期,金,1,342,船橋校舎,基礎化学実験 {年間隔週}↓連続２時限【年間隔週】
一般教育,前期,金,1,342,船橋校舎,基礎化学実験 {年間隔週}↓連続２時限【年間隔週】
土木工学科,前期,金,1,819,船橋校舎,基礎化学実験 {年間隔週}↓連続２時限【年間隔週】
交通システム工学科,前期,金,1,819,船橋校舎,基礎化学実験 {年間隔週}↓連続２時限【年間隔週】
交通システム工学科,前期,金,1,819,船橋校舎,基礎化学実験 {年間隔週}↓連続２時限【年間隔週】
建築学科,前期,金,1,819,船橋校舎,基礎化学実験 {年間隔週}↓連続２時限【年間隔週】
海洋建築工学科,前期,金,1,819,船橋校舎,基礎化学実験 {年間隔週}↓連続２時限【年間隔週】
機械工学科,前期,金,1,819,船橋校舎,基礎化学実験 {年間隔週}↓連続２時限【年間隔週】
精密機械工学科,前期,金,1,819,船橋校舎,基礎化学実験 {年間隔週}↓連続２時限【年間隔週】
航空宇宙工学科,前期,金,1,819,船橋校舎,基礎化学実験 {年間隔週}↓連続２時限【年間隔週】
電気工学科,前期,金,1,819,船橋校舎,基礎化学実験 {年間隔週}↓連続２時限【年間隔週】
電子工学科,前期,金,1,819,船橋校舎,基礎化学実験 {年間隔週}↓連続２時限【年間隔週】
物質応用化学科,前期,金,1,819,船橋校舎,基礎化学実験 {年間隔週}↓連続２時限【年間隔週】
物理学科,前期,金,1,819,船橋校舎,基礎化学実験 {年間隔週}↓連続２時限【年間隔週】
数学科,前期,金,1,819,船橋校舎,基礎化学実験 {年間隔週}↓連続２時限【年間隔週】
まちづくり工学科,前期,金,1,819,船橋校舎,基礎化学実験 {年間隔週}↓連続２時限【年間隔週】
応用情報工学科,前期,金,1,819,船橋校舎,基礎化学実験 {年間隔週}↓連続２時限【年間隔週】
一般教育,前期,金,1,819,船橋校舎,基礎化学実験 {年間隔週}↓連続２時限【年間隔週】
土木工学科,前期,金,1,826,船橋校舎,基礎化学実験 {年間隔週}↓連続２時限【年間隔週】
交通システム工学科,前期,金,1,826,船橋校舎,基礎化学実験 {年間隔週}↓連続２時限【年間隔週】
交通システム工学科,前期,金,1,826,船橋校舎,基礎化学実験 {年間隔週}↓連続２時限【年間隔週】
建築学科,前期,金,1,826,船橋校舎,基礎化学実験 {年間隔週}↓連続２時限【年間隔週】
海洋建築工学科,前期,金,1,826,船橋校舎,基礎化学実験 {年間隔週}↓連続２時限【年間隔週】
機械工学科,前期,金,1,826,船橋校舎,基礎化学実験 {年間隔週}↓連続２時限【年間隔週】
精密機械工学科,前期,金,1,826,船橋校舎,基礎化学実験 {年間隔週}↓連続２時限【年間隔週】
航空宇宙工学科,前期,金,1,826,船橋校舎,基礎化学実験 {年間隔週}↓連続２時限【年間隔週】
電気工学科,前期,金,1,826,船橋校舎,基礎化学実験 {年間隔週}↓連続２時限【年間隔週】
電子工学科,前期,金,1,826,船橋校舎,基礎化学実験 {年間隔週}↓連続２時限【年間隔週】
物質応用化学科,前期,金,1,826,船橋校舎,基礎化学実験 {年間隔週}↓連続２時限【年間隔週】
物理学科,前期,金,1,826,船橋校舎,基礎化学実験 {年間隔週}↓連続２時限【年間隔週】
数学科,前期,金,1,826,船橋校舎,基礎化学実験 {年間隔週}↓連続２時限【年間隔週】
まちづくり工学科,前期,金,1,826,船橋校舎,基礎化学実験 {年間隔週}↓連続２時限【年間隔週】
応用情報工学科,前期,金,1,826,船橋校舎,基礎化学実験 {年間隔週}↓連続２時限【年間隔週】
一般教育,前期,金,1,826,船橋校舎,基礎化学実験 {年間隔週}↓連続２時限【年間隔週】
土木工学科,前期,金,1,829,船橋校舎,基礎化学実験 {年間隔週}↓連続２時限【年間隔週】
交通システム工学科,前期,金,1,829,船橋校舎,基礎化学実験 {年間隔週}↓連続２時限【年間隔週】
交通システム工学科,前期,金,1,829,船橋校舎,基礎化学実験 {年間隔週}↓連続２時限【年間隔週】
建築学科,前期,金,1,829,船橋校舎,基礎化学実験 {年間隔週}↓連続２時限【年間隔週】
海洋建築工学科,前期,金,1,829,船橋校舎,基礎化学実験 {年間隔週}↓連続２時限【年間隔週】
機械工学科,前期,金,1,829,船橋校舎,基礎化学実験 {年間隔週}↓連続２時限【年間隔週】
精密機械工学科,前期,金,1,829,船橋校舎,基礎化学実験 {年間隔週}↓連続２時限【年間隔週】
航空宇宙工学科,前期,金,1,829,船橋校舎,基礎化学実験 {年間隔週}↓連続２時限【年間隔週】
電気工学科,前期,金,1,829,船橋校舎,基礎化学実験 {年間隔週}↓連続２時限【年間隔週】
電子工学科,前期,金,1,829,船橋校舎,基礎化学実験 {年間隔週}↓連続２時限【年間隔週】
物質応用化学科,前期,金,1,829,船橋校舎,基礎化学実験 {年間隔週}↓連続２時限【年間隔週】
物理学科,前期,金,1,829,船橋校舎,基礎化学実験 {年間隔週}↓連続２時限【年間隔週】
数学科,前期,金,1,829,船橋校舎,基礎化学実験 {年間隔週}↓連続２時限【年間隔週】
まちづくり工学科,前期,金,1,829,船橋校舎,基礎化学実験 {年間隔週}↓連続２時限【年間隔週】
応用情報工学科,前期,金,1,829,船橋校舎,基礎化学実験 {年間隔週}↓連続２時限【年間隔週】
一般教育,前期,金,1,829,船橋校舎,基礎化学実験 {年間隔週}↓連続２時限【年間隔週】
物理学科,前期,金,1,131,駿河台校舎,原子物理学 {未来}
機械工学科,前期,金,1,142,駿河台校舎,伝熱工学
電気工学科,前期,金,1,144,駿河台校舎,電磁気学Ⅰ及び演習 {A}↓連続２時限
土木工学科,前期,金,1,151,駿河台校舎,英語ⅢA
交通システム工学科,前期,金,1,151,駿河台校舎,英語ⅢA
交通システム工学科,前期,金,1,151,駿河台校舎,英語ⅢA
建築学科,前期,金,1,151,駿河台校舎,英語ⅢA
海洋建築工学科,前期,金,1,151,駿河台校舎,英語ⅢA
機械工学科,前期,金,1,151,駿河台校舎,英語ⅢA
精密機械工学科,前期,金,1,151,駿河台校舎,英語ⅢA
航空宇宙工学科,前期,金,1,151,駿河台校舎,英語ⅢA
電気工学科,前期,金,1,151,駿河台校舎,英語ⅢA
電子工学科,前期,金,1,151,駿河台校舎,英語ⅢA
物質応用化学科,前期,金,1,151,駿河台校舎,英語ⅢA
物理学科,前期,金,1,151,駿河台校舎,英語ⅢA
数学科,前期,金,1,151,駿河台校舎,英語ⅢA
まちづくり工学科,前期,金,1,151,駿河台校舎,英語ⅢA
応用情報工学科,前期,金,1,151,駿河台校舎,英語ⅢA
一般教育,前期,金,1,151,駿河台校舎,英語ⅢA
土木工学科,前期,金,1,154,駿河台校舎,英語ⅢA
交通システム工学科,前期,金,1,154,駿河台校舎,英語ⅢA
交通システム工学科,前期,金,1,154,駿河台校舎,英語ⅢA
建築学科,前期,金,1,154,駿河台校舎,英語ⅢA
海洋建築工学科,前期,金,1,154,駿河台校舎,英語ⅢA
機械工学科,前期,金,1,154,駿河台校舎,英語ⅢA
精密機械工学科,前期,金,1,154,駿河台校舎,英語ⅢA
航空宇宙工学科,前期,金,1,154,駿河台校舎,英語ⅢA
電気工学科,前期,金,1,154,駿河台校舎,英語ⅢA
電子工学科,前期,金,1,154,駿河台校舎,英語ⅢA
物質応用化学科,前期,金,1,154,駿河台校舎,英語ⅢA
物理学科,前期,金,1,154,駿河台校舎,英語ⅢA
数学科,前期,金,1,154,駿河台校舎,英語ⅢA
まちづくり工学科,前期,金,1,154,駿河台校舎,英語ⅢA
応用情報工学科,前期,金,1,154,駿河台校舎,英語ⅢA
一般教育,前期,金,1,154,駿河台校舎,英語ⅢA
機械工学科,前期,金,1,751,駿河台校舎,機械設計製図ⅡA {A}↓連続２時限
機械工学科,前期,金,1,752,駿河台校舎,機械設計製図ⅡA {A}↓連続２時限
物理学専攻,前期,金,1,831,駿河台校舎,宇宙物理学特論Ⅰ
物質応用化学専攻,前期,金,1,851,駿河台校舎,応用化学特別講義Ⅰ ＊
まちづくり工学科,前期,金,2,S101,タワースコラ,まちづくりワークショップⅡ↓連続２時限
まちづくり工学専攻,前期,金,2,S1201,タワースコラ,市街地整備特論
土木工学科,前期,金,2,S201,タワースコラ,社会資本マネジメント
数学科,前期,金,2,S202,タワースコラ,代数学及び演習A↓連続２時限
土木工学科,前期,金,2,S203,タワースコラ,科学技術と経済 {III群}
交通システム工学科,前期,金,2,S203,タワースコラ,科学技術と経済 {III群}
交通システム工学科,前期,金,2,S203,タワースコラ,科学技術と経済 {III群}
建築学科,前期,金,2,S203,タワースコラ,科学技術と経済 {III群}
海洋建築工学科,前期,金,2,S203,タワースコラ,科学技術と経済 {III群}
機械工学科,前期,金,2,S203,タワースコラ,科学技術と経済 {III群}
精密機械工学科,前期,金,2,S203,タワースコラ,科学技術と経済 {III群}
航空宇宙工学科,前期,金,2,S203,タワースコラ,科学技術と経済 {III群}
電気工学科,前期,金,2,S203,タワースコラ,科学技術と経済 {III群}
電子工学科,前期,金,2,S203,タワースコラ,科学技術と経済 {III群}
物質応用化学科,前期,金,2,S203,タワースコラ,科学技術と経済 {III群}
物理学科,前期,金,2,S203,タワースコラ,科学技術と経済 {III群}
数学科,前期,金,2,S203,タワースコラ,科学技術と経済 {III群}
まちづくり工学科,前期,金,2,S203,タワースコラ,科学技術と経済 {III群}
応用情報工学科,前期,金,2,S203,タワースコラ,科学技術と経済 {III群}
一般教育,前期,金,2,S203,タワースコラ,科学技術と経済 {III群}
物理学科,前期,金,2,S204,タワースコラ,計測物理学
建築学科,前期,金,2,S301,タワースコラ,建築史Ⅲ {1}
電気工学科,前期,金,2,S302,タワースコラ,送配電工学Ⅱ
一般教育,前期,金,2,S303,タワースコラ,英語特殊講義B
土木工学科,前期,金,2,S304,タワースコラ,文学 {I群}
交通システム工学科,前期,金,2,S304,タワースコラ,文学 {I群}
交通システム工学科,前期,金,2,S304,タワースコラ,文学 {I群}
建築学科,前期,金,2,S304,タワースコラ,文学 {I群}
海洋建築工学科,前期,金,2,S304,タワースコラ,文学 {I群}
機械工学科,前期,金,2,S304,タワースコラ,文学 {I群}
精密機械工学科,前期,金,2,S304,タワースコラ,文学 {I群}
航空宇宙工学科,前期,金,2,S304,タワースコラ,文学 {I群}
電気工学科,前期,金,2,S304,タワースコラ,文学 {I群}
電子工学科,前期,金,2,S304,タワースコラ,文学 {I群}
物質応用化学科,前期,金,2,S304,タワースコラ,文学 {I群}
物理学科,前期,金,2,S304,タワースコラ,文学 {I群}
数学科,前期,金,2,S304,タワースコラ,文学 {I群}
まちづくり工学科,前期,金,2,S304,タワースコラ,文学 {I群}
応用情報工学科,前期,金,2,S304,タワースコラ,文学 {I群}
一般教育,前期,金,2,S304,タワースコラ,文学 {I群}
数学専攻,前期,金,2,S306,タワースコラ,解析学特論ⅢA
土木工学科,前期,金,2,S401,タワースコラ,歴史学 {I群}
交通システム工学科,前期,金,2,S401,タワースコラ,歴史学 {I群}
交通システム工学科,前期,金,2,S401,タワースコラ,歴史学 {I群}
建築学科,前期,金,2,S401,タワースコラ,歴史学 {I群}
海洋建築工学科,前期,金,2,S401,タワースコラ,歴史学 {I群}
機械工学科,前期,金,2,S401,タワースコラ,歴史学 {I群}
精密機械工学科,前期,金,2,S401,タワースコラ,歴史学 {I群}
航空宇宙工学科,前期,金,2,S401,タワースコラ,歴史学 {I群}
電気工学科,前期,金,2,S401,タワースコラ,歴史学 {I群}
電子工学科,前期,金,2,S401,タワースコラ,歴史学 {I群}
物質応用化学科,前期,金,2,S401,タワースコラ,歴史学 {I群}
物理学科,前期,金,2,S401,タワースコラ,歴史学 {I群}
数学科,前期,金,2,S401,タワースコラ,歴史学 {I群}
まちづくり工学科,前期,金,2,S401,タワースコラ,歴史学 {I群}
応用情報工学科,前期,金,2,S401,タワースコラ,歴史学 {I群}
一般教育,前期,金,2,S401,タワースコラ,歴史学 {I群}
一般教育,前期,金,2,S402,タワースコラ,English Communication Ⅰ
一般教育,前期,金,2,S403,タワースコラ,微分方程式Ⅰ
電気工学科,前期,金,2,S404,タワースコラ,電磁気学Ⅰ及び演習 {B}↓連続２時限
土木工学科,前期,金,2,S405,タワースコラ,技術者倫理 {III群}
交通システム工学科,前期,金,2,S405,タワースコラ,技術者倫理 {III群}
交通システム工学科,前期,金,2,S405,タワースコラ,技術者倫理 {III群}
建築学科,前期,金,2,S405,タワースコラ,技術者倫理 {III群}
海洋建築工学科,前期,金,2,S405,タワースコラ,技術者倫理 {III群}
機械工学科,前期,金,2,S405,タワースコラ,技術者倫理 {III群}
精密機械工学科,前期,金,2,S405,タワースコラ,技術者倫理 {III群}
航空宇宙工学科,前期,金,2,S405,タワースコラ,技術者倫理 {III群}
電気工学科,前期,金,2,S405,タワースコラ,技術者倫理 {III群}
電子工学科,前期,金,2,S405,タワースコラ,技術者倫理 {III群}
物質応用化学科,前期,金,2,S405,タワースコラ,技術者倫理 {III群}
物理学科,前期,金,2,S405,タワースコラ,技術者倫理 {III群}
数学科,前期,金,2,S405,タワースコラ,技術者倫理 {III群}
まちづくり工学科,前期,金,2,S405,タワースコラ,技術者倫理 {III群}
応用情報工学科,前期,金,2,S405,タワースコラ,技術者倫理 {III群}
一般教育,前期,金,2,S405,タワースコラ,技術者倫理 {III群}
物理学専攻,前期,金,2,S406,タワースコラ,プラズマ物理学特論Ⅰ
土木工学専攻,前期,金,2,S407,タワースコラ,基礎水理学特論 ｻﾃﾗｲﾄ
電気工学科,前期,金,2,S505,タワースコラ,音響工学
機械工学専攻,前期,金,2,S601,タワースコラ,生産工学特論Ⅰ
電気工学専攻,前期,金,2,S602,タワースコラ,超音波工学特論
量子理工学専攻,前期,金,2,S603,タワースコラ,計算機シミュレーションⅠ
一般教育,前期,金,2,S604,タワースコラ,English Communication Ⅰ
建築学科,前期,金,2,S702,タワースコラ,建築設計Ⅲ {2}↓連続３時限
建築学科,前期,金,2,S705）,タワースコラ,建築設計Ⅲ {2}↓連続３時限
一般教育,前期,金,2,1011,船橋校舎,英語特殊講義A
一般教育,前期,金,2,1012,船橋校舎,英語特殊講義B
機械工学科,前期,金,2,1032,船橋校舎,英語ⅠA
機械工学科,前期,金,2,1033,船橋校舎,英語ⅠA
機械工学科,前期,金,2,1041,船橋校舎,英語ⅠA
一般教育,前期,金,2,1042,船橋校舎,英語特殊講義A
機械工学科,前期,金,2,1043,船橋校舎,英語ⅠA
土木工学科,前期,金,2,105,船橋校舎,基礎物理学実験 {年間隔週}↓連続２時限【年間隔週】
交通システム工学科,前期,金,2,105,船橋校舎,基礎物理学実験 {年間隔週}↓連続２時限【年間隔週】
交通システム工学科,前期,金,2,105,船橋校舎,基礎物理学実験 {年間隔週}↓連続２時限【年間隔週】
建築学科,前期,金,2,105,船橋校舎,基礎物理学実験 {年間隔週}↓連続２時限【年間隔週】
海洋建築工学科,前期,金,2,105,船橋校舎,基礎物理学実験 {年間隔週}↓連続２時限【年間隔週】
機械工学科,前期,金,2,105,船橋校舎,基礎物理学実験 {年間隔週}↓連続２時限【年間隔週】
精密機械工学科,前期,金,2,105,船橋校舎,基礎物理学実験 {年間隔週}↓連続２時限【年間隔週】
航空宇宙工学科,前期,金,2,105,船橋校舎,基礎物理学実験 {年間隔週}↓連続２時限【年間隔週】
電気工学科,前期,金,2,105,船橋校舎,基礎物理学実験 {年間隔週}↓連続２時限【年間隔週】
電子工学科,前期,金,2,105,船橋校舎,基礎物理学実験 {年間隔週}↓連続２時限【年間隔週】
物質応用化学科,前期,金,2,105,船橋校舎,基礎物理学実験 {年間隔週}↓連続２時限【年間隔週】
物理学科,前期,金,2,105,船橋校舎,基礎物理学実験 {年間隔週}↓連続２時限【年間隔週】
数学科,前期,金,2,105,船橋校舎,基礎物理学実験 {年間隔週}↓連続２時限【年間隔週】
まちづくり工学科,前期,金,2,105,船橋校舎,基礎物理学実験 {年間隔週}↓連続２時限【年間隔週】
応用情報工学科,前期,金,2,105,船橋校舎,基礎物理学実験 {年間隔週}↓連続２時限【年間隔週】
一般教育,前期,金,2,105,船橋校舎,基礎物理学実験 {年間隔週}↓連続２時限【年間隔週】
数学科,前期,金,2,1123,船橋校舎,数学入門Ａ {1}
土木工学科,前期,金,2,113,船橋校舎,基礎物理学実験 {年間隔週}↓連続２時限【年間隔週】
交通システム工学科,前期,金,2,113,船橋校舎,基礎物理学実験 {年間隔週}↓連続２時限【年間隔週】
交通システム工学科,前期,金,2,113,船橋校舎,基礎物理学実験 {年間隔週}↓連続２時限【年間隔週】
建築学科,前期,金,2,113,船橋校舎,基礎物理学実験 {年間隔週}↓連続２時限【年間隔週】
海洋建築工学科,前期,金,2,113,船橋校舎,基礎物理学実験 {年間隔週}↓連続２時限【年間隔週】
機械工学科,前期,金,2,113,船橋校舎,基礎物理学実験 {年間隔週}↓連続２時限【年間隔週】
精密機械工学科,前期,金,2,113,船橋校舎,基礎物理学実験 {年間隔週}↓連続２時限【年間隔週】
航空宇宙工学科,前期,金,2,113,船橋校舎,基礎物理学実験 {年間隔週}↓連続２時限【年間隔週】
電気工学科,前期,金,2,113,船橋校舎,基礎物理学実験 {年間隔週}↓連続２時限【年間隔週】
電子工学科,前期,金,2,113,船橋校舎,基礎物理学実験 {年間隔週}↓連続２時限【年間隔週】
物質応用化学科,前期,金,2,113,船橋校舎,基礎物理学実験 {年間隔週}↓連続２時限【年間隔週】
物理学科,前期,金,2,113,船橋校舎,基礎物理学実験 {年間隔週}↓連続２時限【年間隔週】
数学科,前期,金,2,113,船橋校舎,基礎物理学実験 {年間隔週}↓連続２時限【年間隔週】
まちづくり工学科,前期,金,2,113,船橋校舎,基礎物理学実験 {年間隔週}↓連続２時限【年間隔週】
応用情報工学科,前期,金,2,113,船橋校舎,基礎物理学実験 {年間隔週}↓連続２時限【年間隔週】
一般教育,前期,金,2,113,船橋校舎,基礎物理学実験 {年間隔週}↓連続２時限【年間隔週】
応用情報工学科,前期,金,2,1131,船橋校舎,情報理論
数学科,前期,金,2,1133,船橋校舎,コンピュータ概論Ａ {2}
物理学科,前期,金,2,1142,船橋校舎,微分積分学Ⅰ {1}
物理学科,前期,金,2,1143,船橋校舎,微分積分学Ⅰ {2}
数学科,前期,金,2,1202,船橋校舎,コンピュータ概論Ａ {2}
精密機械工学科,前期,金,2,1204,船橋校舎,コンピュータシミュレーション
数学科,前期,金,2,1221,船橋校舎,コンピュータ概論Ａ {2}
一般教育,前期,金,2,1232,船橋校舎,英語特殊講義A
一般教育,前期,金,2,1233,船橋校舎,英語特殊講義B
一般教育,前期,金,2,1234,船橋校舎,英語特殊講義B
建築学科,前期,金,2,1325,船橋校舎,建築基礎実験 {1}↓連続２時限
土木工学科,前期,金,2,134,船橋校舎,基礎物理学実験 {年間隔週}↓連続２時限【年間隔週】
交通システム工学科,前期,金,2,134,船橋校舎,基礎物理学実験 {年間隔週}↓連続２時限【年間隔週】
交通システム工学科,前期,金,2,134,船橋校舎,基礎物理学実験 {年間隔週}↓連続２時限【年間隔週】
建築学科,前期,金,2,134,船橋校舎,基礎物理学実験 {年間隔週}↓連続２時限【年間隔週】
海洋建築工学科,前期,金,2,134,船橋校舎,基礎物理学実験 {年間隔週}↓連続２時限【年間隔週】
機械工学科,前期,金,2,134,船橋校舎,基礎物理学実験 {年間隔週}↓連続２時限【年間隔週】
精密機械工学科,前期,金,2,134,船橋校舎,基礎物理学実験 {年間隔週}↓連続２時限【年間隔週】
航空宇宙工学科,前期,金,2,134,船橋校舎,基礎物理学実験 {年間隔週}↓連続２時限【年間隔週】
電気工学科,前期,金,2,134,船橋校舎,基礎物理学実験 {年間隔週}↓連続２時限【年間隔週】
電子工学科,前期,金,2,134,船橋校舎,基礎物理学実験 {年間隔週}↓連続２時限【年間隔週】
物質応用化学科,前期,金,2,134,船橋校舎,基礎物理学実験 {年間隔週}↓連続２時限【年間隔週】
物理学科,前期,金,2,134,船橋校舎,基礎物理学実験 {年間隔週}↓連続２時限【年間隔週】
数学科,前期,金,2,134,船橋校舎,基礎物理学実験 {年間隔週}↓連続２時限【年間隔週】
まちづくり工学科,前期,金,2,134,船橋校舎,基礎物理学実験 {年間隔週}↓連続２時限【年間隔週】
応用情報工学科,前期,金,2,134,船橋校舎,基礎物理学実験 {年間隔週}↓連続２時限【年間隔週】
一般教育,前期,金,2,134,船橋校舎,基礎物理学実験 {年間隔週}↓連続２時限【年間隔週】
海洋建築工学科,前期,金,2,1421,船橋校舎,海洋流体力学及び演習↓連続２時限
応用情報工学科,前期,金,2,1423,船橋校舎,オブジェクト指向プログラミング
交通システム工学科,前期,金,2,1424,船橋校舎,鉄道工学
交通システム工学科,前期,金,2,1424,船橋校舎,鉄道工学
土木工学科,前期,金,2,143,船橋校舎,基礎物理学実験 {年間隔週}↓連続２時限【年間隔週】
交通システム工学科,前期,金,2,143,船橋校舎,基礎物理学実験 {年間隔週}↓連続２時限【年間隔週】
交通システム工学科,前期,金,2,143,船橋校舎,基礎物理学実験 {年間隔週}↓連続２時限【年間隔週】
建築学科,前期,金,2,143,船橋校舎,基礎物理学実験 {年間隔週}↓連続２時限【年間隔週】
海洋建築工学科,前期,金,2,143,船橋校舎,基礎物理学実験 {年間隔週}↓連続２時限【年間隔週】
機械工学科,前期,金,2,143,船橋校舎,基礎物理学実験 {年間隔週}↓連続２時限【年間隔週】
精密機械工学科,前期,金,2,143,船橋校舎,基礎物理学実験 {年間隔週}↓連続２時限【年間隔週】
航空宇宙工学科,前期,金,2,143,船橋校舎,基礎物理学実験 {年間隔週}↓連続２時限【年間隔週】
電気工学科,前期,金,2,143,船橋校舎,基礎物理学実験 {年間隔週}↓連続２時限【年間隔週】
電子工学科,前期,金,2,143,船橋校舎,基礎物理学実験 {年間隔週}↓連続２時限【年間隔週】
物質応用化学科,前期,金,2,143,船橋校舎,基礎物理学実験 {年間隔週}↓連続２時限【年間隔週】
物理学科,前期,金,2,143,船橋校舎,基礎物理学実験 {年間隔週}↓連続２時限【年間隔週】
数学科,前期,金,2,143,船橋校舎,基礎物理学実験 {年間隔週}↓連続２時限【年間隔週】
まちづくり工学科,前期,金,2,143,船橋校舎,基礎物理学実験 {年間隔週}↓連続２時限【年間隔週】
応用情報工学科,前期,金,2,143,船橋校舎,基礎物理学実験 {年間隔週}↓連続２時限【年間隔週】
一般教育,前期,金,2,143,船橋校舎,基礎物理学実験 {年間隔週}↓連続２時限【年間隔週】
応用情報工学科,前期,金,2,1431,船橋校舎,回路理論Ⅰ {1}
応用情報工学科,前期,金,2,1432,船橋校舎,回路理論Ⅰ {2}
航空宇宙工学科,前期,金,2,1433,船橋校舎,流体力学Ⅰ及び演習 {未来}↓連続２時限
建築学科,前期,金,2,1434,船橋校舎,デザイン基礎Ⅰ {2}↓連続３時限
土木工学科,前期,金,2,144,船橋校舎,基礎物理学実験 {年間隔週}↓連続２時限【年間隔週】
交通システム工学科,前期,金,2,144,船橋校舎,基礎物理学実験 {年間隔週}↓連続２時限【年間隔週】
交通システム工学科,前期,金,2,144,船橋校舎,基礎物理学実験 {年間隔週}↓連続２時限【年間隔週】
建築学科,前期,金,2,144,船橋校舎,基礎物理学実験 {年間隔週}↓連続２時限【年間隔週】
海洋建築工学科,前期,金,2,144,船橋校舎,基礎物理学実験 {年間隔週}↓連続２時限【年間隔週】
機械工学科,前期,金,2,144,船橋校舎,基礎物理学実験 {年間隔週}↓連続２時限【年間隔週】
精密機械工学科,前期,金,2,144,船橋校舎,基礎物理学実験 {年間隔週}↓連続２時限【年間隔週】
航空宇宙工学科,前期,金,2,144,船橋校舎,基礎物理学実験 {年間隔週}↓連続２時限【年間隔週】
電気工学科,前期,金,2,144,船橋校舎,基礎物理学実験 {年間隔週}↓連続２時限【年間隔週】
電子工学科,前期,金,2,144,船橋校舎,基礎物理学実験 {年間隔週}↓連続２時限【年間隔週】
物質応用化学科,前期,金,2,144,船橋校舎,基礎物理学実験 {年間隔週}↓連続２時限【年間隔週】
物理学科,前期,金,2,144,船橋校舎,基礎物理学実験 {年間隔週}↓連続２時限【年間隔週】
数学科,前期,金,2,144,船橋校舎,基礎物理学実験 {年間隔週}↓連続２時限【年間隔週】
まちづくり工学科,前期,金,2,144,船橋校舎,基礎物理学実験 {年間隔週}↓連続２時限【年間隔週】
応用情報工学科,前期,金,2,144,船橋校舎,基礎物理学実験 {年間隔週}↓連続２時限【年間隔週】
一般教育,前期,金,2,144,船橋校舎,基礎物理学実験 {年間隔週}↓連続２時限【年間隔週】
電子工学科,前期,金,2,1441,船橋校舎,計算機アーキテクチャ
海洋建築工学科,前期,金,2,1442,船橋校舎,コンクリート構造及び演習↓連続２時限
航空宇宙工学科,前期,金,2,1444,船橋校舎,制御工学Ⅰ
航空宇宙工学科,前期,金,2,1452,船橋校舎,機体生産技術
精密機械工学専攻,前期,金,2,1453,船橋校舎,物質工学特論Ⅰ ＊
航空宇宙工学専攻,前期,金,2,1455,船橋校舎,宇宙科学
情報科学専攻,前期,金,2,1456,船橋校舎,生体情報科学
量子理工学専攻,前期,金,2,1457,船橋校舎,加速器科学Ⅰ
海洋建築工学専攻,前期,金,2,1458,船橋校舎,海洋構造物建設特論
建築学科,前期,金,2,14号館製図室,船橋校舎,デザイン基礎Ⅰ {2}↓連続３時限
土木工学科,前期,金,2,341,船橋校舎,基礎化学実験 {年間隔週}↓連続２時限【年間隔週】
交通システム工学科,前期,金,2,341,船橋校舎,基礎化学実験 {年間隔週}↓連続２時限【年間隔週】
交通システム工学科,前期,金,2,341,船橋校舎,基礎化学実験 {年間隔週}↓連続２時限【年間隔週】
建築学科,前期,金,2,341,船橋校舎,基礎化学実験 {年間隔週}↓連続２時限【年間隔週】
海洋建築工学科,前期,金,2,341,船橋校舎,基礎化学実験 {年間隔週}↓連続２時限【年間隔週】
機械工学科,前期,金,2,341,船橋校舎,基礎化学実験 {年間隔週}↓連続２時限【年間隔週】
精密機械工学科,前期,金,2,341,船橋校舎,基礎化学実験 {年間隔週}↓連続２時限【年間隔週】
航空宇宙工学科,前期,金,2,341,船橋校舎,基礎化学実験 {年間隔週}↓連続２時限【年間隔週】
電気工学科,前期,金,2,341,船橋校舎,基礎化学実験 {年間隔週}↓連続２時限【年間隔週】
電子工学科,前期,金,2,341,船橋校舎,基礎化学実験 {年間隔週}↓連続２時限【年間隔週】
物質応用化学科,前期,金,2,341,船橋校舎,基礎化学実験 {年間隔週}↓連続２時限【年間隔週】
物理学科,前期,金,2,341,船橋校舎,基礎化学実験 {年間隔週}↓連続２時限【年間隔週】
数学科,前期,金,2,341,船橋校舎,基礎化学実験 {年間隔週}↓連続２時限【年間隔週】
まちづくり工学科,前期,金,2,341,船橋校舎,基礎化学実験 {年間隔週}↓連続２時限【年間隔週】
応用情報工学科,前期,金,2,341,船橋校舎,基礎化学実験 {年間隔週}↓連続２時限【年間隔週】
一般教育,前期,金,2,341,船橋校舎,基礎化学実験 {年間隔週}↓連続２時限【年間隔週】
土木工学科,前期,金,2,342,船橋校舎,基礎化学実験 {年間隔週}↓連続２時限【年間隔週】
交通システム工学科,前期,金,2,342,船橋校舎,基礎化学実験 {年間隔週}↓連続２時限【年間隔週】
交通システム工学科,前期,金,2,342,船橋校舎,基礎化学実験 {年間隔週}↓連続２時限【年間隔週】
建築学科,前期,金,2,342,船橋校舎,基礎化学実験 {年間隔週}↓連続２時限【年間隔週】
海洋建築工学科,前期,金,2,342,船橋校舎,基礎化学実験 {年間隔週}↓連続２時限【年間隔週】
機械工学科,前期,金,2,342,船橋校舎,基礎化学実験 {年間隔週}↓連続２時限【年間隔週】
精密機械工学科,前期,金,2,342,船橋校舎,基礎化学実験 {年間隔週}↓連続２時限【年間隔週】
航空宇宙工学科,前期,金,2,342,船橋校舎,基礎化学実験 {年間隔週}↓連続２時限【年間隔週】
電気工学科,前期,金,2,342,船橋校舎,基礎化学実験 {年間隔週}↓連続２時限【年間隔週】
電子工学科,前期,金,2,342,船橋校舎,基礎化学実験 {年間隔週}↓連続２時限【年間隔週】
物質応用化学科,前期,金,2,342,船橋校舎,基礎化学実験 {年間隔週}↓連続２時限【年間隔週】
物理学科,前期,金,2,342,船橋校舎,基礎化学実験 {年間隔週}↓連続２時限【年間隔週】
数学科,前期,金,2,342,船橋校舎,基礎化学実験 {年間隔週}↓連続２時限【年間隔週】
まちづくり工学科,前期,金,2,342,船橋校舎,基礎化学実験 {年間隔週}↓連続２時限【年間隔週】
応用情報工学科,前期,金,2,342,船橋校舎,基礎化学実験 {年間隔週}↓連続２時限【年間隔週】
一般教育,前期,金,2,342,船橋校舎,基礎化学実験 {年間隔週}↓連続２時限【年間隔週】
土木工学科,前期,金,2,819,船橋校舎,基礎化学実験 {年間隔週}↓連続２時限【年間隔週】
交通システム工学科,前期,金,2,819,船橋校舎,基礎化学実験 {年間隔週}↓連続２時限【年間隔週】
交通システム工学科,前期,金,2,819,船橋校舎,基礎化学実験 {年間隔週}↓連続２時限【年間隔週】
建築学科,前期,金,2,819,船橋校舎,基礎化学実験 {年間隔週}↓連続２時限【年間隔週】
海洋建築工学科,前期,金,2,819,船橋校舎,基礎化学実験 {年間隔週}↓連続２時限【年間隔週】
機械工学科,前期,金,2,819,船橋校舎,基礎化学実験 {年間隔週}↓連続２時限【年間隔週】
精密機械工学科,前期,金,2,819,船橋校舎,基礎化学実験 {年間隔週}↓連続２時限【年間隔週】
航空宇宙工学科,前期,金,2,819,船橋校舎,基礎化学実験 {年間隔週}↓連続２時限【年間隔週】
電気工学科,前期,金,2,819,船橋校舎,基礎化学実験 {年間隔週}↓連続２時限【年間隔週】
電子工学科,前期,金,2,819,船橋校舎,基礎化学実験 {年間隔週}↓連続２時限【年間隔週】
物質応用化学科,前期,金,2,819,船橋校舎,基礎化学実験 {年間隔週}↓連続２時限【年間隔週】
物理学科,前期,金,2,819,船橋校舎,基礎化学実験 {年間隔週}↓連続２時限【年間隔週】
数学科,前期,金,2,819,船橋校舎,基礎化学実験 {年間隔週}↓連続２時限【年間隔週】
まちづくり工学科,前期,金,2,819,船橋校舎,基礎化学実験 {年間隔週}↓連続２時限【年間隔週】
応用情報工学科,前期,金,2,819,船橋校舎,基礎化学実験 {年間隔週}↓連続２時限【年間隔週】
一般教育,前期,金,2,819,船橋校舎,基礎化学実験 {年間隔週}↓連続２時限【年間隔週】
土木工学科,前期,金,2,826,船橋校舎,基礎化学実験 {年間隔週}↓連続２時限【年間隔週】
交通システム工学科,前期,金,2,826,船橋校舎,基礎化学実験 {年間隔週}↓連続２時限【年間隔週】
交通システム工学科,前期,金,2,826,船橋校舎,基礎化学実験 {年間隔週}↓連続２時限【年間隔週】
建築学科,前期,金,2,826,船橋校舎,基礎化学実験 {年間隔週}↓連続２時限【年間隔週】
海洋建築工学科,前期,金,2,826,船橋校舎,基礎化学実験 {年間隔週}↓連続２時限【年間隔週】
機械工学科,前期,金,2,826,船橋校舎,基礎化学実験 {年間隔週}↓連続２時限【年間隔週】
精密機械工学科,前期,金,2,826,船橋校舎,基礎化学実験 {年間隔週}↓連続２時限【年間隔週】
航空宇宙工学科,前期,金,2,826,船橋校舎,基礎化学実験 {年間隔週}↓連続２時限【年間隔週】
電気工学科,前期,金,2,826,船橋校舎,基礎化学実験 {年間隔週}↓連続２時限【年間隔週】
電子工学科,前期,金,2,826,船橋校舎,基礎化学実験 {年間隔週}↓連続２時限【年間隔週】
物質応用化学科,前期,金,2,826,船橋校舎,基礎化学実験 {年間隔週}↓連続２時限【年間隔週】
物理学科,前期,金,2,826,船橋校舎,基礎化学実験 {年間隔週}↓連続２時限【年間隔週】
数学科,前期,金,2,826,船橋校舎,基礎化学実験 {年間隔週}↓連続２時限【年間隔週】
まちづくり工学科,前期,金,2,826,船橋校舎,基礎化学実験 {年間隔週}↓連続２時限【年間隔週】
応用情報工学科,前期,金,2,826,船橋校舎,基礎化学実験 {年間隔週}↓連続２時限【年間隔週】
一般教育,前期,金,2,826,船橋校舎,基礎化学実験 {年間隔週}↓連続２時限【年間隔週】
土木工学科,前期,金,2,829,船橋校舎,基礎化学実験 {年間隔週}↓連続２時限【年間隔週】
交通システム工学科,前期,金,2,829,船橋校舎,基礎化学実験 {年間隔週}↓連続２時限【年間隔週】
交通システム工学科,前期,金,2,829,船橋校舎,基礎化学実験 {年間隔週}↓連続２時限【年間隔週】
建築学科,前期,金,2,829,船橋校舎,基礎化学実験 {年間隔週}↓連続２時限【年間隔週】
海洋建築工学科,前期,金,2,829,船橋校舎,基礎化学実験 {年間隔週}↓連続２時限【年間隔週】
機械工学科,前期,金,2,829,船橋校舎,基礎化学実験 {年間隔週}↓連続２時限【年間隔週】
精密機械工学科,前期,金,2,829,船橋校舎,基礎化学実験 {年間隔週}↓連続２時限【年間隔週】
航空宇宙工学科,前期,金,2,829,船橋校舎,基礎化学実験 {年間隔週}↓連続２時限【年間隔週】
電気工学科,前期,金,2,829,船橋校舎,基礎化学実験 {年間隔週}↓連続２時限【年間隔週】
電子工学科,前期,金,2,829,船橋校舎,基礎化学実験 {年間隔週}↓連続２時限【年間隔週】
物質応用化学科,前期,金,2,829,船橋校舎,基礎化学実験 {年間隔週}↓連続２時限【年間隔週】
物理学科,前期,金,2,829,船橋校舎,基礎化学実験 {年間隔週}↓連続２時限【年間隔週】
数学科,前期,金,2,829,船橋校舎,基礎化学実験 {年間隔週}↓連続２時限【年間隔週】
まちづくり工学科,前期,金,2,829,船橋校舎,基礎化学実験 {年間隔週}↓連続２時限【年間隔週】
応用情報工学科,前期,金,2,829,船橋校舎,基礎化学実験 {年間隔週}↓連続２時限【年間隔週】
一般教育,前期,金,2,829,船橋校舎,基礎化学実験 {年間隔週}↓連続２時限【年間隔週】
交通システム工学科,前期,金,2,測量実習ｾﾝﾀｰ(演習室AB),船橋校舎,測量学
交通システム工学科,前期,金,2,測量実習ｾﾝﾀｰ(演習室AB),船橋校舎,測量学
精密機械工学科,前期,金,2,階段教室(小),船橋校舎,工業数学
建築学専攻,前期,金,2,0000,駿河台校舎,建築設計ワークショップ
機械工学科,前期,金,2,131,駿河台校舎,機械の材料
土木工学科,前期,金,2,132,駿河台校舎,科学技術と人間 {III群}
交通システム工学科,前期,金,2,132,駿河台校舎,科学技術と人間 {III群}
交通システム工学科,前期,金,2,132,駿河台校舎,科学技術と人間 {III群}
建築学科,前期,金,2,132,駿河台校舎,科学技術と人間 {III群}
海洋建築工学科,前期,金,2,132,駿河台校舎,科学技術と人間 {III群}
機械工学科,前期,金,2,132,駿河台校舎,科学技術と人間 {III群}
精密機械工学科,前期,金,2,132,駿河台校舎,科学技術と人間 {III群}
航空宇宙工学科,前期,金,2,132,駿河台校舎,科学技術と人間 {III群}
電気工学科,前期,金,2,132,駿河台校舎,科学技術と人間 {III群}
電子工学科,前期,金,2,132,駿河台校舎,科学技術と人間 {III群}
物質応用化学科,前期,金,2,132,駿河台校舎,科学技術と人間 {III群}
物理学科,前期,金,2,132,駿河台校舎,科学技術と人間 {III群}
数学科,前期,金,2,132,駿河台校舎,科学技術と人間 {III群}
まちづくり工学科,前期,金,2,132,駿河台校舎,科学技術と人間 {III群}
応用情報工学科,前期,金,2,132,駿河台校舎,科学技術と人間 {III群}
一般教育,前期,金,2,132,駿河台校舎,科学技術と人間 {III群}
土木工学科,前期,金,2,133,駿河台校舎,知的財産権論 {III群}
交通システム工学科,前期,金,2,133,駿河台校舎,知的財産権論 {III群}
交通システム工学科,前期,金,2,133,駿河台校舎,知的財産権論 {III群}
建築学科,前期,金,2,133,駿河台校舎,知的財産権論 {III群}
海洋建築工学科,前期,金,2,133,駿河台校舎,知的財産権論 {III群}
機械工学科,前期,金,2,133,駿河台校舎,知的財産権論 {III群}
精密機械工学科,前期,金,2,133,駿河台校舎,知的財産権論 {III群}
航空宇宙工学科,前期,金,2,133,駿河台校舎,知的財産権論 {III群}
電気工学科,前期,金,2,133,駿河台校舎,知的財産権論 {III群}
電子工学科,前期,金,2,133,駿河台校舎,知的財産権論 {III群}
物質応用化学科,前期,金,2,133,駿河台校舎,知的財産権論 {III群}
物理学科,前期,金,2,133,駿河台校舎,知的財産権論 {III群}
数学科,前期,金,2,133,駿河台校舎,知的財産権論 {III群}
まちづくり工学科,前期,金,2,133,駿河台校舎,知的財産権論 {III群}
応用情報工学科,前期,金,2,133,駿河台校舎,知的財産権論 {III群}
一般教育,前期,金,2,133,駿河台校舎,知的財産権論 {III群}
まちづくり工学科,前期,金,2,134,駿河台校舎,構造力学Ⅰ
土木工学科,前期,金,2,141,駿河台校舎,上下水道工学 {1}
機械工学科,前期,金,2,142,駿河台校舎,機械要素Ⅰ {B}
土木工学科,前期,金,2,143,駿河台校舎,ことばと文化 {I群}
交通システム工学科,前期,金,2,143,駿河台校舎,ことばと文化 {I群}
交通システム工学科,前期,金,2,143,駿河台校舎,ことばと文化 {I群}
建築学科,前期,金,2,143,駿河台校舎,ことばと文化 {I群}
海洋建築工学科,前期,金,2,143,駿河台校舎,ことばと文化 {I群}
機械工学科,前期,金,2,143,駿河台校舎,ことばと文化 {I群}
精密機械工学科,前期,金,2,143,駿河台校舎,ことばと文化 {I群}
航空宇宙工学科,前期,金,2,143,駿河台校舎,ことばと文化 {I群}
電気工学科,前期,金,2,143,駿河台校舎,ことばと文化 {I群}
電子工学科,前期,金,2,143,駿河台校舎,ことばと文化 {I群}
物質応用化学科,前期,金,2,143,駿河台校舎,ことばと文化 {I群}
物理学科,前期,金,2,143,駿河台校舎,ことばと文化 {I群}
数学科,前期,金,2,143,駿河台校舎,ことばと文化 {I群}
まちづくり工学科,前期,金,2,143,駿河台校舎,ことばと文化 {I群}
応用情報工学科,前期,金,2,143,駿河台校舎,ことばと文化 {I群}
一般教育,前期,金,2,143,駿河台校舎,ことばと文化 {I群}
電気工学科,前期,金,2,144,駿河台校舎,電磁気学Ⅰ及び演習 {A}↓連続２時限
機械工学科,前期,金,2,151,駿河台校舎,制御工学Ⅱ
数学科,前期,金,2,152,駿河台校舎,代数学入門Ａ
土木工学科,前期,金,2,154,駿河台校舎,コンクリート構造設計演習 {2}
土木工学科,前期,金,2,171,駿河台校舎,哲学 {II群}
交通システム工学科,前期,金,2,171,駿河台校舎,哲学 {II群}
交通システム工学科,前期,金,2,171,駿河台校舎,哲学 {II群}
建築学科,前期,金,2,171,駿河台校舎,哲学 {II群}
海洋建築工学科,前期,金,2,171,駿河台校舎,哲学 {II群}
機械工学科,前期,金,2,171,駿河台校舎,哲学 {II群}
精密機械工学科,前期,金,2,171,駿河台校舎,哲学 {II群}
航空宇宙工学科,前期,金,2,171,駿河台校舎,哲学 {II群}
電気工学科,前期,金,2,171,駿河台校舎,哲学 {II群}
電子工学科,前期,金,2,171,駿河台校舎,哲学 {II群}
物質応用化学科,前期,金,2,171,駿河台校舎,哲学 {II群}
物理学科,前期,金,2,171,駿河台校舎,哲学 {II群}
数学科,前期,金,2,171,駿河台校舎,哲学 {II群}
まちづくり工学科,前期,金,2,171,駿河台校舎,哲学 {II群}
応用情報工学科,前期,金,2,171,駿河台校舎,哲学 {II群}
一般教育,前期,金,2,171,駿河台校舎,哲学 {II群}
機械工学科,前期,金,2,751,駿河台校舎,機械設計製図ⅡA {A}↓連続２時限
機械工学科,前期,金,2,752,駿河台校舎,機械設計製図ⅡA {A}↓連続２時限
物質応用化学専攻,前期,金,2,831,駿河台校舎,無機化学特論Ⅱ
一般教育,前期,金,2,842,駿河台校舎,健康の科学
物質応用化学科,前期,金,2,843,駿河台校舎,機器分析
土木工学科,前期,金,2,852,駿河台校舎,法学 {I群}
交通システム工学科,前期,金,2,852,駿河台校舎,法学 {I群}
交通システム工学科,前期,金,2,852,駿河台校舎,法学 {I群}
建築学科,前期,金,2,852,駿河台校舎,法学 {I群}
海洋建築工学科,前期,金,2,852,駿河台校舎,法学 {I群}
機械工学科,前期,金,2,852,駿河台校舎,法学 {I群}
精密機械工学科,前期,金,2,852,駿河台校舎,法学 {I群}
航空宇宙工学科,前期,金,2,852,駿河台校舎,法学 {I群}
電気工学科,前期,金,2,852,駿河台校舎,法学 {I群}
電子工学科,前期,金,2,852,駿河台校舎,法学 {I群}
物質応用化学科,前期,金,2,852,駿河台校舎,法学 {I群}
物理学科,前期,金,2,852,駿河台校舎,法学 {I群}
数学科,前期,金,2,852,駿河台校舎,法学 {I群}
まちづくり工学科,前期,金,2,852,駿河台校舎,法学 {I群}
応用情報工学科,前期,金,2,852,駿河台校舎,法学 {I群}
一般教育,前期,金,2,852,駿河台校舎,法学 {I群}
土木工学科,前期,金,2,CSTﾎｰﾙ,駿河台校舎,感性芸術学 {II群}
交通システム工学科,前期,金,2,CSTﾎｰﾙ,駿河台校舎,感性芸術学 {II群}
交通システム工学科,前期,金,2,CSTﾎｰﾙ,駿河台校舎,感性芸術学 {II群}
建築学科,前期,金,2,CSTﾎｰﾙ,駿河台校舎,感性芸術学 {II群}
海洋建築工学科,前期,金,2,CSTﾎｰﾙ,駿河台校舎,感性芸術学 {II群}
機械工学科,前期,金,2,CSTﾎｰﾙ,駿河台校舎,感性芸術学 {II群}
精密機械工学科,前期,金,2,CSTﾎｰﾙ,駿河台校舎,感性芸術学 {II群}
航空宇宙工学科,前期,金,2,CSTﾎｰﾙ,駿河台校舎,感性芸術学 {II群}
電気工学科,前期,金,2,CSTﾎｰﾙ,駿河台校舎,感性芸術学 {II群}
電子工学科,前期,金,2,CSTﾎｰﾙ,駿河台校舎,感性芸術学 {II群}
物質応用化学科,前期,金,2,CSTﾎｰﾙ,駿河台校舎,感性芸術学 {II群}
物理学科,前期,金,2,CSTﾎｰﾙ,駿河台校舎,感性芸術学 {II群}
数学科,前期,金,2,CSTﾎｰﾙ,駿河台校舎,感性芸術学 {II群}
まちづくり工学科,前期,金,2,CSTﾎｰﾙ,駿河台校舎,感性芸術学 {II群}
応用情報工学科,前期,金,2,CSTﾎｰﾙ,駿河台校舎,感性芸術学 {II群}
一般教育,前期,金,2,CSTﾎｰﾙ,駿河台校舎,感性芸術学 {II群}
建築学科,前期,金,2,スタジオ（S701,駿河台校舎,建築設計Ⅲ {2}↓連続３時限
数学科,前期,金,3,S101,タワースコラ,数理統計学Ａ
物理学科,前期,金,3,S201,タワースコラ,量子力学演習↓連続２時限
数学科,前期,金,3,S202,タワースコラ,解析学及び演習A↓連続２時限
土木工学科,前期,金,3,S203,タワースコラ,英語ⅢA
交通システム工学科,前期,金,3,S203,タワースコラ,英語ⅢA
交通システム工学科,前期,金,3,S203,タワースコラ,英語ⅢA
建築学科,前期,金,3,S203,タワースコラ,英語ⅢA
海洋建築工学科,前期,金,3,S203,タワースコラ,英語ⅢA
機械工学科,前期,金,3,S203,タワースコラ,英語ⅢA
精密機械工学科,前期,金,3,S203,タワースコラ,英語ⅢA
航空宇宙工学科,前期,金,3,S203,タワースコラ,英語ⅢA
電気工学科,前期,金,3,S203,タワースコラ,英語ⅢA
電子工学科,前期,金,3,S203,タワースコラ,英語ⅢA
物質応用化学科,前期,金,3,S203,タワースコラ,英語ⅢA
物理学科,前期,金,3,S203,タワースコラ,英語ⅢA
数学科,前期,金,3,S203,タワースコラ,英語ⅢA
まちづくり工学科,前期,金,3,S203,タワースコラ,英語ⅢA
応用情報工学科,前期,金,3,S203,タワースコラ,英語ⅢA
一般教育,前期,金,3,S203,タワースコラ,英語ⅢA
電気工学科,前期,金,3,S204,タワースコラ,エレクトロケミストリ
建築学科,前期,金,3,S301,タワースコラ,構造力学Ⅲ {1}
物質応用化学科,前期,金,3,S302,タワースコラ,専門化学実験Ⅴ↓連続３時限
土木工学科,前期,金,3,S303,タワースコラ,英語ⅢA
交通システム工学科,前期,金,3,S303,タワースコラ,英語ⅢA
交通システム工学科,前期,金,3,S303,タワースコラ,英語ⅢA
建築学科,前期,金,3,S303,タワースコラ,英語ⅢA
海洋建築工学科,前期,金,3,S303,タワースコラ,英語ⅢA
機械工学科,前期,金,3,S303,タワースコラ,英語ⅢA
精密機械工学科,前期,金,3,S303,タワースコラ,英語ⅢA
航空宇宙工学科,前期,金,3,S303,タワースコラ,英語ⅢA
電気工学科,前期,金,3,S303,タワースコラ,英語ⅢA
電子工学科,前期,金,3,S303,タワースコラ,英語ⅢA
物質応用化学科,前期,金,3,S303,タワースコラ,英語ⅢA
物理学科,前期,金,3,S303,タワースコラ,英語ⅢA
数学科,前期,金,3,S303,タワースコラ,英語ⅢA
まちづくり工学科,前期,金,3,S303,タワースコラ,英語ⅢA
応用情報工学科,前期,金,3,S303,タワースコラ,英語ⅢA
一般教育,前期,金,3,S303,タワースコラ,英語ⅢA
土木工学科,前期,金,3,S304,タワースコラ,英語ⅢA
交通システム工学科,前期,金,3,S304,タワースコラ,英語ⅢA
交通システム工学科,前期,金,3,S304,タワースコラ,英語ⅢA
建築学科,前期,金,3,S304,タワースコラ,英語ⅢA
海洋建築工学科,前期,金,3,S304,タワースコラ,英語ⅢA
機械工学科,前期,金,3,S304,タワースコラ,英語ⅢA
精密機械工学科,前期,金,3,S304,タワースコラ,英語ⅢA
航空宇宙工学科,前期,金,3,S304,タワースコラ,英語ⅢA
電気工学科,前期,金,3,S304,タワースコラ,英語ⅢA
電子工学科,前期,金,3,S304,タワースコラ,英語ⅢA
物質応用化学科,前期,金,3,S304,タワースコラ,英語ⅢA
物理学科,前期,金,3,S304,タワースコラ,英語ⅢA
数学科,前期,金,3,S304,タワースコラ,英語ⅢA
まちづくり工学科,前期,金,3,S304,タワースコラ,英語ⅢA
応用情報工学科,前期,金,3,S304,タワースコラ,英語ⅢA
一般教育,前期,金,3,S304,タワースコラ,英語ⅢA
機械工学科,前期,金,3,S401,タワースコラ,機械加工学
土木工学科,前期,金,3,S402,タワースコラ,English Communication Ⅰ
交通システム工学科,前期,金,3,S402,タワースコラ,English Communication Ⅰ
交通システム工学科,前期,金,3,S402,タワースコラ,English Communication Ⅰ
建築学科,前期,金,3,S402,タワースコラ,English Communication Ⅰ
海洋建築工学科,前期,金,3,S402,タワースコラ,English Communication Ⅰ
機械工学科,前期,金,3,S402,タワースコラ,English Communication Ⅰ
精密機械工学科,前期,金,3,S402,タワースコラ,English Communication Ⅰ
航空宇宙工学科,前期,金,3,S402,タワースコラ,English Communication Ⅰ
電気工学科,前期,金,3,S402,タワースコラ,English Communication Ⅰ
電子工学科,前期,金,3,S402,タワースコラ,English Communication Ⅰ
物質応用化学科,前期,金,3,S402,タワースコラ,English Communication Ⅰ
物理学科,前期,金,3,S402,タワースコラ,English Communication Ⅰ
数学科,前期,金,3,S402,タワースコラ,English Communication Ⅰ
まちづくり工学科,前期,金,3,S402,タワースコラ,English Communication Ⅰ
応用情報工学科,前期,金,3,S402,タワースコラ,English Communication Ⅰ
一般教育,前期,金,3,S402,タワースコラ,English Communication Ⅰ
土木工学専攻,前期,金,3,S403,タワースコラ,都市交通計画特論
物理学科,前期,金,3,S404,タワースコラ,量子力学演習↓連続２時限
土木工学専攻,前期,金,3,S406,タワースコラ,English for Academics 新カリ
交通システム工学専攻,前期,金,3,S406,タワースコラ,English for Academics 新カリ
建築学専攻,前期,金,3,S406,タワースコラ,English for Academics 新カリ
海洋建築工学専攻,前期,金,3,S406,タワースコラ,English for Academics 新カリ
機械工学専攻,前期,金,3,S406,タワースコラ,English for Academics 新カリ
精密機械工学専攻,前期,金,3,S406,タワースコラ,English for Academics 新カリ
航空宇宙工学専攻,前期,金,3,S406,タワースコラ,English for Academics 新カリ
電気工学専攻,前期,金,3,S406,タワースコラ,English for Academics 新カリ
電子工学専攻,前期,金,3,S406,タワースコラ,English for Academics 新カリ
物質応用化学専攻,前期,金,3,S406,タワースコラ,English for Academics 新カリ
物理学専攻,前期,金,3,S406,タワースコラ,English for Academics 新カリ
数学専攻,前期,金,3,S406,タワースコラ,English for Academics 新カリ
情報科学専攻,前期,金,3,S406,タワースコラ,English for Academics 新カリ
量子理工学専攻,前期,金,3,S406,タワースコラ,English for Academics 新カリ
まちづくり工学専攻,前期,金,3,S406,タワースコラ,English for Academics 新カリ
物理学科,前期,金,3,S504,タワースコラ,物理数学演習↓連続２時限
物理学科,前期,金,3,S505,タワースコラ,物理数学演習↓連続２時限
建築学科,前期,金,3,S702,タワースコラ,建築設計Ⅲ {2}↓連続３時限
建築学科,前期,金,3,S705）,タワースコラ,建築設計Ⅲ {2}↓連続３時限
数学科,前期,金,3,1011,船橋校舎,物質の構造と状態
土木工学科,前期,金,3,1012,船橋校舎,英語ⅡA
交通システム工学科,前期,金,3,1012,船橋校舎,英語ⅡA
交通システム工学科,前期,金,3,1012,船橋校舎,英語ⅡA
建築学科,前期,金,3,1012,船橋校舎,英語ⅡA
海洋建築工学科,前期,金,3,1012,船橋校舎,英語ⅡA
機械工学科,前期,金,3,1012,船橋校舎,英語ⅡA
精密機械工学科,前期,金,3,1012,船橋校舎,英語ⅡA
航空宇宙工学科,前期,金,3,1012,船橋校舎,英語ⅡA
電気工学科,前期,金,3,1012,船橋校舎,英語ⅡA
電子工学科,前期,金,3,1012,船橋校舎,英語ⅡA
物質応用化学科,前期,金,3,1012,船橋校舎,英語ⅡA
物理学科,前期,金,3,1012,船橋校舎,英語ⅡA
数学科,前期,金,3,1012,船橋校舎,英語ⅡA
まちづくり工学科,前期,金,3,1012,船橋校舎,英語ⅡA
応用情報工学科,前期,金,3,1012,船橋校舎,英語ⅡA
一般教育,前期,金,3,1012,船橋校舎,英語ⅡA
土木工学科,前期,金,3,1013,船橋校舎,英語ⅡA
交通システム工学科,前期,金,3,1013,船橋校舎,英語ⅡA
交通システム工学科,前期,金,3,1013,船橋校舎,英語ⅡA
建築学科,前期,金,3,1013,船橋校舎,英語ⅡA
海洋建築工学科,前期,金,3,1013,船橋校舎,英語ⅡA
機械工学科,前期,金,3,1013,船橋校舎,英語ⅡA
精密機械工学科,前期,金,3,1013,船橋校舎,英語ⅡA
航空宇宙工学科,前期,金,3,1013,船橋校舎,英語ⅡA
電気工学科,前期,金,3,1013,船橋校舎,英語ⅡA
電子工学科,前期,金,3,1013,船橋校舎,英語ⅡA
物質応用化学科,前期,金,3,1013,船橋校舎,英語ⅡA
物理学科,前期,金,3,1013,船橋校舎,英語ⅡA
数学科,前期,金,3,1013,船橋校舎,英語ⅡA
まちづくり工学科,前期,金,3,1013,船橋校舎,英語ⅡA
応用情報工学科,前期,金,3,1013,船橋校舎,英語ⅡA
一般教育,前期,金,3,1013,船橋校舎,英語ⅡA
土木工学科,前期,金,3,1021,船橋校舎,英語ⅡA
交通システム工学科,前期,金,3,1021,船橋校舎,英語ⅡA
交通システム工学科,前期,金,3,1021,船橋校舎,英語ⅡA
建築学科,前期,金,3,1021,船橋校舎,英語ⅡA
海洋建築工学科,前期,金,3,1021,船橋校舎,英語ⅡA
機械工学科,前期,金,3,1021,船橋校舎,英語ⅡA
精密機械工学科,前期,金,3,1021,船橋校舎,英語ⅡA
航空宇宙工学科,前期,金,3,1021,船橋校舎,英語ⅡA
電気工学科,前期,金,3,1021,船橋校舎,英語ⅡA
電子工学科,前期,金,3,1021,船橋校舎,英語ⅡA
物質応用化学科,前期,金,3,1021,船橋校舎,英語ⅡA
物理学科,前期,金,3,1021,船橋校舎,英語ⅡA
数学科,前期,金,3,1021,船橋校舎,英語ⅡA
まちづくり工学科,前期,金,3,1021,船橋校舎,英語ⅡA
応用情報工学科,前期,金,3,1021,船橋校舎,英語ⅡA
一般教育,前期,金,3,1021,船橋校舎,英語ⅡA
土木工学科,前期,金,3,1022,船橋校舎,英語ⅡA
交通システム工学科,前期,金,3,1022,船橋校舎,英語ⅡA
交通システム工学科,前期,金,3,1022,船橋校舎,英語ⅡA
建築学科,前期,金,3,1022,船橋校舎,英語ⅡA
海洋建築工学科,前期,金,3,1022,船橋校舎,英語ⅡA
機械工学科,前期,金,3,1022,船橋校舎,英語ⅡA
精密機械工学科,前期,金,3,1022,船橋校舎,英語ⅡA
航空宇宙工学科,前期,金,3,1022,船橋校舎,英語ⅡA
電気工学科,前期,金,3,1022,船橋校舎,英語ⅡA
電子工学科,前期,金,3,1022,船橋校舎,英語ⅡA
物質応用化学科,前期,金,3,1022,船橋校舎,英語ⅡA
物理学科,前期,金,3,1022,船橋校舎,英語ⅡA
数学科,前期,金,3,1022,船橋校舎,英語ⅡA
まちづくり工学科,前期,金,3,1022,船橋校舎,英語ⅡA
応用情報工学科,前期,金,3,1022,船橋校舎,英語ⅡA
一般教育,前期,金,3,1022,船橋校舎,英語ⅡA
土木工学科,前期,金,3,1023,船橋校舎,英語ⅡA
交通システム工学科,前期,金,3,1023,船橋校舎,英語ⅡA
交通システム工学科,前期,金,3,1023,船橋校舎,英語ⅡA
建築学科,前期,金,3,1023,船橋校舎,英語ⅡA
海洋建築工学科,前期,金,3,1023,船橋校舎,英語ⅡA
機械工学科,前期,金,3,1023,船橋校舎,英語ⅡA
精密機械工学科,前期,金,3,1023,船橋校舎,英語ⅡA
航空宇宙工学科,前期,金,3,1023,船橋校舎,英語ⅡA
電気工学科,前期,金,3,1023,船橋校舎,英語ⅡA
電子工学科,前期,金,3,1023,船橋校舎,英語ⅡA
物質応用化学科,前期,金,3,1023,船橋校舎,英語ⅡA
物理学科,前期,金,3,1023,船橋校舎,英語ⅡA
数学科,前期,金,3,1023,船橋校舎,英語ⅡA
まちづくり工学科,前期,金,3,1023,船橋校舎,英語ⅡA
応用情報工学科,前期,金,3,1023,船橋校舎,英語ⅡA
一般教育,前期,金,3,1023,船橋校舎,英語ⅡA
土木工学科,前期,金,3,1031,船橋校舎,英語ⅡA
交通システム工学科,前期,金,3,1031,船橋校舎,英語ⅡA
交通システム工学科,前期,金,3,1031,船橋校舎,英語ⅡA
建築学科,前期,金,3,1031,船橋校舎,英語ⅡA
海洋建築工学科,前期,金,3,1031,船橋校舎,英語ⅡA
機械工学科,前期,金,3,1031,船橋校舎,英語ⅡA
精密機械工学科,前期,金,3,1031,船橋校舎,英語ⅡA
航空宇宙工学科,前期,金,3,1031,船橋校舎,英語ⅡA
電気工学科,前期,金,3,1031,船橋校舎,英語ⅡA
電子工学科,前期,金,3,1031,船橋校舎,英語ⅡA
物質応用化学科,前期,金,3,1031,船橋校舎,英語ⅡA
物理学科,前期,金,3,1031,船橋校舎,英語ⅡA
数学科,前期,金,3,1031,船橋校舎,英語ⅡA
まちづくり工学科,前期,金,3,1031,船橋校舎,英語ⅡA
応用情報工学科,前期,金,3,1031,船橋校舎,英語ⅡA
一般教育,前期,金,3,1031,船橋校舎,英語ⅡA
電子工学科,前期,金,3,1032,船橋校舎,回路理論Ⅱ {再}{未来}
物質応用化学科,前期,金,3,1041,船橋校舎,基礎物理化学 {A}
物質応用化学科,前期,金,3,1043,船橋校舎,基礎生命科学 {B}
土木工学科,前期,金,3,105,船橋校舎,基礎物理学実験 {年間隔週}↓連続２時限【年間隔週】
交通システム工学科,前期,金,3,105,船橋校舎,基礎物理学実験 {年間隔週}↓連続２時限【年間隔週】
交通システム工学科,前期,金,3,105,船橋校舎,基礎物理学実験 {年間隔週}↓連続２時限【年間隔週】
建築学科,前期,金,3,105,船橋校舎,基礎物理学実験 {年間隔週}↓連続２時限【年間隔週】
海洋建築工学科,前期,金,3,105,船橋校舎,基礎物理学実験 {年間隔週}↓連続２時限【年間隔週】
機械工学科,前期,金,3,105,船橋校舎,基礎物理学実験 {年間隔週}↓連続２時限【年間隔週】
精密機械工学科,前期,金,3,105,船橋校舎,基礎物理学実験 {年間隔週}↓連続２時限【年間隔週】
航空宇宙工学科,前期,金,3,105,船橋校舎,基礎物理学実験 {年間隔週}↓連続２時限【年間隔週】
電気工学科,前期,金,3,105,船橋校舎,基礎物理学実験 {年間隔週}↓連続２時限【年間隔週】
電子工学科,前期,金,3,105,船橋校舎,基礎物理学実験 {年間隔週}↓連続２時限【年間隔週】
物質応用化学科,前期,金,3,105,船橋校舎,基礎物理学実験 {年間隔週}↓連続２時限【年間隔週】
物理学科,前期,金,3,105,船橋校舎,基礎物理学実験 {年間隔週}↓連続２時限【年間隔週】
数学科,前期,金,3,105,船橋校舎,基礎物理学実験 {年間隔週}↓連続２時限【年間隔週】
まちづくり工学科,前期,金,3,105,船橋校舎,基礎物理学実験 {年間隔週}↓連続２時限【年間隔週】
応用情報工学科,前期,金,3,105,船橋校舎,基礎物理学実験 {年間隔週}↓連続２時限【年間隔週】
一般教育,前期,金,3,105,船橋校舎,基礎物理学実験 {年間隔週}↓連続２時限【年間隔週】
物理学科,前期,金,3,1122,船橋校舎,数学演習Ⅰ {1}
物理学科,前期,金,3,1123,船橋校舎,数学演習Ⅰ {2}
土木工学科,前期,金,3,113,船橋校舎,基礎物理学実験 {年間隔週}↓連続２時限【年間隔週】
交通システム工学科,前期,金,3,113,船橋校舎,基礎物理学実験 {年間隔週}↓連続２時限【年間隔週】
交通システム工学科,前期,金,3,113,船橋校舎,基礎物理学実験 {年間隔週}↓連続２時限【年間隔週】
建築学科,前期,金,3,113,船橋校舎,基礎物理学実験 {年間隔週}↓連続２時限【年間隔週】
海洋建築工学科,前期,金,3,113,船橋校舎,基礎物理学実験 {年間隔週}↓連続２時限【年間隔週】
機械工学科,前期,金,3,113,船橋校舎,基礎物理学実験 {年間隔週}↓連続２時限【年間隔週】
精密機械工学科,前期,金,3,113,船橋校舎,基礎物理学実験 {年間隔週}↓連続２時限【年間隔週】
航空宇宙工学科,前期,金,3,113,船橋校舎,基礎物理学実験 {年間隔週}↓連続２時限【年間隔週】
電気工学科,前期,金,3,113,船橋校舎,基礎物理学実験 {年間隔週}↓連続２時限【年間隔週】
電子工学科,前期,金,3,113,船橋校舎,基礎物理学実験 {年間隔週}↓連続２時限【年間隔週】
物質応用化学科,前期,金,3,113,船橋校舎,基礎物理学実験 {年間隔週}↓連続２時限【年間隔週】
物理学科,前期,金,3,113,船橋校舎,基礎物理学実験 {年間隔週}↓連続２時限【年間隔週】
数学科,前期,金,3,113,船橋校舎,基礎物理学実験 {年間隔週}↓連続２時限【年間隔週】
まちづくり工学科,前期,金,3,113,船橋校舎,基礎物理学実験 {年間隔週}↓連続２時限【年間隔週】
応用情報工学科,前期,金,3,113,船橋校舎,基礎物理学実験 {年間隔週}↓連続２時限【年間隔週】
一般教育,前期,金,3,113,船橋校舎,基礎物理学実験 {年間隔週}↓連続２時限【年間隔週】
応用情報工学科,前期,金,3,1131,船橋校舎,応用統計
一般教育,前期,金,3,1141,船橋校舎,数理統計学Ⅰ
精密機械工学科,前期,金,3,1214,船橋校舎,電気電子実験Ⅱ {1}{未来}↓連続２時限
海洋建築工学科,前期,金,3,1326,船橋校舎,海洋建築実験ⅠA
土木工学科,前期,金,3,134,船橋校舎,基礎物理学実験 {年間隔週}↓連続２時限【年間隔週】
交通システム工学科,前期,金,3,134,船橋校舎,基礎物理学実験 {年間隔週}↓連続２時限【年間隔週】
交通システム工学科,前期,金,3,134,船橋校舎,基礎物理学実験 {年間隔週}↓連続２時限【年間隔週】
建築学科,前期,金,3,134,船橋校舎,基礎物理学実験 {年間隔週}↓連続２時限【年間隔週】
海洋建築工学科,前期,金,3,134,船橋校舎,基礎物理学実験 {年間隔週}↓連続２時限【年間隔週】
機械工学科,前期,金,3,134,船橋校舎,基礎物理学実験 {年間隔週}↓連続２時限【年間隔週】
精密機械工学科,前期,金,3,134,船橋校舎,基礎物理学実験 {年間隔週}↓連続２時限【年間隔週】
航空宇宙工学科,前期,金,3,134,船橋校舎,基礎物理学実験 {年間隔週}↓連続２時限【年間隔週】
電気工学科,前期,金,3,134,船橋校舎,基礎物理学実験 {年間隔週}↓連続２時限【年間隔週】
電子工学科,前期,金,3,134,船橋校舎,基礎物理学実験 {年間隔週}↓連続２時限【年間隔週】
物質応用化学科,前期,金,3,134,船橋校舎,基礎物理学実験 {年間隔週}↓連続２時限【年間隔週】
物理学科,前期,金,3,134,船橋校舎,基礎物理学実験 {年間隔週}↓連続２時限【年間隔週】
数学科,前期,金,3,134,船橋校舎,基礎物理学実験 {年間隔週}↓連続２時限【年間隔週】
まちづくり工学科,前期,金,3,134,船橋校舎,基礎物理学実験 {年間隔週}↓連続２時限【年間隔週】
応用情報工学科,前期,金,3,134,船橋校舎,基礎物理学実験 {年間隔週}↓連続２時限【年間隔週】
一般教育,前期,金,3,134,船橋校舎,基礎物理学実験 {年間隔週}↓連続２時限【年間隔週】
海洋建築工学科,前期,金,3,1421,船橋校舎,構造解析
海洋建築工学科,前期,金,3,1422,船橋校舎,構造力学及び演習Ⅱ↓連続２時限
電子工学科,前期,金,3,1423,船橋校舎,過渡現象
交通システム工学科,前期,金,3,1424,船橋校舎,鋼・コンクリート実験↓連続２時限
交通システム工学科,前期,金,3,1424,船橋校舎,鋼・コンクリート実験↓連続２時限
土木工学科,前期,金,3,143,船橋校舎,基礎物理学実験 {年間隔週}↓連続２時限【年間隔週】
交通システム工学科,前期,金,3,143,船橋校舎,基礎物理学実験 {年間隔週}↓連続２時限【年間隔週】
交通システム工学科,前期,金,3,143,船橋校舎,基礎物理学実験 {年間隔週}↓連続２時限【年間隔週】
建築学科,前期,金,3,143,船橋校舎,基礎物理学実験 {年間隔週}↓連続２時限【年間隔週】
海洋建築工学科,前期,金,3,143,船橋校舎,基礎物理学実験 {年間隔週}↓連続２時限【年間隔週】
機械工学科,前期,金,3,143,船橋校舎,基礎物理学実験 {年間隔週}↓連続２時限【年間隔週】
精密機械工学科,前期,金,3,143,船橋校舎,基礎物理学実験 {年間隔週}↓連続２時限【年間隔週】
航空宇宙工学科,前期,金,3,143,船橋校舎,基礎物理学実験 {年間隔週}↓連続２時限【年間隔週】
電気工学科,前期,金,3,143,船橋校舎,基礎物理学実験 {年間隔週}↓連続２時限【年間隔週】
電子工学科,前期,金,3,143,船橋校舎,基礎物理学実験 {年間隔週}↓連続２時限【年間隔週】
物質応用化学科,前期,金,3,143,船橋校舎,基礎物理学実験 {年間隔週}↓連続２時限【年間隔週】
物理学科,前期,金,3,143,船橋校舎,基礎物理学実験 {年間隔週}↓連続２時限【年間隔週】
数学科,前期,金,3,143,船橋校舎,基礎物理学実験 {年間隔週}↓連続２時限【年間隔週】
まちづくり工学科,前期,金,3,143,船橋校舎,基礎物理学実験 {年間隔週}↓連続２時限【年間隔週】
応用情報工学科,前期,金,3,143,船橋校舎,基礎物理学実験 {年間隔週}↓連続２時限【年間隔週】
一般教育,前期,金,3,143,船橋校舎,基礎物理学実験 {年間隔週}↓連続２時限【年間隔週】
電子工学科,前期,金,3,1431,船橋校舎,回路合成
航空宇宙工学科,前期,金,3,1432,船橋校舎,航空力学Ⅱ {未来}
土木工学科,前期,金,3,1433,船橋校舎,線形代数学Ⅰ {C}
建築学科,前期,金,3,1434,船橋校舎,デザイン基礎Ⅰ {2}↓連続３時限
土木工学科,前期,金,3,144,船橋校舎,基礎物理学実験 {年間隔週}↓連続２時限【年間隔週】
交通システム工学科,前期,金,3,144,船橋校舎,基礎物理学実験 {年間隔週}↓連続２時限【年間隔週】
交通システム工学科,前期,金,3,144,船橋校舎,基礎物理学実験 {年間隔週}↓連続２時限【年間隔週】
建築学科,前期,金,3,144,船橋校舎,基礎物理学実験 {年間隔週}↓連続２時限【年間隔週】
海洋建築工学科,前期,金,3,144,船橋校舎,基礎物理学実験 {年間隔週}↓連続２時限【年間隔週】
機械工学科,前期,金,3,144,船橋校舎,基礎物理学実験 {年間隔週}↓連続２時限【年間隔週】
精密機械工学科,前期,金,3,144,船橋校舎,基礎物理学実験 {年間隔週}↓連続２時限【年間隔週】
航空宇宙工学科,前期,金,3,144,船橋校舎,基礎物理学実験 {年間隔週}↓連続２時限【年間隔週】
電気工学科,前期,金,3,144,船橋校舎,基礎物理学実験 {年間隔週}↓連続２時限【年間隔週】
電子工学科,前期,金,3,144,船橋校舎,基礎物理学実験 {年間隔週}↓連続２時限【年間隔週】
物質応用化学科,前期,金,3,144,船橋校舎,基礎物理学実験 {年間隔週}↓連続２時限【年間隔週】
物理学科,前期,金,3,144,船橋校舎,基礎物理学実験 {年間隔週}↓連続２時限【年間隔週】
数学科,前期,金,3,144,船橋校舎,基礎物理学実験 {年間隔週}↓連続２時限【年間隔週】
まちづくり工学科,前期,金,3,144,船橋校舎,基礎物理学実験 {年間隔週}↓連続２時限【年間隔週】
応用情報工学科,前期,金,3,144,船橋校舎,基礎物理学実験 {年間隔週}↓連続２時限【年間隔週】
一般教育,前期,金,3,144,船橋校舎,基礎物理学実験 {年間隔週}↓連続２時限【年間隔週】
土木工学科,前期,金,3,1441,船橋校舎,線形代数学Ⅰ {A}
土木工学科,前期,金,3,1442,船橋校舎,線形代数学Ⅰ {B}
機械工学科,前期,金,3,1443,船橋校舎,物理学Ⅰ演習
機械工学科,前期,金,3,1444,船橋校舎,物理学Ⅰ演習
海洋建築工学専攻,前期,金,3,1452,船橋校舎,海洋計測工学特論 ＊
精密機械工学専攻,前期,金,3,1453,船橋校舎,応用数学Ⅰ ＊
電子工学専攻,前期,金,3,1454,船橋校舎,オートマトン論 {同時開講}
情報科学専攻,前期,金,3,1454,船橋校舎,オートマトン論 {同時開講}
機械工学科,前期,金,3,1456,船橋校舎,物理学Ⅰ演習
機械工学科,前期,金,3,1457,船橋校舎,物理学Ⅰ演習
機械工学科,前期,金,3,1458,船橋校舎,物理学Ⅰ演習
建築学科,前期,金,3,14号館製図室,船橋校舎,デザイン基礎Ⅰ {2}↓連続３時限
応用情報工学科,前期,金,3,241,船橋校舎,プロジェクト実習↓連続２時限
土木工学科,前期,金,3,341,船橋校舎,基礎化学実験 {年間隔週}↓連続２時限【年間隔週】
交通システム工学科,前期,金,3,341,船橋校舎,基礎化学実験 {年間隔週}↓連続２時限【年間隔週】
交通システム工学科,前期,金,3,341,船橋校舎,基礎化学実験 {年間隔週}↓連続２時限【年間隔週】
建築学科,前期,金,3,341,船橋校舎,基礎化学実験 {年間隔週}↓連続２時限【年間隔週】
海洋建築工学科,前期,金,3,341,船橋校舎,基礎化学実験 {年間隔週}↓連続２時限【年間隔週】
機械工学科,前期,金,3,341,船橋校舎,基礎化学実験 {年間隔週}↓連続２時限【年間隔週】
精密機械工学科,前期,金,3,341,船橋校舎,基礎化学実験 {年間隔週}↓連続２時限【年間隔週】
航空宇宙工学科,前期,金,3,341,船橋校舎,基礎化学実験 {年間隔週}↓連続２時限【年間隔週】
電気工学科,前期,金,3,341,船橋校舎,基礎化学実験 {年間隔週}↓連続２時限【年間隔週】
電子工学科,前期,金,3,341,船橋校舎,基礎化学実験 {年間隔週}↓連続２時限【年間隔週】
物質応用化学科,前期,金,3,341,船橋校舎,基礎化学実験 {年間隔週}↓連続２時限【年間隔週】
物理学科,前期,金,3,341,船橋校舎,基礎化学実験 {年間隔週}↓連続２時限【年間隔週】
数学科,前期,金,3,341,船橋校舎,基礎化学実験 {年間隔週}↓連続２時限【年間隔週】
まちづくり工学科,前期,金,3,341,船橋校舎,基礎化学実験 {年間隔週}↓連続２時限【年間隔週】
応用情報工学科,前期,金,3,341,船橋校舎,基礎化学実験 {年間隔週}↓連続２時限【年間隔週】
一般教育,前期,金,3,341,船橋校舎,基礎化学実験 {年間隔週}↓連続２時限【年間隔週】
土木工学科,前期,金,3,342,船橋校舎,基礎化学実験 {年間隔週}↓連続２時限【年間隔週】
交通システム工学科,前期,金,3,342,船橋校舎,基礎化学実験 {年間隔週}↓連続２時限【年間隔週】
交通システム工学科,前期,金,3,342,船橋校舎,基礎化学実験 {年間隔週}↓連続２時限【年間隔週】
建築学科,前期,金,3,342,船橋校舎,基礎化学実験 {年間隔週}↓連続２時限【年間隔週】
海洋建築工学科,前期,金,3,342,船橋校舎,基礎化学実験 {年間隔週}↓連続２時限【年間隔週】
機械工学科,前期,金,3,342,船橋校舎,基礎化学実験 {年間隔週}↓連続２時限【年間隔週】
精密機械工学科,前期,金,3,342,船橋校舎,基礎化学実験 {年間隔週}↓連続２時限【年間隔週】
航空宇宙工学科,前期,金,3,342,船橋校舎,基礎化学実験 {年間隔週}↓連続２時限【年間隔週】
電気工学科,前期,金,3,342,船橋校舎,基礎化学実験 {年間隔週}↓連続２時限【年間隔週】
電子工学科,前期,金,3,342,船橋校舎,基礎化学実験 {年間隔週}↓連続２時限【年間隔週】
物質応用化学科,前期,金,3,342,船橋校舎,基礎化学実験 {年間隔週}↓連続２時限【年間隔週】
物理学科,前期,金,3,342,船橋校舎,基礎化学実験 {年間隔週}↓連続２時限【年間隔週】
数学科,前期,金,3,342,船橋校舎,基礎化学実験 {年間隔週}↓連続２時限【年間隔週】
まちづくり工学科,前期,金,3,342,船橋校舎,基礎化学実験 {年間隔週}↓連続２時限【年間隔週】
応用情報工学科,前期,金,3,342,船橋校舎,基礎化学実験 {年間隔週}↓連続２時限【年間隔週】
一般教育,前期,金,3,342,船橋校舎,基礎化学実験 {年間隔週}↓連続２時限【年間隔週】
電子工学科,前期,金,3,443,船橋校舎,集積回路工学
航空宇宙工学科,前期,金,3,633,船橋校舎,設計製図Ⅰ {未来}↓連続２時限
航空宇宙工学科,前期,金,3,641,船橋校舎,設計製図Ⅰ {未来}↓連続２時限
航空宇宙工学科,前期,金,3,642,船橋校舎,設計製図Ⅰ {未来}↓連続２時限
航空宇宙工学科,前期,金,3,644,船橋校舎,設計製図Ⅰ {未来}↓連続２時限
交通システム工学科,前期,金,3,704,船橋校舎,鋼・コンクリート実験↓連続２時限
交通システム工学科,前期,金,3,704,船橋校舎,鋼・コンクリート実験↓連続２時限
精密機械工学科,前期,金,3,741,船橋校舎,電気電子実験Ⅱ {1}{未来}↓連続２時限
土木工学科,前期,金,3,819,船橋校舎,基礎化学実験 {年間隔週}↓連続２時限【年間隔週】
交通システム工学科,前期,金,3,819,船橋校舎,基礎化学実験 {年間隔週}↓連続２時限【年間隔週】
交通システム工学科,前期,金,3,819,船橋校舎,基礎化学実験 {年間隔週}↓連続２時限【年間隔週】
建築学科,前期,金,3,819,船橋校舎,基礎化学実験 {年間隔週}↓連続２時限【年間隔週】
海洋建築工学科,前期,金,3,819,船橋校舎,基礎化学実験 {年間隔週}↓連続２時限【年間隔週】
機械工学科,前期,金,3,819,船橋校舎,基礎化学実験 {年間隔週}↓連続２時限【年間隔週】
精密機械工学科,前期,金,3,819,船橋校舎,基礎化学実験 {年間隔週}↓連続２時限【年間隔週】
航空宇宙工学科,前期,金,3,819,船橋校舎,基礎化学実験 {年間隔週}↓連続２時限【年間隔週】
電気工学科,前期,金,3,819,船橋校舎,基礎化学実験 {年間隔週}↓連続２時限【年間隔週】
電子工学科,前期,金,3,819,船橋校舎,基礎化学実験 {年間隔週}↓連続２時限【年間隔週】
物質応用化学科,前期,金,3,819,船橋校舎,基礎化学実験 {年間隔週}↓連続２時限【年間隔週】
物理学科,前期,金,3,819,船橋校舎,基礎化学実験 {年間隔週}↓連続２時限【年間隔週】
数学科,前期,金,3,819,船橋校舎,基礎化学実験 {年間隔週}↓連続２時限【年間隔週】
まちづくり工学科,前期,金,3,819,船橋校舎,基礎化学実験 {年間隔週}↓連続２時限【年間隔週】
応用情報工学科,前期,金,3,819,船橋校舎,基礎化学実験 {年間隔週}↓連続２時限【年間隔週】
一般教育,前期,金,3,819,船橋校舎,基礎化学実験 {年間隔週}↓連続２時限【年間隔週】
土木工学科,前期,金,3,826,船橋校舎,基礎化学実験 {年間隔週}↓連続２時限【年間隔週】
交通システム工学科,前期,金,3,826,船橋校舎,基礎化学実験 {年間隔週}↓連続２時限【年間隔週】
交通システム工学科,前期,金,3,826,船橋校舎,基礎化学実験 {年間隔週}↓連続２時限【年間隔週】
建築学科,前期,金,3,826,船橋校舎,基礎化学実験 {年間隔週}↓連続２時限【年間隔週】
海洋建築工学科,前期,金,3,826,船橋校舎,基礎化学実験 {年間隔週}↓連続２時限【年間隔週】
機械工学科,前期,金,3,826,船橋校舎,基礎化学実験 {年間隔週}↓連続２時限【年間隔週】
精密機械工学科,前期,金,3,826,船橋校舎,基礎化学実験 {年間隔週}↓連続２時限【年間隔週】
航空宇宙工学科,前期,金,3,826,船橋校舎,基礎化学実験 {年間隔週}↓連続２時限【年間隔週】
電気工学科,前期,金,3,826,船橋校舎,基礎化学実験 {年間隔週}↓連続２時限【年間隔週】
電子工学科,前期,金,3,826,船橋校舎,基礎化学実験 {年間隔週}↓連続２時限【年間隔週】
物質応用化学科,前期,金,3,826,船橋校舎,基礎化学実験 {年間隔週}↓連続２時限【年間隔週】
物理学科,前期,金,3,826,船橋校舎,基礎化学実験 {年間隔週}↓連続２時限【年間隔週】
数学科,前期,金,3,826,船橋校舎,基礎化学実験 {年間隔週}↓連続２時限【年間隔週】
まちづくり工学科,前期,金,3,826,船橋校舎,基礎化学実験 {年間隔週}↓連続２時限【年間隔週】
応用情報工学科,前期,金,3,826,船橋校舎,基礎化学実験 {年間隔週}↓連続２時限【年間隔週】
一般教育,前期,金,3,826,船橋校舎,基礎化学実験 {年間隔週}↓連続２時限【年間隔週】
土木工学科,前期,金,3,829,船橋校舎,基礎化学実験 {年間隔週}↓連続２時限【年間隔週】
交通システム工学科,前期,金,3,829,船橋校舎,基礎化学実験 {年間隔週}↓連続２時限【年間隔週】
交通システム工学科,前期,金,3,829,船橋校舎,基礎化学実験 {年間隔週}↓連続２時限【年間隔週】
建築学科,前期,金,3,829,船橋校舎,基礎化学実験 {年間隔週}↓連続２時限【年間隔週】
海洋建築工学科,前期,金,3,829,船橋校舎,基礎化学実験 {年間隔週}↓連続２時限【年間隔週】
機械工学科,前期,金,3,829,船橋校舎,基礎化学実験 {年間隔週}↓連続２時限【年間隔週】
精密機械工学科,前期,金,3,829,船橋校舎,基礎化学実験 {年間隔週}↓連続２時限【年間隔週】
航空宇宙工学科,前期,金,3,829,船橋校舎,基礎化学実験 {年間隔週}↓連続２時限【年間隔週】
電気工学科,前期,金,3,829,船橋校舎,基礎化学実験 {年間隔週}↓連続２時限【年間隔週】
電子工学科,前期,金,3,829,船橋校舎,基礎化学実験 {年間隔週}↓連続２時限【年間隔週】
物質応用化学科,前期,金,3,829,船橋校舎,基礎化学実験 {年間隔週}↓連続２時限【年間隔週】
物理学科,前期,金,3,829,船橋校舎,基礎化学実験 {年間隔週}↓連続２時限【年間隔週】
数学科,前期,金,3,829,船橋校舎,基礎化学実験 {年間隔週}↓連続２時限【年間隔週】
まちづくり工学科,前期,金,3,829,船橋校舎,基礎化学実験 {年間隔週}↓連続２時限【年間隔週】
応用情報工学科,前期,金,3,829,船橋校舎,基礎化学実験 {年間隔週}↓連続２時限【年間隔週】
一般教育,前期,金,3,829,船橋校舎,基礎化学実験 {年間隔週}↓連続２時限【年間隔週】
交通システム工学科,前期,金,3,測量実習ｾﾝﾀｰ(演習室AB),船橋校舎,測量実習↓連続２時限【年間】
交通システム工学科,前期,金,3,測量実習ｾﾝﾀｰ(演習室AB),船橋校舎,測量実習↓連続２時限【年間】
交通システム工学科,前期,金,3,社会基盤工学系実験室,船橋校舎,鋼・コンクリート実験↓連続２時限
交通システム工学科,前期,金,3,社会基盤工学系実験室,船橋校舎,鋼・コンクリート実験↓連続２時限
精密機械工学科,前期,金,3,精密実験実験室,船橋校舎,電気電子実験Ⅱ {1}{未来}↓連続２時限
精密機械工学科,前期,金,3,精密実験実験室,船橋校舎,機械実験Ⅱ {2}{未来}↓連続２時限
物理学科,前期,金,3,0000,駿河台校舎,物理学実験Ⅰ {未来}↓連続２時限
物理学科,前期,金,3,0000,駿河台校舎,物理学実験Ⅱ {未来}↓連続２時限
物理学科,前期,金,3,0000,駿河台校舎,物理学実験Ⅲ {未来}↓連続２時限
物理学科,前期,金,3,131,駿河台校舎,量子力学演習↓連続２時限
物理学科,前期,金,3,132,駿河台校舎,量子力学演習↓連続２時限
土木工学科,前期,金,3,133,駿河台校舎,英語ⅢA
交通システム工学科,前期,金,3,133,駿河台校舎,英語ⅢA
交通システム工学科,前期,金,3,133,駿河台校舎,英語ⅢA
建築学科,前期,金,3,133,駿河台校舎,英語ⅢA
海洋建築工学科,前期,金,3,133,駿河台校舎,英語ⅢA
機械工学科,前期,金,3,133,駿河台校舎,英語ⅢA
精密機械工学科,前期,金,3,133,駿河台校舎,英語ⅢA
航空宇宙工学科,前期,金,3,133,駿河台校舎,英語ⅢA
電気工学科,前期,金,3,133,駿河台校舎,英語ⅢA
電子工学科,前期,金,3,133,駿河台校舎,英語ⅢA
物質応用化学科,前期,金,3,133,駿河台校舎,英語ⅢA
物理学科,前期,金,3,133,駿河台校舎,英語ⅢA
数学科,前期,金,3,133,駿河台校舎,英語ⅢA
まちづくり工学科,前期,金,3,133,駿河台校舎,英語ⅢA
応用情報工学科,前期,金,3,133,駿河台校舎,英語ⅢA
一般教育,前期,金,3,133,駿河台校舎,英語ⅢA
まちづくり工学科,前期,金,3,134,駿河台校舎,都市・地域防災論
土木工学科,前期,金,3,141,駿河台校舎,コンクリート構造設計演習 {1}
機械工学科,前期,金,3,142,駿河台校舎,機械要素Ⅰ {A}
まちづくり工学科,前期,金,3,143,駿河台校舎,住宅・都市のユニバーサルデザイン
土木工学科,前期,金,3,144,駿河台校舎,建設材料 {2}
土木工学科,前期,金,3,151,駿河台校舎,マネジメント概論 {1}
電気工学科,前期,金,3,1511電気実験室,駿河台校舎,電気工学実験Ⅰ {A}↓連続２時限
電気工学科,前期,金,3,1511電気実験室,駿河台校舎,電気電子工学実験 {B}↓連続２時限
物理学科,前期,金,3,152,駿河台校舎,物理数学演習↓連続２時限
土木工学科,前期,金,3,154,駿河台校舎,上下水道工学 {2}
機械工学科,前期,金,3,751,駿河台校舎,機械設計製図ⅡA {B}↓連続２時限
機械工学科,前期,金,3,752,駿河台校舎,機械設計製図ⅡA {B}↓連続２時限
電気工学科,前期,金,3,805A,駿河台校舎,電気工学実験Ⅱ {A}↓連続２時限
電気工学科,前期,金,3,805A,駿河台校舎,回路デザイン実験 {B}↓連続２時限
電気工学科,前期,金,3,811,駿河台校舎,電気工学実験Ⅱ {A}↓連続２時限
電気工学科,前期,金,3,811,駿河台校舎,回路デザイン実験 {B}↓連続２時限
電気工学科,前期,金,3,812,駿河台校舎,電気工学実験Ⅱ {A}↓連続２時限
電気工学科,前期,金,3,812,駿河台校舎,回路デザイン実験 {B}↓連続２時限
物質応用化学科,前期,金,3,841,駿河台校舎,専門化学実験Ⅴ↓連続３時限
物質応用化学科,前期,金,3,843,駿河台校舎,専門化学実験Ⅴ↓連続３時限
物質応用化学科,前期,金,3,851,駿河台校舎,環境化学Ⅰ {B}
物質応用化学科,前期,金,3,852,駿河台校舎,有機化学Ⅰ {A}
建築学科,前期,金,3,スタジオ（S701,駿河台校舎,建築設計Ⅲ {2}↓連続３時限
数学科,前期,金,4,S101,タワースコラ,数学入門Ｃ
物理学科,前期,金,4,S201,タワースコラ,量子力学演習↓連続２時限
数学科,前期,金,4,S202,タワースコラ,解析学及び演習A↓連続２時限
建築学科,前期,金,4,S204,タワースコラ,数理統計学Ⅰ
建築学科,前期,金,4,S301,タワースコラ,構造力学演習Ⅲ {1}
物質応用化学科,前期,金,4,S302,タワースコラ,専門化学実験Ⅴ↓連続３時限
土木工学科,前期,金,4,S304,タワースコラ,資源循環学
土木工学専攻,前期,金,4,S305,タワースコラ,地震応答解析法
機械工学科,前期,金,4,S401,タワースコラ,電気の基礎Ⅱ
機械工学専攻,前期,金,4,S402,タワースコラ,機械材料Ⅰ
物理学科,前期,金,4,S404,タワースコラ,量子力学演習↓連続２時限
建築学専攻,前期,金,4,S406,タワースコラ,建築環境工学特論Ⅰ
建築学専攻,前期,金,4,S407,タワースコラ,構造動力学特論Ⅰ ｻﾃﾗｲﾄ
物理学科,前期,金,4,S504,タワースコラ,物理数学演習↓連続２時限
物理学科,前期,金,4,S505,タワースコラ,物理数学演習↓連続２時限
数学専攻,前期,金,4,S601,タワースコラ,確率及び統計学特論A
電気工学専攻,前期,金,4,S602,タワースコラ,量子エレクトロニクス {共同開講}
電子工学専攻,前期,金,4,S602,タワースコラ,量子エレクトロニクス {同時開講}
土木工学専攻,前期,金,4,S603,タワースコラ,地盤工学特論
建築学科,前期,金,4,S702,タワースコラ,建築設計Ⅲ {2}↓連続３時限
建築学科,前期,金,4,S705）,タワースコラ,建築設計Ⅲ {2}↓連続３時限
土木工学科,前期,金,4,1011,船橋校舎,英語ⅡA
交通システム工学科,前期,金,4,1011,船橋校舎,英語ⅡA
交通システム工学科,前期,金,4,1011,船橋校舎,英語ⅡA
建築学科,前期,金,4,1011,船橋校舎,英語ⅡA
海洋建築工学科,前期,金,4,1011,船橋校舎,英語ⅡA
機械工学科,前期,金,4,1011,船橋校舎,英語ⅡA
精密機械工学科,前期,金,4,1011,船橋校舎,英語ⅡA
航空宇宙工学科,前期,金,4,1011,船橋校舎,英語ⅡA
電気工学科,前期,金,4,1011,船橋校舎,英語ⅡA
電子工学科,前期,金,4,1011,船橋校舎,英語ⅡA
物質応用化学科,前期,金,4,1011,船橋校舎,英語ⅡA
物理学科,前期,金,4,1011,船橋校舎,英語ⅡA
数学科,前期,金,4,1011,船橋校舎,英語ⅡA
まちづくり工学科,前期,金,4,1011,船橋校舎,英語ⅡA
応用情報工学科,前期,金,4,1011,船橋校舎,英語ⅡA
一般教育,前期,金,4,1011,船橋校舎,英語ⅡA
土木工学科,前期,金,4,1012,船橋校舎,英語ⅡA
交通システム工学科,前期,金,4,1012,船橋校舎,英語ⅡA
交通システム工学科,前期,金,4,1012,船橋校舎,英語ⅡA
建築学科,前期,金,4,1012,船橋校舎,英語ⅡA
海洋建築工学科,前期,金,4,1012,船橋校舎,英語ⅡA
機械工学科,前期,金,4,1012,船橋校舎,英語ⅡA
精密機械工学科,前期,金,4,1012,船橋校舎,英語ⅡA
航空宇宙工学科,前期,金,4,1012,船橋校舎,英語ⅡA
電気工学科,前期,金,4,1012,船橋校舎,英語ⅡA
電子工学科,前期,金,4,1012,船橋校舎,英語ⅡA
物質応用化学科,前期,金,4,1012,船橋校舎,英語ⅡA
物理学科,前期,金,4,1012,船橋校舎,英語ⅡA
数学科,前期,金,4,1012,船橋校舎,英語ⅡA
まちづくり工学科,前期,金,4,1012,船橋校舎,英語ⅡA
応用情報工学科,前期,金,4,1012,船橋校舎,英語ⅡA
一般教育,前期,金,4,1012,船橋校舎,英語ⅡA
土木工学科,前期,金,4,1013,船橋校舎,英語ⅡA
交通システム工学科,前期,金,4,1013,船橋校舎,英語ⅡA
交通システム工学科,前期,金,4,1013,船橋校舎,英語ⅡA
建築学科,前期,金,4,1013,船橋校舎,英語ⅡA
海洋建築工学科,前期,金,4,1013,船橋校舎,英語ⅡA
機械工学科,前期,金,4,1013,船橋校舎,英語ⅡA
精密機械工学科,前期,金,4,1013,船橋校舎,英語ⅡA
航空宇宙工学科,前期,金,4,1013,船橋校舎,英語ⅡA
電気工学科,前期,金,4,1013,船橋校舎,英語ⅡA
電子工学科,前期,金,4,1013,船橋校舎,英語ⅡA
物質応用化学科,前期,金,4,1013,船橋校舎,英語ⅡA
物理学科,前期,金,4,1013,船橋校舎,英語ⅡA
数学科,前期,金,4,1013,船橋校舎,英語ⅡA
まちづくり工学科,前期,金,4,1013,船橋校舎,英語ⅡA
応用情報工学科,前期,金,4,1013,船橋校舎,英語ⅡA
一般教育,前期,金,4,1013,船橋校舎,英語ⅡA
土木工学科,前期,金,4,1021,船橋校舎,英語ⅡA
交通システム工学科,前期,金,4,1021,船橋校舎,英語ⅡA
交通システム工学科,前期,金,4,1021,船橋校舎,英語ⅡA
建築学科,前期,金,4,1021,船橋校舎,英語ⅡA
海洋建築工学科,前期,金,4,1021,船橋校舎,英語ⅡA
機械工学科,前期,金,4,1021,船橋校舎,英語ⅡA
精密機械工学科,前期,金,4,1021,船橋校舎,英語ⅡA
航空宇宙工学科,前期,金,4,1021,船橋校舎,英語ⅡA
電気工学科,前期,金,4,1021,船橋校舎,英語ⅡA
電子工学科,前期,金,4,1021,船橋校舎,英語ⅡA
物質応用化学科,前期,金,4,1021,船橋校舎,英語ⅡA
物理学科,前期,金,4,1021,船橋校舎,英語ⅡA
数学科,前期,金,4,1021,船橋校舎,英語ⅡA
まちづくり工学科,前期,金,4,1021,船橋校舎,英語ⅡA
応用情報工学科,前期,金,4,1021,船橋校舎,英語ⅡA
一般教育,前期,金,4,1021,船橋校舎,英語ⅡA
土木工学科,前期,金,4,1022,船橋校舎,英語ⅡA
交通システム工学科,前期,金,4,1022,船橋校舎,英語ⅡA
交通システム工学科,前期,金,4,1022,船橋校舎,英語ⅡA
建築学科,前期,金,4,1022,船橋校舎,英語ⅡA
海洋建築工学科,前期,金,4,1022,船橋校舎,英語ⅡA
機械工学科,前期,金,4,1022,船橋校舎,英語ⅡA
精密機械工学科,前期,金,4,1022,船橋校舎,英語ⅡA
航空宇宙工学科,前期,金,4,1022,船橋校舎,英語ⅡA
電気工学科,前期,金,4,1022,船橋校舎,英語ⅡA
電子工学科,前期,金,4,1022,船橋校舎,英語ⅡA
物質応用化学科,前期,金,4,1022,船橋校舎,英語ⅡA
物理学科,前期,金,4,1022,船橋校舎,英語ⅡA
数学科,前期,金,4,1022,船橋校舎,英語ⅡA
まちづくり工学科,前期,金,4,1022,船橋校舎,英語ⅡA
応用情報工学科,前期,金,4,1022,船橋校舎,英語ⅡA
一般教育,前期,金,4,1022,船橋校舎,英語ⅡA
機械工学科,前期,金,4,1023,船橋校舎,物理学Ⅰ {A}
土木工学科,前期,金,4,1032,船橋校舎,中国語Ⅰ
交通システム工学科,前期,金,4,1032,船橋校舎,中国語Ⅰ
交通システム工学科,前期,金,4,1032,船橋校舎,中国語Ⅰ
建築学科,前期,金,4,1032,船橋校舎,中国語Ⅰ
海洋建築工学科,前期,金,4,1032,船橋校舎,中国語Ⅰ
機械工学科,前期,金,4,1032,船橋校舎,中国語Ⅰ
精密機械工学科,前期,金,4,1032,船橋校舎,中国語Ⅰ
航空宇宙工学科,前期,金,4,1032,船橋校舎,中国語Ⅰ
電気工学科,前期,金,4,1032,船橋校舎,中国語Ⅰ
電子工学科,前期,金,4,1032,船橋校舎,中国語Ⅰ
物質応用化学科,前期,金,4,1032,船橋校舎,中国語Ⅰ
物理学科,前期,金,4,1032,船橋校舎,中国語Ⅰ
数学科,前期,金,4,1032,船橋校舎,中国語Ⅰ
まちづくり工学科,前期,金,4,1032,船橋校舎,中国語Ⅰ
応用情報工学科,前期,金,4,1032,船橋校舎,中国語Ⅰ
一般教育,前期,金,4,1032,船橋校舎,中国語Ⅰ
物質応用化学科,前期,金,4,1041,船橋校舎,基礎生命科学 {A}
土木工学科,前期,金,4,1042,船橋校舎,中国語Ⅰ
交通システム工学科,前期,金,4,1042,船橋校舎,中国語Ⅰ
交通システム工学科,前期,金,4,1042,船橋校舎,中国語Ⅰ
建築学科,前期,金,4,1042,船橋校舎,中国語Ⅰ
海洋建築工学科,前期,金,4,1042,船橋校舎,中国語Ⅰ
機械工学科,前期,金,4,1042,船橋校舎,中国語Ⅰ
精密機械工学科,前期,金,4,1042,船橋校舎,中国語Ⅰ
航空宇宙工学科,前期,金,4,1042,船橋校舎,中国語Ⅰ
電気工学科,前期,金,4,1042,船橋校舎,中国語Ⅰ
電子工学科,前期,金,4,1042,船橋校舎,中国語Ⅰ
物質応用化学科,前期,金,4,1042,船橋校舎,中国語Ⅰ
物理学科,前期,金,4,1042,船橋校舎,中国語Ⅰ
数学科,前期,金,4,1042,船橋校舎,中国語Ⅰ
まちづくり工学科,前期,金,4,1042,船橋校舎,中国語Ⅰ
応用情報工学科,前期,金,4,1042,船橋校舎,中国語Ⅰ
一般教育,前期,金,4,1042,船橋校舎,中国語Ⅰ
物質応用化学科,前期,金,4,1043,船橋校舎,基礎物理化学 {B}
土木工学科,前期,金,4,105,船橋校舎,基礎物理学実験 {年間隔週}↓連続２時限【年間隔週】
交通システム工学科,前期,金,4,105,船橋校舎,基礎物理学実験 {年間隔週}↓連続２時限【年間隔週】
交通システム工学科,前期,金,4,105,船橋校舎,基礎物理学実験 {年間隔週}↓連続２時限【年間隔週】
建築学科,前期,金,4,105,船橋校舎,基礎物理学実験 {年間隔週}↓連続２時限【年間隔週】
海洋建築工学科,前期,金,4,105,船橋校舎,基礎物理学実験 {年間隔週}↓連続２時限【年間隔週】
機械工学科,前期,金,4,105,船橋校舎,基礎物理学実験 {年間隔週}↓連続２時限【年間隔週】
精密機械工学科,前期,金,4,105,船橋校舎,基礎物理学実験 {年間隔週}↓連続２時限【年間隔週】
航空宇宙工学科,前期,金,4,105,船橋校舎,基礎物理学実験 {年間隔週}↓連続２時限【年間隔週】
電気工学科,前期,金,4,105,船橋校舎,基礎物理学実験 {年間隔週}↓連続２時限【年間隔週】
電子工学科,前期,金,4,105,船橋校舎,基礎物理学実験 {年間隔週}↓連続２時限【年間隔週】
物質応用化学科,前期,金,4,105,船橋校舎,基礎物理学実験 {年間隔週}↓連続２時限【年間隔週】
物理学科,前期,金,4,105,船橋校舎,基礎物理学実験 {年間隔週}↓連続２時限【年間隔週】
数学科,前期,金,4,105,船橋校舎,基礎物理学実験 {年間隔週}↓連続２時限【年間隔週】
まちづくり工学科,前期,金,4,105,船橋校舎,基礎物理学実験 {年間隔週}↓連続２時限【年間隔週】
応用情報工学科,前期,金,4,105,船橋校舎,基礎物理学実験 {年間隔週}↓連続２時限【年間隔週】
一般教育,前期,金,4,105,船橋校舎,基礎物理学実験 {年間隔週}↓連続２時限【年間隔週】
物理学科,前期,金,4,1122,船橋校舎,物質の構造と状態 {1}
物理学科,前期,金,4,1123,船橋校舎,物質の構造と状態 {2}
土木工学科,前期,金,4,113,船橋校舎,基礎物理学実験 {年間隔週}↓連続２時限【年間隔週】
交通システム工学科,前期,金,4,113,船橋校舎,基礎物理学実験 {年間隔週}↓連続２時限【年間隔週】
交通システム工学科,前期,金,4,113,船橋校舎,基礎物理学実験 {年間隔週}↓連続２時限【年間隔週】
建築学科,前期,金,4,113,船橋校舎,基礎物理学実験 {年間隔週}↓連続２時限【年間隔週】
海洋建築工学科,前期,金,4,113,船橋校舎,基礎物理学実験 {年間隔週}↓連続２時限【年間隔週】
機械工学科,前期,金,4,113,船橋校舎,基礎物理学実験 {年間隔週}↓連続２時限【年間隔週】
精密機械工学科,前期,金,4,113,船橋校舎,基礎物理学実験 {年間隔週}↓連続２時限【年間隔週】
航空宇宙工学科,前期,金,4,113,船橋校舎,基礎物理学実験 {年間隔週}↓連続２時限【年間隔週】
電気工学科,前期,金,4,113,船橋校舎,基礎物理学実験 {年間隔週}↓連続２時限【年間隔週】
電子工学科,前期,金,4,113,船橋校舎,基礎物理学実験 {年間隔週}↓連続２時限【年間隔週】
物質応用化学科,前期,金,4,113,船橋校舎,基礎物理学実験 {年間隔週}↓連続２時限【年間隔週】
物理学科,前期,金,4,113,船橋校舎,基礎物理学実験 {年間隔週}↓連続２時限【年間隔週】
数学科,前期,金,4,113,船橋校舎,基礎物理学実験 {年間隔週}↓連続２時限【年間隔週】
まちづくり工学科,前期,金,4,113,船橋校舎,基礎物理学実験 {年間隔週}↓連続２時限【年間隔週】
応用情報工学科,前期,金,4,113,船橋校舎,基礎物理学実験 {年間隔週}↓連続２時限【年間隔週】
一般教育,前期,金,4,113,船橋校舎,基礎物理学実験 {年間隔週}↓連続２時限【年間隔週】
土木工学科,前期,金,4,1131,船橋校舎,フランス語Ⅰ
交通システム工学科,前期,金,4,1131,船橋校舎,フランス語Ⅰ
交通システム工学科,前期,金,4,1131,船橋校舎,フランス語Ⅰ
建築学科,前期,金,4,1131,船橋校舎,フランス語Ⅰ
海洋建築工学科,前期,金,4,1131,船橋校舎,フランス語Ⅰ
機械工学科,前期,金,4,1131,船橋校舎,フランス語Ⅰ
精密機械工学科,前期,金,4,1131,船橋校舎,フランス語Ⅰ
航空宇宙工学科,前期,金,4,1131,船橋校舎,フランス語Ⅰ
電気工学科,前期,金,4,1131,船橋校舎,フランス語Ⅰ
電子工学科,前期,金,4,1131,船橋校舎,フランス語Ⅰ
物質応用化学科,前期,金,4,1131,船橋校舎,フランス語Ⅰ
物理学科,前期,金,4,1131,船橋校舎,フランス語Ⅰ
数学科,前期,金,4,1131,船橋校舎,フランス語Ⅰ
まちづくり工学科,前期,金,4,1131,船橋校舎,フランス語Ⅰ
応用情報工学科,前期,金,4,1131,船橋校舎,フランス語Ⅰ
一般教育,前期,金,4,1131,船橋校舎,フランス語Ⅰ
精密機械工学科,前期,金,4,1214,船橋校舎,電気電子実験Ⅱ {1}{未来}↓連続２時限
土木工学科,前期,金,4,1231,船橋校舎,ドイツ語Ⅰ
交通システム工学科,前期,金,4,1231,船橋校舎,ドイツ語Ⅰ
交通システム工学科,前期,金,4,1231,船橋校舎,ドイツ語Ⅰ
建築学科,前期,金,4,1231,船橋校舎,ドイツ語Ⅰ
海洋建築工学科,前期,金,4,1231,船橋校舎,ドイツ語Ⅰ
機械工学科,前期,金,4,1231,船橋校舎,ドイツ語Ⅰ
精密機械工学科,前期,金,4,1231,船橋校舎,ドイツ語Ⅰ
航空宇宙工学科,前期,金,4,1231,船橋校舎,ドイツ語Ⅰ
電気工学科,前期,金,4,1231,船橋校舎,ドイツ語Ⅰ
電子工学科,前期,金,4,1231,船橋校舎,ドイツ語Ⅰ
物質応用化学科,前期,金,4,1231,船橋校舎,ドイツ語Ⅰ
物理学科,前期,金,4,1231,船橋校舎,ドイツ語Ⅰ
数学科,前期,金,4,1231,船橋校舎,ドイツ語Ⅰ
まちづくり工学科,前期,金,4,1231,船橋校舎,ドイツ語Ⅰ
応用情報工学科,前期,金,4,1231,船橋校舎,ドイツ語Ⅰ
一般教育,前期,金,4,1231,船橋校舎,ドイツ語Ⅰ
土木工学科,前期,金,4,1232,船橋校舎,ドイツ語Ⅰ
交通システム工学科,前期,金,4,1232,船橋校舎,ドイツ語Ⅰ
交通システム工学科,前期,金,4,1232,船橋校舎,ドイツ語Ⅰ
建築学科,前期,金,4,1232,船橋校舎,ドイツ語Ⅰ
海洋建築工学科,前期,金,4,1232,船橋校舎,ドイツ語Ⅰ
機械工学科,前期,金,4,1232,船橋校舎,ドイツ語Ⅰ
精密機械工学科,前期,金,4,1232,船橋校舎,ドイツ語Ⅰ
航空宇宙工学科,前期,金,4,1232,船橋校舎,ドイツ語Ⅰ
電気工学科,前期,金,4,1232,船橋校舎,ドイツ語Ⅰ
電子工学科,前期,金,4,1232,船橋校舎,ドイツ語Ⅰ
物質応用化学科,前期,金,4,1232,船橋校舎,ドイツ語Ⅰ
物理学科,前期,金,4,1232,船橋校舎,ドイツ語Ⅰ
数学科,前期,金,4,1232,船橋校舎,ドイツ語Ⅰ
まちづくり工学科,前期,金,4,1232,船橋校舎,ドイツ語Ⅰ
応用情報工学科,前期,金,4,1232,船橋校舎,ドイツ語Ⅰ
一般教育,前期,金,4,1232,船橋校舎,ドイツ語Ⅰ
土木工学科,前期,金,4,134,船橋校舎,基礎物理学実験 {年間隔週}↓連続２時限【年間隔週】
交通システム工学科,前期,金,4,134,船橋校舎,基礎物理学実験 {年間隔週}↓連続２時限【年間隔週】
交通システム工学科,前期,金,4,134,船橋校舎,基礎物理学実験 {年間隔週}↓連続２時限【年間隔週】
建築学科,前期,金,4,134,船橋校舎,基礎物理学実験 {年間隔週}↓連続２時限【年間隔週】
海洋建築工学科,前期,金,4,134,船橋校舎,基礎物理学実験 {年間隔週}↓連続２時限【年間隔週】
機械工学科,前期,金,4,134,船橋校舎,基礎物理学実験 {年間隔週}↓連続２時限【年間隔週】
精密機械工学科,前期,金,4,134,船橋校舎,基礎物理学実験 {年間隔週}↓連続２時限【年間隔週】
航空宇宙工学科,前期,金,4,134,船橋校舎,基礎物理学実験 {年間隔週}↓連続２時限【年間隔週】
電気工学科,前期,金,4,134,船橋校舎,基礎物理学実験 {年間隔週}↓連続２時限【年間隔週】
電子工学科,前期,金,4,134,船橋校舎,基礎物理学実験 {年間隔週}↓連続２時限【年間隔週】
物質応用化学科,前期,金,4,134,船橋校舎,基礎物理学実験 {年間隔週}↓連続２時限【年間隔週】
物理学科,前期,金,4,134,船橋校舎,基礎物理学実験 {年間隔週}↓連続２時限【年間隔週】
数学科,前期,金,4,134,船橋校舎,基礎物理学実験 {年間隔週}↓連続２時限【年間隔週】
まちづくり工学科,前期,金,4,134,船橋校舎,基礎物理学実験 {年間隔週}↓連続２時限【年間隔週】
応用情報工学科,前期,金,4,134,船橋校舎,基礎物理学実験 {年間隔週}↓連続２時限【年間隔週】
一般教育,前期,金,4,134,船橋校舎,基礎物理学実験 {年間隔週}↓連続２時限【年間隔週】
海洋建築工学科,前期,金,4,1422,船橋校舎,構造力学及び演習Ⅱ↓連続２時限
海洋建築工学科,前期,金,4,1423,船橋校舎,ウォーターフロント計画Ⅱ
交通システム工学科,前期,金,4,1424,船橋校舎,鋼・コンクリート実験↓連続２時限
交通システム工学科,前期,金,4,1424,船橋校舎,鋼・コンクリート実験↓連続２時限
土木工学科,前期,金,4,143,船橋校舎,基礎物理学実験 {年間隔週}↓連続２時限【年間隔週】
交通システム工学科,前期,金,4,143,船橋校舎,基礎物理学実験 {年間隔週}↓連続２時限【年間隔週】
交通システム工学科,前期,金,4,143,船橋校舎,基礎物理学実験 {年間隔週}↓連続２時限【年間隔週】
建築学科,前期,金,4,143,船橋校舎,基礎物理学実験 {年間隔週}↓連続２時限【年間隔週】
海洋建築工学科,前期,金,4,143,船橋校舎,基礎物理学実験 {年間隔週}↓連続２時限【年間隔週】
機械工学科,前期,金,4,143,船橋校舎,基礎物理学実験 {年間隔週}↓連続２時限【年間隔週】
精密機械工学科,前期,金,4,143,船橋校舎,基礎物理学実験 {年間隔週}↓連続２時限【年間隔週】
航空宇宙工学科,前期,金,4,143,船橋校舎,基礎物理学実験 {年間隔週}↓連続２時限【年間隔週】
電気工学科,前期,金,4,143,船橋校舎,基礎物理学実験 {年間隔週}↓連続２時限【年間隔週】
電子工学科,前期,金,4,143,船橋校舎,基礎物理学実験 {年間隔週}↓連続２時限【年間隔週】
物質応用化学科,前期,金,4,143,船橋校舎,基礎物理学実験 {年間隔週}↓連続２時限【年間隔週】
物理学科,前期,金,4,143,船橋校舎,基礎物理学実験 {年間隔週}↓連続２時限【年間隔週】
数学科,前期,金,4,143,船橋校舎,基礎物理学実験 {年間隔週}↓連続２時限【年間隔週】
まちづくり工学科,前期,金,4,143,船橋校舎,基礎物理学実験 {年間隔週}↓連続２時限【年間隔週】
応用情報工学科,前期,金,4,143,船橋校舎,基礎物理学実験 {年間隔週}↓連続２時限【年間隔週】
一般教育,前期,金,4,143,船橋校舎,基礎物理学実験 {年間隔週}↓連続２時限【年間隔週】
まちづくり工学科,前期,金,4,1431,船橋校舎,まちづくりと職能
航空宇宙工学科,前期,金,4,1432,船橋校舎,航空宇宙材料Ⅱ
応用情報工学科,前期,金,4,1433,船橋校舎,電気物理
建築学科,前期,金,4,1434,船橋校舎,デザイン基礎Ⅰ {2}↓連続３時限
土木工学科,前期,金,4,144,船橋校舎,基礎物理学実験 {年間隔週}↓連続２時限【年間隔週】
交通システム工学科,前期,金,4,144,船橋校舎,基礎物理学実験 {年間隔週}↓連続２時限【年間隔週】
交通システム工学科,前期,金,4,144,船橋校舎,基礎物理学実験 {年間隔週}↓連続２時限【年間隔週】
建築学科,前期,金,4,144,船橋校舎,基礎物理学実験 {年間隔週}↓連続２時限【年間隔週】
海洋建築工学科,前期,金,4,144,船橋校舎,基礎物理学実験 {年間隔週}↓連続２時限【年間隔週】
機械工学科,前期,金,4,144,船橋校舎,基礎物理学実験 {年間隔週}↓連続２時限【年間隔週】
精密機械工学科,前期,金,4,144,船橋校舎,基礎物理学実験 {年間隔週}↓連続２時限【年間隔週】
航空宇宙工学科,前期,金,4,144,船橋校舎,基礎物理学実験 {年間隔週}↓連続２時限【年間隔週】
電気工学科,前期,金,4,144,船橋校舎,基礎物理学実験 {年間隔週}↓連続２時限【年間隔週】
電子工学科,前期,金,4,144,船橋校舎,基礎物理学実験 {年間隔週}↓連続２時限【年間隔週】
物質応用化学科,前期,金,4,144,船橋校舎,基礎物理学実験 {年間隔週}↓連続２時限【年間隔週】
物理学科,前期,金,4,144,船橋校舎,基礎物理学実験 {年間隔週}↓連続２時限【年間隔週】
数学科,前期,金,4,144,船橋校舎,基礎物理学実験 {年間隔週}↓連続２時限【年間隔週】
まちづくり工学科,前期,金,4,144,船橋校舎,基礎物理学実験 {年間隔週}↓連続２時限【年間隔週】
応用情報工学科,前期,金,4,144,船橋校舎,基礎物理学実験 {年間隔週}↓連続２時限【年間隔週】
一般教育,前期,金,4,144,船橋校舎,基礎物理学実験 {年間隔週}↓連続２時限【年間隔週】
電気工学科,前期,金,4,1441,船橋校舎,線形代数学Ⅰ {A}
電気工学科,前期,金,4,1442,船橋校舎,線形代数学Ⅰ {B}
機械工学科,前期,金,4,1444,船橋校舎,物理学Ⅰ {B}
海洋建築工学専攻,前期,金,4,1458,船橋校舎,海洋建築構造工学特論Ⅰ(構造システム工学)
建築学科,前期,金,4,14号館製図室,船橋校舎,デザイン基礎Ⅰ {2}↓連続３時限
応用情報工学科,前期,金,4,241,船橋校舎,プロジェクト実習↓連続２時限
土木工学科,前期,金,4,341,船橋校舎,基礎化学実験 {年間隔週}↓連続２時限【年間隔週】
交通システム工学科,前期,金,4,341,船橋校舎,基礎化学実験 {年間隔週}↓連続２時限【年間隔週】
交通システム工学科,前期,金,4,341,船橋校舎,基礎化学実験 {年間隔週}↓連続２時限【年間隔週】
建築学科,前期,金,4,341,船橋校舎,基礎化学実験 {年間隔週}↓連続２時限【年間隔週】
海洋建築工学科,前期,金,4,341,船橋校舎,基礎化学実験 {年間隔週}↓連続２時限【年間隔週】
機械工学科,前期,金,4,341,船橋校舎,基礎化学実験 {年間隔週}↓連続２時限【年間隔週】
精密機械工学科,前期,金,4,341,船橋校舎,基礎化学実験 {年間隔週}↓連続２時限【年間隔週】
航空宇宙工学科,前期,金,4,341,船橋校舎,基礎化学実験 {年間隔週}↓連続２時限【年間隔週】
電気工学科,前期,金,4,341,船橋校舎,基礎化学実験 {年間隔週}↓連続２時限【年間隔週】
電子工学科,前期,金,4,341,船橋校舎,基礎化学実験 {年間隔週}↓連続２時限【年間隔週】
物質応用化学科,前期,金,4,341,船橋校舎,基礎化学実験 {年間隔週}↓連続２時限【年間隔週】
物理学科,前期,金,4,341,船橋校舎,基礎化学実験 {年間隔週}↓連続２時限【年間隔週】
数学科,前期,金,4,341,船橋校舎,基礎化学実験 {年間隔週}↓連続２時限【年間隔週】
まちづくり工学科,前期,金,4,341,船橋校舎,基礎化学実験 {年間隔週}↓連続２時限【年間隔週】
応用情報工学科,前期,金,4,341,船橋校舎,基礎化学実験 {年間隔週}↓連続２時限【年間隔週】
一般教育,前期,金,4,341,船橋校舎,基礎化学実験 {年間隔週}↓連続２時限【年間隔週】
土木工学科,前期,金,4,342,船橋校舎,基礎化学実験 {年間隔週}↓連続２時限【年間隔週】
交通システム工学科,前期,金,4,342,船橋校舎,基礎化学実験 {年間隔週}↓連続２時限【年間隔週】
交通システム工学科,前期,金,4,342,船橋校舎,基礎化学実験 {年間隔週}↓連続２時限【年間隔週】
建築学科,前期,金,4,342,船橋校舎,基礎化学実験 {年間隔週}↓連続２時限【年間隔週】
海洋建築工学科,前期,金,4,342,船橋校舎,基礎化学実験 {年間隔週}↓連続２時限【年間隔週】
機械工学科,前期,金,4,342,船橋校舎,基礎化学実験 {年間隔週}↓連続２時限【年間隔週】
精密機械工学科,前期,金,4,342,船橋校舎,基礎化学実験 {年間隔週}↓連続２時限【年間隔週】
航空宇宙工学科,前期,金,4,342,船橋校舎,基礎化学実験 {年間隔週}↓連続２時限【年間隔週】
電気工学科,前期,金,4,342,船橋校舎,基礎化学実験 {年間隔週}↓連続２時限【年間隔週】
電子工学科,前期,金,4,342,船橋校舎,基礎化学実験 {年間隔週}↓連続２時限【年間隔週】
物質応用化学科,前期,金,4,342,船橋校舎,基礎化学実験 {年間隔週}↓連続２時限【年間隔週】
物理学科,前期,金,4,342,船橋校舎,基礎化学実験 {年間隔週}↓連続２時限【年間隔週】
数学科,前期,金,4,342,船橋校舎,基礎化学実験 {年間隔週}↓連続２時限【年間隔週】
まちづくり工学科,前期,金,4,342,船橋校舎,基礎化学実験 {年間隔週}↓連続２時限【年間隔週】
応用情報工学科,前期,金,4,342,船橋校舎,基礎化学実験 {年間隔週}↓連続２時限【年間隔週】
一般教育,前期,金,4,342,船橋校舎,基礎化学実験 {年間隔週}↓連続２時限【年間隔週】
電子工学科,前期,金,4,443,船橋校舎,半導体デバイス工学
航空宇宙工学科,前期,金,4,633,船橋校舎,設計製図Ⅰ {未来}↓連続２時限
航空宇宙工学科,前期,金,4,641,船橋校舎,設計製図Ⅰ {未来}↓連続２時限
航空宇宙工学科,前期,金,4,642,船橋校舎,設計製図Ⅰ {未来}↓連続２時限
航空宇宙工学科,前期,金,4,644,船橋校舎,設計製図Ⅰ {未来}↓連続２時限
交通システム工学科,前期,金,4,704,船橋校舎,鋼・コンクリート実験↓連続２時限
交通システム工学科,前期,金,4,704,船橋校舎,鋼・コンクリート実験↓連続２時限
精密機械工学科,前期,金,4,741,船橋校舎,電気電子実験Ⅱ {1}{未来}↓連続２時限
土木工学科,前期,金,4,819,船橋校舎,基礎化学実験 {年間隔週}↓連続２時限【年間隔週】
交通システム工学科,前期,金,4,819,船橋校舎,基礎化学実験 {年間隔週}↓連続２時限【年間隔週】
交通システム工学科,前期,金,4,819,船橋校舎,基礎化学実験 {年間隔週}↓連続２時限【年間隔週】
建築学科,前期,金,4,819,船橋校舎,基礎化学実験 {年間隔週}↓連続２時限【年間隔週】
海洋建築工学科,前期,金,4,819,船橋校舎,基礎化学実験 {年間隔週}↓連続２時限【年間隔週】
機械工学科,前期,金,4,819,船橋校舎,基礎化学実験 {年間隔週}↓連続２時限【年間隔週】
精密機械工学科,前期,金,4,819,船橋校舎,基礎化学実験 {年間隔週}↓連続２時限【年間隔週】
航空宇宙工学科,前期,金,4,819,船橋校舎,基礎化学実験 {年間隔週}↓連続２時限【年間隔週】
電気工学科,前期,金,4,819,船橋校舎,基礎化学実験 {年間隔週}↓連続２時限【年間隔週】
電子工学科,前期,金,4,819,船橋校舎,基礎化学実験 {年間隔週}↓連続２時限【年間隔週】
物質応用化学科,前期,金,4,819,船橋校舎,基礎化学実験 {年間隔週}↓連続２時限【年間隔週】
物理学科,前期,金,4,819,船橋校舎,基礎化学実験 {年間隔週}↓連続２時限【年間隔週】
数学科,前期,金,4,819,船橋校舎,基礎化学実験 {年間隔週}↓連続２時限【年間隔週】
まちづくり工学科,前期,金,4,819,船橋校舎,基礎化学実験 {年間隔週}↓連続２時限【年間隔週】
応用情報工学科,前期,金,4,819,船橋校舎,基礎化学実験 {年間隔週}↓連続２時限【年間隔週】
一般教育,前期,金,4,819,船橋校舎,基礎化学実験 {年間隔週}↓連続２時限【年間隔週】
土木工学科,前期,金,4,826,船橋校舎,基礎化学実験 {年間隔週}↓連続２時限【年間隔週】
交通システム工学科,前期,金,4,826,船橋校舎,基礎化学実験 {年間隔週}↓連続２時限【年間隔週】
交通システム工学科,前期,金,4,826,船橋校舎,基礎化学実験 {年間隔週}↓連続２時限【年間隔週】
建築学科,前期,金,4,826,船橋校舎,基礎化学実験 {年間隔週}↓連続２時限【年間隔週】
海洋建築工学科,前期,金,4,826,船橋校舎,基礎化学実験 {年間隔週}↓連続２時限【年間隔週】
機械工学科,前期,金,4,826,船橋校舎,基礎化学実験 {年間隔週}↓連続２時限【年間隔週】
精密機械工学科,前期,金,4,826,船橋校舎,基礎化学実験 {年間隔週}↓連続２時限【年間隔週】
航空宇宙工学科,前期,金,4,826,船橋校舎,基礎化学実験 {年間隔週}↓連続２時限【年間隔週】
電気工学科,前期,金,4,826,船橋校舎,基礎化学実験 {年間隔週}↓連続２時限【年間隔週】
電子工学科,前期,金,4,826,船橋校舎,基礎化学実験 {年間隔週}↓連続２時限【年間隔週】
物質応用化学科,前期,金,4,826,船橋校舎,基礎化学実験 {年間隔週}↓連続２時限【年間隔週】
物理学科,前期,金,4,826,船橋校舎,基礎化学実験 {年間隔週}↓連続２時限【年間隔週】
数学科,前期,金,4,826,船橋校舎,基礎化学実験 {年間隔週}↓連続２時限【年間隔週】
まちづくり工学科,前期,金,4,826,船橋校舎,基礎化学実験 {年間隔週}↓連続２時限【年間隔週】
応用情報工学科,前期,金,4,826,船橋校舎,基礎化学実験 {年間隔週}↓連続２時限【年間隔週】
一般教育,前期,金,4,826,船橋校舎,基礎化学実験 {年間隔週}↓連続２時限【年間隔週】
土木工学科,前期,金,4,829,船橋校舎,基礎化学実験 {年間隔週}↓連続２時限【年間隔週】
交通システム工学科,前期,金,4,829,船橋校舎,基礎化学実験 {年間隔週}↓連続２時限【年間隔週】
交通システム工学科,前期,金,4,829,船橋校舎,基礎化学実験 {年間隔週}↓連続２時限【年間隔週】
建築学科,前期,金,4,829,船橋校舎,基礎化学実験 {年間隔週}↓連続２時限【年間隔週】
海洋建築工学科,前期,金,4,829,船橋校舎,基礎化学実験 {年間隔週}↓連続２時限【年間隔週】
機械工学科,前期,金,4,829,船橋校舎,基礎化学実験 {年間隔週}↓連続２時限【年間隔週】
精密機械工学科,前期,金,4,829,船橋校舎,基礎化学実験 {年間隔週}↓連続２時限【年間隔週】
航空宇宙工学科,前期,金,4,829,船橋校舎,基礎化学実験 {年間隔週}↓連続２時限【年間隔週】
電気工学科,前期,金,4,829,船橋校舎,基礎化学実験 {年間隔週}↓連続２時限【年間隔週】
電子工学科,前期,金,4,829,船橋校舎,基礎化学実験 {年間隔週}↓連続２時限【年間隔週】
物質応用化学科,前期,金,4,829,船橋校舎,基礎化学実験 {年間隔週}↓連続２時限【年間隔週】
物理学科,前期,金,4,829,船橋校舎,基礎化学実験 {年間隔週}↓連続２時限【年間隔週】
数学科,前期,金,4,829,船橋校舎,基礎化学実験 {年間隔週}↓連続２時限【年間隔週】
まちづくり工学科,前期,金,4,829,船橋校舎,基礎化学実験 {年間隔週}↓連続２時限【年間隔週】
応用情報工学科,前期,金,4,829,船橋校舎,基礎化学実験 {年間隔週}↓連続２時限【年間隔週】
一般教育,前期,金,4,829,船橋校舎,基礎化学実験 {年間隔週}↓連続２時限【年間隔週】
交通システム工学科,前期,金,4,測量実習ｾﾝﾀｰ(演習室AB),船橋校舎,測量実習↓連続２時限【年間】
交通システム工学科,前期,金,4,測量実習ｾﾝﾀｰ(演習室AB),船橋校舎,測量実習↓連続２時限【年間】
交通システム工学科,前期,金,4,社会基盤工学系実験室,船橋校舎,鋼・コンクリート実験↓連続２時限
交通システム工学科,前期,金,4,社会基盤工学系実験室,船橋校舎,鋼・コンクリート実験↓連続２時限
精密機械工学科,前期,金,4,精密実験実験室,船橋校舎,電気電子実験Ⅱ {1}{未来}↓連続２時限
精密機械工学科,前期,金,4,精密実験実験室,船橋校舎,機械実験Ⅱ {2}{未来}↓連続２時限
物理学科,前期,金,4,0000,駿河台校舎,物理学実験Ⅰ {未来}↓連続２時限
物理学科,前期,金,4,0000,駿河台校舎,物理学実験Ⅱ {未来}↓連続２時限
物理学科,前期,金,4,0000,駿河台校舎,物理学実験Ⅲ {未来}↓連続２時限
物理学科,前期,金,4,131,駿河台校舎,量子力学演習↓連続２時限
物理学科,前期,金,4,132,駿河台校舎,量子力学演習↓連続２時限
まちづくり工学科,前期,金,4,134,駿河台校舎,まちづくり関連法規
まちづくり工学科,前期,金,4,143,駿河台校舎,まちづくり技術の実践
土木工学科,前期,金,4,144,駿河台校舎,マネジメント概論 {2}
土木工学科,前期,金,4,151,駿河台校舎,建設材料 {1}
電気工学科,前期,金,4,1511電気実験室,駿河台校舎,電気工学実験Ⅰ {A}↓連続２時限
電気工学科,前期,金,4,1511電気実験室,駿河台校舎,電気電子工学実験 {B}↓連続２時限
物理学科,前期,金,4,152,駿河台校舎,物理数学演習↓連続２時限
機械工学科,前期,金,4,751,駿河台校舎,機械設計製図ⅡA {B}↓連続２時限
機械工学科,前期,金,4,752,駿河台校舎,機械設計製図ⅡA {B}↓連続２時限
電気工学科,前期,金,4,805A,駿河台校舎,電気工学実験Ⅱ {A}↓連続２時限
電気工学科,前期,金,4,805A,駿河台校舎,回路デザイン実験 {B}↓連続２時限
電気工学科,前期,金,4,811,駿河台校舎,電気工学実験Ⅱ {A}↓連続２時限
電気工学科,前期,金,4,811,駿河台校舎,回路デザイン実験 {B}↓連続２時限
電気工学科,前期,金,4,812,駿河台校舎,電気工学実験Ⅱ {A}↓連続２時限
電気工学科,前期,金,4,812,駿河台校舎,回路デザイン実験 {B}↓連続２時限
物質応用化学科,前期,金,4,841,駿河台校舎,専門化学実験Ⅴ↓連続３時限
物質応用化学科,前期,金,4,843,駿河台校舎,専門化学実験Ⅴ↓連続３時限
物質応用化学科,前期,金,4,851,駿河台校舎,有機化学Ⅰ {B}
物質応用化学科,前期,金,4,852,駿河台校舎,環境化学Ⅰ {A}
建築学科,前期,金,4,スタジオ（S701,駿河台校舎,建築設計Ⅲ {2}↓連続３時限
一般教育,前期,金,5,S202,タワースコラ,教養基礎ゼミナール {python}
機械工学専攻,前期,金,5,S203,タワースコラ,応用数学Ⅰ
一般教育,前期,金,5,S204,タワースコラ,線形代数学Ⅰ
土木工学科,前期,金,5,S301,タワースコラ,力学の基礎Ⅰ及び演習 {再履修}↓連続２時限
物質応用化学科,前期,金,5,S302,タワースコラ,専門化学実験Ⅴ↓連続３時限
土木工学科,前期,金,5,S303,タワースコラ,力学の基礎Ⅰ及び演習 {再履修}↓連続２時限
土木工学科,前期,金,5,S304,タワースコラ,海岸施設の設計と管理
土木工学専攻,前期,金,5,S305,タワースコラ,風工学特論
一般教育,前期,金,5,S306,タワースコラ,教）技術科教育法Ⅲ
機械工学科,前期,金,5,S401,タワースコラ,ｴﾝｼﾞﾆｱﾘﾝｸﾞｱﾅﾘｼｽ
建築学専攻,前期,金,5,S403,タワースコラ,建築構造設計演習↓連続２時限
土木工学科,前期,金,5,S404,タワースコラ,測量学Ⅰ {再履修}
一般教育,前期,金,5,S405,タワースコラ,教）地学概論
物理学専攻,前期,金,5,S406,タワースコラ,低温物理学特論
物理学専攻,前期,金,5,S407,タワースコラ,生物物理学特論Ⅱ
一般教育,前期,金,5,S501,タワースコラ,教）情報科教育法Ⅰ
電気工学専攻,前期,金,5,S602,タワースコラ,エネルギー環境工学特論 ＊
一般教育,前期,金,5,S603,タワースコラ,学）博物館情報・メディア論
土木工学科,前期,金,5,1011,船橋校舎,英語ⅠA
土木工学科,前期,金,5,1012,船橋校舎,英語ⅠA
土木工学科,前期,金,5,1013,船橋校舎,英語ⅠA
土木工学科,前期,金,5,1021,船橋校舎,英語ⅠA
土木工学科,前期,金,5,1023,船橋校舎,中国語Ⅰ
交通システム工学科,前期,金,5,1023,船橋校舎,中国語Ⅰ
交通システム工学科,前期,金,5,1023,船橋校舎,中国語Ⅰ
建築学科,前期,金,5,1023,船橋校舎,中国語Ⅰ
海洋建築工学科,前期,金,5,1023,船橋校舎,中国語Ⅰ
機械工学科,前期,金,5,1023,船橋校舎,中国語Ⅰ
精密機械工学科,前期,金,5,1023,船橋校舎,中国語Ⅰ
航空宇宙工学科,前期,金,5,1023,船橋校舎,中国語Ⅰ
電気工学科,前期,金,5,1023,船橋校舎,中国語Ⅰ
電子工学科,前期,金,5,1023,船橋校舎,中国語Ⅰ
物質応用化学科,前期,金,5,1023,船橋校舎,中国語Ⅰ
物理学科,前期,金,5,1023,船橋校舎,中国語Ⅰ
数学科,前期,金,5,1023,船橋校舎,中国語Ⅰ
まちづくり工学科,前期,金,5,1023,船橋校舎,中国語Ⅰ
応用情報工学科,前期,金,5,1023,船橋校舎,中国語Ⅰ
一般教育,前期,金,5,1023,船橋校舎,中国語Ⅰ
土木工学科,前期,金,5,1031,船橋校舎,英語ⅠA
土木工学科,前期,金,5,1032,船橋校舎,中国語Ⅰ
交通システム工学科,前期,金,5,1032,船橋校舎,中国語Ⅰ
交通システム工学科,前期,金,5,1032,船橋校舎,中国語Ⅰ
建築学科,前期,金,5,1032,船橋校舎,中国語Ⅰ
海洋建築工学科,前期,金,5,1032,船橋校舎,中国語Ⅰ
機械工学科,前期,金,5,1032,船橋校舎,中国語Ⅰ
精密機械工学科,前期,金,5,1032,船橋校舎,中国語Ⅰ
航空宇宙工学科,前期,金,5,1032,船橋校舎,中国語Ⅰ
電気工学科,前期,金,5,1032,船橋校舎,中国語Ⅰ
電子工学科,前期,金,5,1032,船橋校舎,中国語Ⅰ
物質応用化学科,前期,金,5,1032,船橋校舎,中国語Ⅰ
物理学科,前期,金,5,1032,船橋校舎,中国語Ⅰ
数学科,前期,金,5,1032,船橋校舎,中国語Ⅰ
まちづくり工学科,前期,金,5,1032,船橋校舎,中国語Ⅰ
応用情報工学科,前期,金,5,1032,船橋校舎,中国語Ⅰ
一般教育,前期,金,5,1032,船橋校舎,中国語Ⅰ
土木工学科,前期,金,5,1042,船橋校舎,中国語Ⅰ
交通システム工学科,前期,金,5,1042,船橋校舎,中国語Ⅰ
交通システム工学科,前期,金,5,1042,船橋校舎,中国語Ⅰ
建築学科,前期,金,5,1042,船橋校舎,中国語Ⅰ
海洋建築工学科,前期,金,5,1042,船橋校舎,中国語Ⅰ
機械工学科,前期,金,5,1042,船橋校舎,中国語Ⅰ
精密機械工学科,前期,金,5,1042,船橋校舎,中国語Ⅰ
航空宇宙工学科,前期,金,5,1042,船橋校舎,中国語Ⅰ
電気工学科,前期,金,5,1042,船橋校舎,中国語Ⅰ
電子工学科,前期,金,5,1042,船橋校舎,中国語Ⅰ
物質応用化学科,前期,金,5,1042,船橋校舎,中国語Ⅰ
物理学科,前期,金,5,1042,船橋校舎,中国語Ⅰ
数学科,前期,金,5,1042,船橋校舎,中国語Ⅰ
まちづくり工学科,前期,金,5,1042,船橋校舎,中国語Ⅰ
応用情報工学科,前期,金,5,1042,船橋校舎,中国語Ⅰ
一般教育,前期,金,5,1042,船橋校舎,中国語Ⅰ
土木工学科,前期,金,5,1131,船橋校舎,フランス語Ⅰ
交通システム工学科,前期,金,5,1131,船橋校舎,フランス語Ⅰ
交通システム工学科,前期,金,5,1131,船橋校舎,フランス語Ⅰ
建築学科,前期,金,5,1131,船橋校舎,フランス語Ⅰ
海洋建築工学科,前期,金,5,1131,船橋校舎,フランス語Ⅰ
機械工学科,前期,金,5,1131,船橋校舎,フランス語Ⅰ
精密機械工学科,前期,金,5,1131,船橋校舎,フランス語Ⅰ
航空宇宙工学科,前期,金,5,1131,船橋校舎,フランス語Ⅰ
電気工学科,前期,金,5,1131,船橋校舎,フランス語Ⅰ
電子工学科,前期,金,5,1131,船橋校舎,フランス語Ⅰ
物質応用化学科,前期,金,5,1131,船橋校舎,フランス語Ⅰ
物理学科,前期,金,5,1131,船橋校舎,フランス語Ⅰ
数学科,前期,金,5,1131,船橋校舎,フランス語Ⅰ
まちづくり工学科,前期,金,5,1131,船橋校舎,フランス語Ⅰ
応用情報工学科,前期,金,5,1131,船橋校舎,フランス語Ⅰ
一般教育,前期,金,5,1131,船橋校舎,フランス語Ⅰ
一般教育,前期,金,5,1132,船橋校舎,現代物理学 {III群}
土木工学科,前期,金,5,1231,船橋校舎,ドイツ語Ⅰ
交通システム工学科,前期,金,5,1231,船橋校舎,ドイツ語Ⅰ
交通システム工学科,前期,金,5,1231,船橋校舎,ドイツ語Ⅰ
建築学科,前期,金,5,1231,船橋校舎,ドイツ語Ⅰ
海洋建築工学科,前期,金,5,1231,船橋校舎,ドイツ語Ⅰ
機械工学科,前期,金,5,1231,船橋校舎,ドイツ語Ⅰ
精密機械工学科,前期,金,5,1231,船橋校舎,ドイツ語Ⅰ
航空宇宙工学科,前期,金,5,1231,船橋校舎,ドイツ語Ⅰ
電気工学科,前期,金,5,1231,船橋校舎,ドイツ語Ⅰ
電子工学科,前期,金,5,1231,船橋校舎,ドイツ語Ⅰ
物質応用化学科,前期,金,5,1231,船橋校舎,ドイツ語Ⅰ
物理学科,前期,金,5,1231,船橋校舎,ドイツ語Ⅰ
数学科,前期,金,5,1231,船橋校舎,ドイツ語Ⅰ
まちづくり工学科,前期,金,5,1231,船橋校舎,ドイツ語Ⅰ
応用情報工学科,前期,金,5,1231,船橋校舎,ドイツ語Ⅰ
一般教育,前期,金,5,1231,船橋校舎,ドイツ語Ⅰ
土木工学科,前期,金,5,1232,船橋校舎,ドイツ語Ⅰ
交通システム工学科,前期,金,5,1232,船橋校舎,ドイツ語Ⅰ
交通システム工学科,前期,金,5,1232,船橋校舎,ドイツ語Ⅰ
建築学科,前期,金,5,1232,船橋校舎,ドイツ語Ⅰ
海洋建築工学科,前期,金,5,1232,船橋校舎,ドイツ語Ⅰ
機械工学科,前期,金,5,1232,船橋校舎,ドイツ語Ⅰ
精密機械工学科,前期,金,5,1232,船橋校舎,ドイツ語Ⅰ
航空宇宙工学科,前期,金,5,1232,船橋校舎,ドイツ語Ⅰ
電気工学科,前期,金,5,1232,船橋校舎,ドイツ語Ⅰ
電子工学科,前期,金,5,1232,船橋校舎,ドイツ語Ⅰ
物質応用化学科,前期,金,5,1232,船橋校舎,ドイツ語Ⅰ
物理学科,前期,金,5,1232,船橋校舎,ドイツ語Ⅰ
数学科,前期,金,5,1232,船橋校舎,ドイツ語Ⅰ
まちづくり工学科,前期,金,5,1232,船橋校舎,ドイツ語Ⅰ
応用情報工学科,前期,金,5,1232,船橋校舎,ドイツ語Ⅰ
一般教育,前期,金,5,1232,船橋校舎,ドイツ語Ⅰ
土木工学科,前期,金,5,1233,船橋校舎,ドイツ語Ⅰ
交通システム工学科,前期,金,5,1233,船橋校舎,ドイツ語Ⅰ
交通システム工学科,前期,金,5,1233,船橋校舎,ドイツ語Ⅰ
建築学科,前期,金,5,1233,船橋校舎,ドイツ語Ⅰ
海洋建築工学科,前期,金,5,1233,船橋校舎,ドイツ語Ⅰ
機械工学科,前期,金,5,1233,船橋校舎,ドイツ語Ⅰ
精密機械工学科,前期,金,5,1233,船橋校舎,ドイツ語Ⅰ
航空宇宙工学科,前期,金,5,1233,船橋校舎,ドイツ語Ⅰ
電気工学科,前期,金,5,1233,船橋校舎,ドイツ語Ⅰ
電子工学科,前期,金,5,1233,船橋校舎,ドイツ語Ⅰ
物質応用化学科,前期,金,5,1233,船橋校舎,ドイツ語Ⅰ
物理学科,前期,金,5,1233,船橋校舎,ドイツ語Ⅰ
数学科,前期,金,5,1233,船橋校舎,ドイツ語Ⅰ
まちづくり工学科,前期,金,5,1233,船橋校舎,ドイツ語Ⅰ
応用情報工学科,前期,金,5,1233,船橋校舎,ドイツ語Ⅰ
一般教育,前期,金,5,1233,船橋校舎,ドイツ語Ⅰ
精密機械工学科,前期,金,5,1325,船橋校舎,ロボット工学Ⅱ
応用情報工学科,前期,金,5,1422,船橋校舎,代数概論Ⅰ
一般教育,前期,金,5,1422,船橋校舎,教）代数学Ⅰ
精密機械工学専攻,前期,金,5,1431,船橋校舎,制御工学特論 ＊
航空宇宙工学科,前期,金,5,1432,船橋校舎,機械要素及び工作法
海洋建築工学専攻,前期,金,5,1452,船橋校舎,海洋建築情報システム工学特論 ＊
精密機械工学専攻,前期,金,5,1453,船橋校舎,制御工学特論 ＊
情報科学専攻,前期,金,5,1456,船橋校舎,情報科学特別講義
建築学科,前期,金,5,0000,駿河台校舎,建築構造実験 {再履修}↓連続２時限【年間】
建築学科,前期,金,5,0000,駿河台校舎,建築環境実験 {再履修}↓連続２時限【年間】
まちづくり工学科,前期,金,5,141,駿河台校舎,インターンシップ
まちづくり工学専攻,前期,金,5,141,駿河台校舎,インターンシップ ＊
数学科,前期,金,5,152,駿河台校舎,情報通信ネットワーク論Ａ
一般教育,前期,金,5,152,駿河台校舎,教）情報通信ネットワークⅠ
一般教育,前期,金,5,154,駿河台校舎,力と運動の物理学Ⅱ {再履修}
物質応用化学科,前期,金,5,841,駿河台校舎,専門化学実験Ⅴ↓連続３時限
物質応用化学科,前期,金,5,843,駿河台校舎,専門化学実験Ⅴ↓連続３時限
まちづくり工学専攻,前期,金,6,S1201,タワースコラ,景観・観光行政特論 △
土木工学科,前期,金,6,S301,タワースコラ,力学の基礎Ⅰ及び演習 {再履修}↓連続２時限
土木工学科,前期,金,6,S303,タワースコラ,力学の基礎Ⅰ及び演習 {再履修}↓連続２時限
土木工学専攻,前期,金,6,S305,タワースコラ,風工学特論 △
土木工学専攻,前期,金,6,S306,タワースコラ,環境解析学特論 △
一般教育,前期,金,6,S401,タワースコラ,教）理科教育法Ⅰ
建築学専攻,前期,金,6,S403,タワースコラ,建築構造設計演習↓連続２時限
物理学専攻,前期,金,6,S406,タワースコラ,量子力学特論 △{同時}
量子理工学専攻,前期,金,6,S406,タワースコラ,量子力学特論 △{同時}ｶﾘ
一般教育,前期,金,6,S601,タワースコラ,教）工業科教育法Ⅰ
応用情報工学科,前期,金,6,1424,船橋校舎,情報職業論
一般教育,前期,金,6,1424,船橋校舎,教）情報と職業
精密機械工学専攻,前期,金,6,1453,船橋校舎,エネルギー変換工学特論Ⅰ △
電子工学専攻,前期,金,6,1454,船橋校舎,コンピュータシステム特論 △{同時}
情報科学専攻,前期,金,6,1454,船橋校舎,コンピュータシステム特論 △{同時}
航空宇宙工学専攻,前期,金,6,1455,船橋校舎,宇宙科学 △
建築学科,前期,金,6,0000,駿河台校舎,建築構造実験 {再履修}↓連続２時限【年間】
建築学科,前期,金,6,0000,駿河台校舎,建築環境実験 {再履修}↓連続２時限【年間】
物質応用化学科,前期,金,6,0000,駿河台校舎,基礎物理化学 {夏･再履}【夏季集中講義】
電気工学科,後期,土,1,S504,タワースコラ,ﾜｲﾔﾚｽｺﾐｭﾆｹｰｼｮﾝ
一般教育,後期,土,1,S505,タワースコラ,教）教育方法・ICT活用論
一般教育,後期,土,1,S505,タワースコラ,教）教育の方法・技術論
機械工学専攻,後期,土,1,S601,タワースコラ,機械工学演習 ＊【年間】
電気工学専攻,後期,土,1,S602,タワースコラ,電力システム
一般教育,後期,土,1,S603,タワースコラ,英語ⅡB {再履修}
一般教育,後期,土,1,S604,タワースコラ,英語ⅠB {再履修}
建築学専攻,後期,土,1,S701,タワースコラ,建築学プロジェクト ＊↓連続４時限
一般教育,後期,土,1,1423,船橋校舎,教）道徳教育の理論と方法 {数学科用}
交通システム工学科,後期,土,1,1424,船橋校舎,卒業研究↓連続３時限【年間】
交通システム工学科,後期,土,1,1424,船橋校舎,卒業研究↓連続３時限【年間】
一般教育,後期,土,1,1456,船橋校舎,教）工業科教育法Ⅱ
建築学科,後期,土,1,0000,駿河台校舎,建築実験Ⅱ {1}↓連続２時限
建築学科,後期,土,1,0000,駿河台校舎,建築実験Ⅳ {1}↓連続２時限
まちづくり工学専攻,後期,土,1,0000,駿河台校舎,まちづくり工学特別演習Ⅱ 2年のみ↓連続２時限
機械工学専攻,後期,土,2,S401,タワースコラ,静粛工学特論
一般教育,後期,土,2,S404,タワースコラ,教）教育相談
電気工学科,後期,土,2,S504,タワースコラ,通信法規
一般教育,後期,土,2,S603,タワースコラ,英語ⅡB {再履修}
一般教育,後期,土,2,S604,タワースコラ,英語ⅠB {再履修}
建築学専攻,後期,土,2,S701,タワースコラ,建築学プロジェクト ＊↓連続４時限
一般教育,後期,土,2,1423,船橋校舎,教）道徳教育の理論と方法 {数学以外}
交通システム工学科,後期,土,2,1424,船橋校舎,卒業研究↓連続３時限【年間】
交通システム工学科,後期,土,2,1424,船橋校舎,卒業研究↓連続３時限【年間】
一般教育,後期,土,2,1431,船橋校舎,教）技術科教育法Ⅳ
海洋建築工学専攻,後期,土,2,1452,船橋校舎,海洋建築工学インターンシップⅠ【年間】
航空宇宙工学専攻,後期,土,2,1455,船橋校舎,最適化手法Ⅱ
精密機械工学科,後期,土,2,741,船橋校舎,卒業研究【年間】
建築学科,後期,土,2,0000,駿河台校舎,建築実験Ⅱ {1}↓連続２時限
建築学科,後期,土,2,0000,駿河台校舎,建築実験Ⅳ {1}↓連続２時限
まちづくり工学専攻,後期,土,2,0000,駿河台校舎,まちづくり工学特別演習Ⅱ 2年のみ↓連続２時限
土木工学科,後期,土,3,S301,タワースコラ,プロジェクトスタディⅡ {GD}↓連続２時限
土木工学科,後期,土,3,S401,タワースコラ,プロジェクトスタディⅡ {GD}↓連続２時限
一般教育,後期,土,3,S404,タワースコラ,教）特別支援教育概論【後期隔週】
一般教育,後期,土,3,S504,タワースコラ,教）現代教職論
土木工学科,後期,土,3,S505,タワースコラ,プロジェクトスタディⅡ {ID}↓連続２時限
一般教育,後期,土,3,S603,タワースコラ,英語ⅢB
一般教育,後期,土,3,S604,タワースコラ,英語ⅠB {再履修}
建築学専攻,後期,土,3,S701,タワースコラ,建築学プロジェクト ＊↓連続４時限
海洋建築工学科,後期,土,3,1421,船橋校舎,卒業研究【年間】
交通システム工学科,後期,土,3,1424,船橋校舎,卒業研究↓連続３時限【年間】
交通システム工学科,後期,土,3,1424,船橋校舎,卒業研究↓連続３時限【年間】
海洋建築工学専攻,後期,土,3,1452,船橋校舎,海洋建築工学インターンシップⅡ【年間】
建築学科,後期,土,3,0000,駿河台校舎,建築実験Ⅱ {2}↓連続２時限
建築学科,後期,土,3,0000,駿河台校舎,建築実験Ⅳ {2}↓連続２時限
建築学専攻,後期,土,3,0000,駿河台校舎,建築計画特別研究【年間】
建築学専攻,後期,土,3,0000,駿河台校舎,建築計画特別研究【年間】
建築学専攻,後期,土,3,0000,駿河台校舎,建築計画特別研究【年間】
建築学専攻,後期,土,3,0000,駿河台校舎,建築計画特別研究【年間】
建築学専攻,後期,土,3,0000,駿河台校舎,環境工学特別研究【年間】
建築学専攻,後期,土,3,0000,駿河台校舎,環境工学特別研究【年間】
建築学専攻,後期,土,3,0000,駿河台校舎,環境工学特別研究【年間】
建築学専攻,後期,土,3,0000,駿河台校舎,建築構造学特別研究【年間】
建築学専攻,後期,土,3,0000,駿河台校舎,建築構造学特別研究【年間】
建築学専攻,後期,土,3,0000,駿河台校舎,建築構造学特別研究【年間】
建築学専攻,後期,土,3,0000,駿河台校舎,建築構造学特別研究【年間】
物理学専攻,後期,土,3,0000,駿河台校舎,場の理論特別研究【年間】
物理学専攻,後期,土,3,0000,駿河台校舎,量子ビーム科学特別研究【年間】
物理学専攻,後期,土,3,0000,駿河台校舎,物性物理学理論特別研究【年間】
物理学専攻,後期,土,3,0000,駿河台校舎,プラズマ物理学特別研究【年間】
物理学専攻,後期,土,3,0000,駿河台校舎,物性物理学実験特別研究【年間】
物理学専攻,後期,土,3,0000,駿河台校舎,物性物理学実験特別研究【年間】
物理学専攻,後期,土,3,0000,駿河台校舎,生物物理学特別研究【年間】
物理学専攻,後期,土,3,0000,駿河台校舎,科学史特別研究【年間】
物理学専攻,後期,土,3,0000,駿河台校舎,宇宙物理学特別研究【年間】
物理学専攻,後期,土,3,0000,駿河台校舎,宇宙物理学特別研究【年間】
物理学専攻,後期,土,3,0000,駿河台校舎,宇宙物理学特別研究【年間】
物理学専攻,後期,土,3,0000,駿河台校舎,数理情報学特別研究【年間】
量子理工学専攻,後期,土,3,0000,駿河台校舎,加速器・放射線科学特別研究【年間】
量子理工学専攻,後期,土,3,0000,駿河台校舎,加速器・放射線科学特別研究【年間】
量子理工学専攻,後期,土,3,0000,駿河台校舎,プラズマ・核融合科学特別研究【年間】
量子理工学専攻,後期,土,3,0000,駿河台校舎,素粒子論・量子論特別研究【年間】
量子理工学専攻,後期,土,3,0000,駿河台校舎,素粒子論・量子論特別研究【年間】
量子理工学専攻,後期,土,3,0000,駿河台校舎,量子物性科学特別研究【年間】
量子理工学専攻,後期,土,3,0000,駿河台校舎,量子物性科学特別研究【年間】
量子理工学専攻,後期,土,3,0000,駿河台校舎,量子物性科学特別研究【年間】
量子理工学専攻,後期,土,3,0000,駿河台校舎,非線型数理シミュレーション特別研究【年間】
量子理工学専攻,後期,土,3,0000,駿河台校舎,非線型数理シミュレーション特別研究【年間】
土木工学科,後期,土,4,S301,タワースコラ,プロジェクトスタディⅡ {GD}↓連続２時限
土木工学科,後期,土,4,S401,タワースコラ,プロジェクトスタディⅡ {GD}↓連続２時限
土木工学科,後期,土,4,S505,タワースコラ,プロジェクトスタディⅡ {ID}↓連続２時限
数学専攻,後期,土,4,S601,タワースコラ,数学特別演習B ＊↓連続２時限
電気工学専攻,後期,土,4,S602,タワースコラ,電気工学特別講義
建築学専攻,後期,土,4,S603,タワースコラ,建築構造特論Ⅱ
一般教育,後期,土,4,S604,タワースコラ,英語ⅡB {再履修}
建築学専攻,後期,土,4,S701,タワースコラ,建築学プロジェクト ＊↓連続４時限
海洋建築工学科,後期,土,4,1421,船橋校舎,ゼミナール【年間】
建築学科,後期,土,4,0000,駿河台校舎,建築実験Ⅱ {2}↓連続２時限
建築学科,後期,土,4,0000,駿河台校舎,建築実験Ⅳ {2}↓連続２時限
物質応用化学科,後期,土,4,0000,駿河台校舎,特別実験【年間】
物理学科,後期,土,4,0000,駿河台校舎,卒業研究【年間】
物質応用化学専攻,後期,土,4,0000,駿河台校舎,応用化学特別演習Ⅱ ＊↓連続２時限
物理学専攻,後期,土,4,0000,駿河台校舎,物理学講究Ⅰ ＊
まちづくり工学専攻,後期,土,4,0000,駿河台校舎,まちづくりプロジェクト演習 2年のみ
土木工学専攻,後期,土,4,0000,駿河台校舎,土木構造学特別研究【年間】
土木工学専攻,後期,土,4,0000,駿河台校舎,土木構造学特別研究【年間】
土木工学専攻,後期,土,4,0000,駿河台校舎,土質力学特別研究【年間】
土木工学専攻,後期,土,4,0000,駿河台校舎,土木計画学特別研究【年間】
土木工学専攻,後期,土,4,0000,駿河台校舎,土木計画学特別研究【年間】
土木工学専攻,後期,土,4,0000,駿河台校舎,土木計画学特別研究【年間】
土木工学専攻,後期,土,4,0000,駿河台校舎,土木計画学特別研究【年間】
土木工学専攻,後期,土,4,0000,駿河台校舎,河海工学特別研究【年間】
土木工学専攻,後期,土,4,0000,駿河台校舎,河海工学特別研究【年間】
土木工学専攻,後期,土,4,0000,駿河台校舎,河海工学特別研究【年間】
土木工学専攻,後期,土,4,0000,駿河台校舎,環境工学特別研究【年間】
土木工学専攻,後期,土,4,0000,駿河台校舎,土木材料特別研究【年間】
土木工学専攻,後期,土,4,0000,駿河台校舎,土木材料特別研究【年間】
建築学専攻,後期,土,4,0000,駿河台校舎,建築計画特別研究【年間】
建築学専攻,後期,土,4,0000,駿河台校舎,建築計画特別研究【年間】
建築学専攻,後期,土,4,0000,駿河台校舎,建築計画特別研究【年間】
建築学専攻,後期,土,4,0000,駿河台校舎,建築計画特別研究【年間】
建築学専攻,後期,土,4,0000,駿河台校舎,環境工学特別研究【年間】
建築学専攻,後期,土,4,0000,駿河台校舎,環境工学特別研究【年間】
建築学専攻,後期,土,4,0000,駿河台校舎,環境工学特別研究【年間】
建築学専攻,後期,土,4,0000,駿河台校舎,建築構造学特別研究【年間】
建築学専攻,後期,土,4,0000,駿河台校舎,建築構造学特別研究【年間】
建築学専攻,後期,土,4,0000,駿河台校舎,建築構造学特別研究【年間】
建築学専攻,後期,土,4,0000,駿河台校舎,建築構造学特別研究【年間】
機械工学専攻,後期,土,4,0000,駿河台校舎,弾塑性学特別研究【年間】
機械工学専攻,後期,土,4,0000,駿河台校舎,弾塑性学特別研究【年間】
機械工学専攻,後期,土,4,0000,駿河台校舎,弾塑性学特別研究【年間】
機械工学専攻,後期,土,4,0000,駿河台校舎,熱工学特別研究【年間】
機械工学専攻,後期,土,4,0000,駿河台校舎,流体工学特別研究【年間】
機械工学専攻,後期,土,4,0000,駿河台校舎,流体工学特別研究【年間】
機械工学専攻,後期,土,4,0000,駿河台校舎,工作法特別研究【年間】
機械工学専攻,後期,土,4,0000,駿河台校舎,工作法特別研究【年間】
機械工学専攻,後期,土,4,0000,駿河台校舎,熱機関特別研究【年間】
機械工学専攻,後期,土,4,0000,駿河台校舎,自動車工学特別研究【年間】
機械工学専攻,後期,土,4,0000,駿河台校舎,自動車工学特別研究【年間】
機械工学専攻,後期,土,4,0000,駿河台校舎,機械力学特別研究【年間】
機械工学専攻,後期,土,4,0000,駿河台校舎,金属材料特別研究【年間】
電気工学専攻,後期,土,4,0000,駿河台校舎,エネルギー・制御特別研究【年間】
電気工学専攻,後期,土,4,0000,駿河台校舎,エネルギー・制御特別研究【年間】
電気工学専攻,後期,土,4,0000,駿河台校舎,通信・情報・音響特別研究【年間】
電気工学専攻,後期,土,4,0000,駿河台校舎,通信・情報・音響特別研究【年間】
電気工学専攻,後期,土,4,0000,駿河台校舎,通信・情報・音響特別研究【年間】
電気工学専攻,後期,土,4,0000,駿河台校舎,通信・情報・音響特別研究【年間】
電気工学専攻,後期,土,4,0000,駿河台校舎,材料・エレクトロニクス特別研究【年間】
電気工学専攻,後期,土,4,0000,駿河台校舎,材料・エレクトロニクス特別研究【年間】
物質応用化学専攻,後期,土,4,0000,駿河台校舎,物質化学特別研究【年間】
物質応用化学専攻,後期,土,4,0000,駿河台校舎,物質化学特別研究【年間】
物質応用化学専攻,後期,土,4,0000,駿河台校舎,物質化学特別研究【年間】
物質応用化学専攻,後期,土,4,0000,駿河台校舎,物質化学特別研究【年間】
物質応用化学専攻,後期,土,4,0000,駿河台校舎,物質化学特別研究【年間】
物質応用化学専攻,後期,土,4,0000,駿河台校舎,応用化学特別研究【年間】
物質応用化学専攻,後期,土,4,0000,駿河台校舎,応用化学特別研究【年間】
物質応用化学専攻,後期,土,4,0000,駿河台校舎,応用化学特別研究【年間】
物質応用化学専攻,後期,土,4,0000,駿河台校舎,応用化学特別研究【年間】
物質応用化学専攻,後期,土,4,0000,駿河台校舎,生命化学特別研究【年間】
物質応用化学専攻,後期,土,4,0000,駿河台校舎,生命化学特別研究【年間】
物質応用化学専攻,後期,土,4,0000,駿河台校舎,物質化学特別研究【年間】
物理学専攻,後期,土,4,0000,駿河台校舎,場の理論特別研究【年間】
物理学専攻,後期,土,4,0000,駿河台校舎,量子ビーム科学特別研究【年間】
物理学専攻,後期,土,4,0000,駿河台校舎,物性物理学理論特別研究【年間】
物理学専攻,後期,土,4,0000,駿河台校舎,プラズマ物理学特別研究【年間】
物理学専攻,後期,土,4,0000,駿河台校舎,物性物理学実験特別研究【年間】
物理学専攻,後期,土,4,0000,駿河台校舎,物性物理学実験特別研究【年間】
物理学専攻,後期,土,4,0000,駿河台校舎,生物物理学特別研究【年間】
物理学専攻,後期,土,4,0000,駿河台校舎,科学史特別研究【年間】
物理学専攻,後期,土,4,0000,駿河台校舎,宇宙物理学特別研究【年間】
物理学専攻,後期,土,4,0000,駿河台校舎,宇宙物理学特別研究【年間】
物理学専攻,後期,土,4,0000,駿河台校舎,宇宙物理学特別研究【年間】
物理学専攻,後期,土,4,0000,駿河台校舎,数理情報学特別研究【年間】
物理学専攻,後期,土,4,0000,駿河台校舎,場の理論特別研究【年間】
物理学専攻,後期,土,4,0000,駿河台校舎,量子ビーム科学特別研究【年間】
物理学専攻,後期,土,4,0000,駿河台校舎,物性物理学理論特別研究【年間】
物理学専攻,後期,土,4,0000,駿河台校舎,プラズマ物理学特別研究【年間】
物理学専攻,後期,土,4,0000,駿河台校舎,物性物理学実験特別研究【年間】
物理学専攻,後期,土,4,0000,駿河台校舎,物性物理学実験特別研究【年間】
物理学専攻,後期,土,4,0000,駿河台校舎,生物物理学特別研究【年間】
物理学専攻,後期,土,4,0000,駿河台校舎,科学史特別研究【年間】
物理学専攻,後期,土,4,0000,駿河台校舎,宇宙物理学特別研究【年間】
物理学専攻,後期,土,4,0000,駿河台校舎,宇宙物理学特別研究【年間】
物理学専攻,後期,土,4,0000,駿河台校舎,宇宙物理学特別研究【年間】
物理学専攻,後期,土,4,0000,駿河台校舎,数理情報学特別研究【年間】
数学専攻,後期,土,4,0000,駿河台校舎,応用数学特別研究【年間】
数学専攻,後期,土,4,0000,駿河台校舎,応用数学特別研究【年間】
数学専攻,後期,土,4,0000,駿河台校舎,応用数学特別研究【年間】
数学専攻,後期,土,4,0000,駿河台校舎,幾何学特別研究【年間】
数学専攻,後期,土,4,0000,駿河台校舎,幾何学特別研究【年間】
数学専攻,後期,土,4,0000,駿河台校舎,幾何学特別研究【年間】
数学専攻,後期,土,4,0000,駿河台校舎,解析学特別研究【年間】
数学専攻,後期,土,4,0000,駿河台校舎,解析学特別研究【年間】
数学専攻,後期,土,4,0000,駿河台校舎,解析学特別研究【年間】
数学専攻,後期,土,4,0000,駿河台校舎,数学特別講義
まちづくり工学専攻,後期,土,4,0000,駿河台校舎,都市・地域マネジメント工学特別研究【年間】
まちづくり工学専攻,後期,土,4,0000,駿河台校舎,環境・防災まちづくり工学特別研究【年間】
まちづくり工学専攻,後期,土,4,0000,駿河台校舎,環境・防災まちづくり工学特別研究【年間】
まちづくり工学専攻,後期,土,4,0000,駿河台校舎,景観・観光まちづくり工学特別研究【年間】
まちづくり工学専攻,後期,土,4,0000,駿河台校舎,景観・観光まちづくり工学特別研究【年間】
まちづくり工学専攻,後期,土,4,0000,駿河台校舎,景観・観光まちづくり工学特別研究【年間】
まちづくり工学専攻,後期,土,4,0000,駿河台校舎,健康・福祉まちづくり工学特別研究【年間】
まちづくり工学専攻,後期,土,4,0000,駿河台校舎,都市・地域マネジメント工学特別研究【年間】
数学専攻,後期,土,5,S601,タワースコラ,数学特別演習B ＊↓連続２時限
電気工学専攻,後期,土,5,S602,タワースコラ,電気工学特別講義
土木工学科,後期,土,5,0000,駿河台校舎,ゼミナール
機械工学科,後期,土,5,0000,駿河台校舎,機械工学特殊講義
機械工学科,後期,土,5,0000,駿河台校舎,卒業研究【年間】
物質応用化学科,後期,土,5,0000,駿河台校舎,卒業研究【年間】
物理学科,後期,土,5,0000,駿河台校舎,ゼミナール
数学科,後期,土,5,0000,駿河台校舎,卒業研究【年間】
まちづくり工学科,後期,土,5,0000,駿河台校舎,工業職業指導Ⅱ {春季集中}【春季集中講義】
一般教育,後期,土,5,0000,駿河台校舎,教）地学実験 {年間集中}【年間集中(資)】
一般教育,後期,土,5,0000,駿河台校舎,教）職業指導Ⅱ {春季集中}【春季集中講義】
一般教育,後期,土,5,0000,駿河台校舎,教）教育実習Ⅰ {年間集中}【年間集中(資)】
一般教育,後期,土,5,0000,駿河台校舎,教）教育実習Ⅱ {年間集中}【年間集中(資)】
一般教育,後期,土,5,0000,駿河台校舎,教）教育実習事前・事後指導 {年間集中}【年間集中(資)】
一般教育,後期,土,5,0000,駿河台校舎,学）博物館実習C（館園）【年隔集中(資)】
一般教育,後期,土,5,0000,駿河台校舎,教）教職実践演習（中・高） {後期集中}【後期集中(資)】
土木工学専攻,後期,土,5,0000,駿河台校舎,土木工学特別演習 ＊【年間】
物質応用化学専攻,後期,土,5,0000,駿河台校舎,応用化学特別演習Ⅱ ＊↓連続２時限
物理学専攻,後期,土,5,0000,駿河台校舎,物理学講究Ⅱ ＊
量子理工学専攻,後期,土,5,0000,駿河台校舎,量子理工学講究Ⅱ ＊
土木工学専攻,後期,土,5,0000,駿河台校舎,土木構造学特別研究【年間】
土木工学専攻,後期,土,5,0000,駿河台校舎,土木構造学特別研究【年間】
土木工学専攻,後期,土,5,0000,駿河台校舎,土質力学特別研究【年間】
土木工学専攻,後期,土,5,0000,駿河台校舎,土木計画学特別研究【年間】
土木工学専攻,後期,土,5,0000,駿河台校舎,土木計画学特別研究【年間】
土木工学専攻,後期,土,5,0000,駿河台校舎,土木計画学特別研究【年間】
土木工学専攻,後期,土,5,0000,駿河台校舎,土木計画学特別研究【年間】
土木工学専攻,後期,土,5,0000,駿河台校舎,河海工学特別研究【年間】
土木工学専攻,後期,土,5,0000,駿河台校舎,河海工学特別研究【年間】
土木工学専攻,後期,土,5,0000,駿河台校舎,河海工学特別研究【年間】
土木工学専攻,後期,土,5,0000,駿河台校舎,環境工学特別研究【年間】
土木工学専攻,後期,土,5,0000,駿河台校舎,土木材料特別研究【年間】
土木工学専攻,後期,土,5,0000,駿河台校舎,土木材料特別研究【年間】
機械工学専攻,後期,土,5,0000,駿河台校舎,弾塑性学特別研究【年間】
機械工学専攻,後期,土,5,0000,駿河台校舎,弾塑性学特別研究【年間】
機械工学専攻,後期,土,5,0000,駿河台校舎,弾塑性学特別研究【年間】
機械工学専攻,後期,土,5,0000,駿河台校舎,熱工学特別研究【年間】
機械工学専攻,後期,土,5,0000,駿河台校舎,流体工学特別研究【年間】
機械工学専攻,後期,土,5,0000,駿河台校舎,流体工学特別研究【年間】
機械工学専攻,後期,土,5,0000,駿河台校舎,工作法特別研究【年間】
機械工学専攻,後期,土,5,0000,駿河台校舎,工作法特別研究【年間】
機械工学専攻,後期,土,5,0000,駿河台校舎,熱機関特別研究【年間】
機械工学専攻,後期,土,5,0000,駿河台校舎,自動車工学特別研究【年間】
機械工学専攻,後期,土,5,0000,駿河台校舎,自動車工学特別研究【年間】
機械工学専攻,後期,土,5,0000,駿河台校舎,機械力学特別研究【年間】
機械工学専攻,後期,土,5,0000,駿河台校舎,金属材料特別研究【年間】
電気工学専攻,後期,土,5,0000,駿河台校舎,エネルギー・制御特別研究【年間】
電気工学専攻,後期,土,5,0000,駿河台校舎,エネルギー・制御特別研究【年間】
電気工学専攻,後期,土,5,0000,駿河台校舎,通信・情報・音響特別研究【年間】
電気工学専攻,後期,土,5,0000,駿河台校舎,通信・情報・音響特別研究【年間】
電気工学専攻,後期,土,5,0000,駿河台校舎,通信・情報・音響特別研究【年間】
電気工学専攻,後期,土,5,0000,駿河台校舎,材料・エレクトロニクス特別研究【年間】
電気工学専攻,後期,土,5,0000,駿河台校舎,材料・エレクトロニクス特別研究【年間】
電気工学専攻,後期,土,5,0000,駿河台校舎,通信・情報・音響特別研究【年間】
物質応用化学専攻,後期,土,5,0000,駿河台校舎,物質化学特別研究【年間】
物質応用化学専攻,後期,土,5,0000,駿河台校舎,物質化学特別研究【年間】
物質応用化学専攻,後期,土,5,0000,駿河台校舎,物質化学特別研究【年間】
物質応用化学専攻,後期,土,5,0000,駿河台校舎,物質化学特別研究【年間】
物質応用化学専攻,後期,土,5,0000,駿河台校舎,物質化学特別研究【年間】
物質応用化学専攻,後期,土,5,0000,駿河台校舎,応用化学特別研究【年間】
物質応用化学専攻,後期,土,5,0000,駿河台校舎,応用化学特別研究【年間】
物質応用化学専攻,後期,土,5,0000,駿河台校舎,応用化学特別研究【年間】
物質応用化学専攻,後期,土,5,0000,駿河台校舎,応用化学特別研究【年間】
物質応用化学専攻,後期,土,5,0000,駿河台校舎,生命化学特別研究【年間】
物質応用化学専攻,後期,土,5,0000,駿河台校舎,生命化学特別研究【年間】
物質応用化学専攻,後期,土,5,0000,駿河台校舎,物質化学特別研究【年間】
数学専攻,後期,土,5,0000,駿河台校舎,応用数学特別研究【年間】
数学専攻,後期,土,5,0000,駿河台校舎,応用数学特別研究【年間】
数学専攻,後期,土,5,0000,駿河台校舎,応用数学特別研究【年間】
数学専攻,後期,土,5,0000,駿河台校舎,幾何学特別研究【年間】
数学専攻,後期,土,5,0000,駿河台校舎,幾何学特別研究【年間】
数学専攻,後期,土,5,0000,駿河台校舎,幾何学特別研究【年間】
数学専攻,後期,土,5,0000,駿河台校舎,解析学特別研究【年間】
数学専攻,後期,土,5,0000,駿河台校舎,解析学特別研究【年間】
数学専攻,後期,土,5,0000,駿河台校舎,解析学特別研究【年間】
量子理工学専攻,後期,土,5,0000,駿河台校舎,加速器・放射線科学特別研究【年間】
量子理工学専攻,後期,土,5,0000,駿河台校舎,加速器・放射線科学特別研究【年間】
量子理工学専攻,後期,土,5,0000,駿河台校舎,プラズマ・核融合科学特別研究【年間】
量子理工学専攻,後期,土,5,0000,駿河台校舎,素粒子論・量子論特別研究【年間】
量子理工学専攻,後期,土,5,0000,駿河台校舎,素粒子論・量子論特別研究【年間】
量子理工学専攻,後期,土,5,0000,駿河台校舎,量子物性科学特別研究【年間】
量子理工学専攻,後期,土,5,0000,駿河台校舎,量子物性科学特別研究【年間】
量子理工学専攻,後期,土,5,0000,駿河台校舎,量子物性科学特別研究【年間】
量子理工学専攻,後期,土,5,0000,駿河台校舎,非線型数理シミュレーション特別研究【年間】
量子理工学専攻,後期,土,5,0000,駿河台校舎,非線型数理シミュレーション特別研究【年間】
まちづくり工学専攻,後期,土,5,0000,駿河台校舎,都市・地域マネジメント工学特別研究【年間】
まちづくり工学専攻,後期,土,5,0000,駿河台校舎,環境・防災まちづくり工学特別研究【年間】
まちづくり工学専攻,後期,土,5,0000,駿河台校舎,環境・防災まちづくり工学特別研究【年間】
まちづくり工学専攻,後期,土,5,0000,駿河台校舎,景観・観光まちづくり工学特別研究【年間】
まちづくり工学専攻,後期,土,5,0000,駿河台校舎,景観・観光まちづくり工学特別研究【年間】
まちづくり工学専攻,後期,土,5,0000,駿河台校舎,景観・観光まちづくり工学特別研究【年間】
まちづくり工学専攻,後期,土,5,0000,駿河台校舎,健康・福祉まちづくり工学特別研究【年間】
まちづくり工学専攻,後期,土,5,0000,駿河台校舎,都市・地域マネジメント工学特別研究【年間】
土木工学科,後期,土,6,0000,駿河台校舎,卒業研究【年間】
建築学科,後期,土,6,0000,駿河台校舎,卒業研究・設計【年間】
電気工学科,後期,土,6,0000,駿河台校舎,卒業研究【年間】
電気工学科,後期,土,6,0000,駿河台校舎,電子回路ＣＡＤ ★【後期ｵﾝﾃﾞﾏﾝﾄﾞ】
物質応用化学科,後期,土,6,0000,駿河台校舎,化学プレゼンテーション【年間】
数学科,後期,土,6,0000,駿河台校舎,ゼミナール【年間】
まちづくり工学科,後期,土,6,0000,駿河台校舎,ゼミナール【年間】
まちづくり工学科,後期,土,6,0000,駿河台校舎,卒業研究【年間】
一般教育,後期,土,6,0000,駿河台校舎,ドイツ語Ⅱ ★{I群}【後期ｵﾝﾃﾞﾏﾝﾄﾞ】
一般教育,後期,土,6,0000,駿河台校舎,フランス語Ⅱ ★{I群}【後期ｵﾝﾃﾞﾏﾝﾄﾞ】
一般教育,後期,土,6,0000,駿河台校舎,中国語Ⅱ ★{I群}【後期ｵﾝﾃﾞﾏﾝﾄﾞ】
一般教育,後期,土,6,0000,駿河台校舎,ドイツ語Ⅱ ★{I群}【後期ｵﾝﾃﾞﾏﾝﾄﾞ】
一般教育,後期,土,6,0000,駿河台校舎,フランス語Ⅱ ★{I群}【後期ｵﾝﾃﾞﾏﾝﾄﾞ】
一般教育,後期,土,6,0000,駿河台校舎,中国語Ⅱ ★{I群}【後期ｵﾝﾃﾞﾏﾝﾄﾞ】
一般教育,後期,土,6,0000,駿河台校舎,English Communication Ⅱ ★{再履修}【後期ｵﾝﾃﾞﾏﾝﾄﾞ】
一般教育,後期,土,6,0000,駿河台校舎,英語ⅡB ★{再履修}【後期ｵﾝﾃﾞﾏﾝﾄﾞ】
一般教育,後期,土,6,0000,駿河台校舎,English Communication Ⅱ ★{再履修}【後期ｵﾝﾃﾞﾏﾝﾄﾞ】
一般教育,後期,土,6,0000,駿河台校舎,英語ⅢB ★{再履修}【後期ｵﾝﾃﾞﾏﾝﾄﾞ】
一般教育,後期,土,6,0000,駿河台校舎,英語ⅠB ★{再履修}【後期ｵﾝﾃﾞﾏﾝﾄﾞ】
一般教育,後期,土,6,0000,駿河台校舎,英語ⅡB ★{再履修}【後期ｵﾝﾃﾞﾏﾝﾄﾞ】
一般教育,後期,土,6,0000,駿河台校舎,英語ⅠB ★{再履修}【後期ｵﾝﾃﾞﾏﾝﾄﾞ】
一般教育,後期,土,6,0000,駿河台校舎,英語ⅢB ★{再履修}【後期ｵﾝﾃﾞﾏﾝﾄﾞ】
一般教育,後期,土,6,0000,駿河台校舎,日本語表現の基礎 ★{II群}【後期ｵﾝﾃﾞﾏﾝﾄﾞ】
一般教育,後期,土,6,0000,駿河台校舎,英語特殊講義A ★{再履修}【後期ｵﾝﾃﾞﾏﾝﾄﾞ】
一般教育,後期,土,6,0000,駿河台校舎,英語特殊講義B ★{再履修}【後期ｵﾝﾃﾞﾏﾝﾄﾞ】
一般教育,後期,土,6,0000,駿河台校舎,科学技術史 ★{III群}【後期ｵﾝﾃﾞﾏﾝﾄﾞ】
一般教育,後期,土,6,0000,駿河台校舎,英語特殊講義A ★{再履修}【後期ｵﾝﾃﾞﾏﾝﾄﾞ】
一般教育,後期,土,6,0000,駿河台校舎,英語特殊講義B ★{再履修}【後期ｵﾝﾃﾞﾏﾝﾄﾞ】
一般教育,後期,土,6,0000,駿河台校舎,感性芸術学 ★{II群}【後期ｵﾝﾃﾞﾏﾝﾄﾞ】
一般教育,後期,土,6,0000,駿河台校舎,倫理学 ★{I群}【後期ｵﾝﾃﾞﾏﾝﾄﾞ】
一般教育,後期,土,6,0000,駿河台校舎,クリティカル・シンキング ★{II群}【後期ｵﾝﾃﾞﾏﾝﾄﾞ】
一般教育,後期,土,6,0000,駿河台校舎,経済学 ★{I群}【後期ｵﾝﾃﾞﾏﾝﾄﾞ】
一般教育,後期,土,6,0000,駿河台校舎,日本国憲法 ★{I群}【後期ｵﾝﾃﾞﾏﾝﾄﾞ】
一般教育,後期,土,6,0000,駿河台校舎,科学技術と人間 ★{III群}【後期ｵﾝﾃﾞﾏﾝﾄﾞ】
一般教育,後期,土,6,0000,駿河台校舎,自主創造の基礎２ ★{再履修}【後期ｵﾝﾃﾞﾏﾝﾄﾞ】
一般教育,後期,土,6,0000,駿河台校舎,日本を考える ★{再履修}【後期ｵﾝﾃﾞﾏﾝﾄﾞ】
土木工学専攻,後期,土,6,0000,駿河台校舎,土木構造学特別研究【年間】
土木工学専攻,後期,土,6,0000,駿河台校舎,土木構造学特別研究【年間】
土木工学専攻,後期,土,6,0000,駿河台校舎,土木構造学特別研究【年間】
土木工学専攻,後期,土,6,0000,駿河台校舎,土木構造学特別研究【年間】
土木工学専攻,後期,土,6,0000,駿河台校舎,土質力学特別研究【年間】
土木工学専攻,後期,土,6,0000,駿河台校舎,土質力学特別研究【年間】
土木工学専攻,後期,土,6,0000,駿河台校舎,土質力学特別研究【年間】
土木工学専攻,後期,土,6,0000,駿河台校舎,土木計画学特別研究【年間】
土木工学専攻,後期,土,6,0000,駿河台校舎,土木計画学特別研究【年間】
土木工学専攻,後期,土,6,0000,駿河台校舎,土木計画学特別研究【年間】
土木工学専攻,後期,土,6,0000,駿河台校舎,土木計画学特別研究【年間】
土木工学専攻,後期,土,6,0000,駿河台校舎,土木計画学特別研究【年間】
土木工学専攻,後期,土,6,0000,駿河台校舎,河海工学特別研究【年間】
土木工学専攻,後期,土,6,0000,駿河台校舎,河海工学特別研究【年間】
土木工学専攻,後期,土,6,0000,駿河台校舎,河海工学特別研究【年間】
土木工学専攻,後期,土,6,0000,駿河台校舎,環境工学特別研究【年間】
土木工学専攻,後期,土,6,0000,駿河台校舎,環境工学特別研究【年間】
土木工学専攻,後期,土,6,0000,駿河台校舎,環境工学特別研究【年間】
土木工学専攻,後期,土,6,0000,駿河台校舎,土木材料特別研究【年間】
土木工学専攻,後期,土,6,0000,駿河台校舎,土木材料特別研究【年間】
建築学専攻,後期,土,6,0000,駿河台校舎,建築設計特別研究【年間】
建築学専攻,後期,土,6,0000,駿河台校舎,建築設計特別研究【年間】
建築学専攻,後期,土,6,0000,駿河台校舎,建築設計特別研究【年間】
建築学専攻,後期,土,6,0000,駿河台校舎,建築設計特別研究【年間】
建築学専攻,後期,土,6,0000,駿河台校舎,建築計画特別研究【年間】
建築学専攻,後期,土,6,0000,駿河台校舎,建築計画特別研究【年間】
建築学専攻,後期,土,6,0000,駿河台校舎,建築計画特別研究【年間】
建築学専攻,後期,土,6,0000,駿河台校舎,建築計画特別研究【年間】
建築学専攻,後期,土,6,0000,駿河台校舎,建築計画特別研究【年間】
建築学専攻,後期,土,6,0000,駿河台校舎,建築計画特別研究【年間】
建築学専攻,後期,土,6,0000,駿河台校舎,環境工学特別研究【年間】
建築学専攻,後期,土,6,0000,駿河台校舎,環境工学特別研究【年間】
建築学専攻,後期,土,6,0000,駿河台校舎,環境工学特別研究【年間】
建築学専攻,後期,土,6,0000,駿河台校舎,建築構造学特別研究【年間】
建築学専攻,後期,土,6,0000,駿河台校舎,建築構造学特別研究【年間】
建築学専攻,後期,土,6,0000,駿河台校舎,建築構造学特別研究【年間】
建築学専攻,後期,土,6,0000,駿河台校舎,建築構造学特別研究【年間】
建築学専攻,後期,土,6,0000,駿河台校舎,建築構造学特別研究【年間】
建築学専攻,後期,土,6,0000,駿河台校舎,環境工学特別研究【年間】
機械工学専攻,後期,土,6,0000,駿河台校舎,弾塑性学特別研究【年間】
機械工学専攻,後期,土,6,0000,駿河台校舎,弾塑性学特別研究【年間】
機械工学専攻,後期,土,6,0000,駿河台校舎,弾塑性学特別研究【年間】
機械工学専攻,後期,土,6,0000,駿河台校舎,熱工学特別研究【年間】
機械工学専攻,後期,土,6,0000,駿河台校舎,流体工学特別研究【年間】
機械工学専攻,後期,土,6,0000,駿河台校舎,流体工学特別研究【年間】
機械工学専攻,後期,土,6,0000,駿河台校舎,流体工学特別研究【年間】
機械工学専攻,後期,土,6,0000,駿河台校舎,工作法特別研究【年間】
機械工学専攻,後期,土,6,0000,駿河台校舎,工作法特別研究【年間】
機械工学専攻,後期,土,6,0000,駿河台校舎,熱機関特別研究【年間】
機械工学専攻,後期,土,6,0000,駿河台校舎,自動車工学特別研究【年間】
機械工学専攻,後期,土,6,0000,駿河台校舎,自動車工学特別研究【年間】
機械工学専攻,後期,土,6,0000,駿河台校舎,自動車工学特別研究【年間】
機械工学専攻,後期,土,6,0000,駿河台校舎,機械力学特別研究【年間】
機械工学専攻,後期,土,6,0000,駿河台校舎,機械力学特別研究【年間】
機械工学専攻,後期,土,6,0000,駿河台校舎,金属材料特別研究【年間】
電気工学専攻,後期,土,6,0000,駿河台校舎,エネルギー・制御特別研究【年間】
電気工学専攻,後期,土,6,0000,駿河台校舎,エネルギー・制御特別研究【年間】
電気工学専攻,後期,土,6,0000,駿河台校舎,エネルギー・制御特別研究【年間】
電気工学専攻,後期,土,6,0000,駿河台校舎,通信・情報・音響特別研究【年間】
電気工学専攻,後期,土,6,0000,駿河台校舎,通信・情報・音響特別研究【年間】
電気工学専攻,後期,土,6,0000,駿河台校舎,通信・情報・音響特別研究【年間】
電気工学専攻,後期,土,6,0000,駿河台校舎,通信・情報・音響特別研究【年間】
電気工学専攻,後期,土,6,0000,駿河台校舎,通信・情報・音響特別研究【年間】
電気工学専攻,後期,土,6,0000,駿河台校舎,通信・情報・音響特別研究【年間】
電気工学専攻,後期,土,6,0000,駿河台校舎,通信・情報・音響特別研究【年間】
電気工学専攻,後期,土,6,0000,駿河台校舎,材料・エレクトロニクス特別研究【年間】
電気工学専攻,後期,土,6,0000,駿河台校舎,材料・エレクトロニクス特別研究【年間】
電気工学専攻,後期,土,6,0000,駿河台校舎,材料・エレクトロニクス特別研究【年間】
電気工学専攻,後期,土,6,0000,駿河台校舎,材料・エレクトロニクス特別研究【年間】
電気工学専攻,後期,土,6,0000,駿河台校舎,材料・エレクトロニクス特別研究【年間】
物質応用化学専攻,後期,土,6,0000,駿河台校舎,物質化学特別研究【年間】
物質応用化学専攻,後期,土,6,0000,駿河台校舎,物質化学特別研究【年間】
物質応用化学専攻,後期,土,6,0000,駿河台校舎,物質化学特別研究【年間】
物質応用化学専攻,後期,土,6,0000,駿河台校舎,物質化学特別研究【年間】
物質応用化学専攻,後期,土,6,0000,駿河台校舎,物質化学特別研究【年間】
物質応用化学専攻,後期,土,6,0000,駿河台校舎,物質化学特別研究【年間】
物質応用化学専攻,後期,土,6,0000,駿河台校舎,応用化学特別研究【年間】
物質応用化学専攻,後期,土,6,0000,駿河台校舎,応用化学特別研究【年間】
物質応用化学専攻,後期,土,6,0000,駿河台校舎,応用化学特別研究【年間】
物質応用化学専攻,後期,土,6,0000,駿河台校舎,応用化学特別研究【年間】
物質応用化学専攻,後期,土,6,0000,駿河台校舎,応用化学特別研究【年間】
物質応用化学専攻,後期,土,6,0000,駿河台校舎,応用化学特別研究【年間】
物質応用化学専攻,後期,土,6,0000,駿河台校舎,応用化学特別研究【年間】
物質応用化学専攻,後期,土,6,0000,駿河台校舎,生命化学特別研究【年間】
物質応用化学専攻,後期,土,6,0000,駿河台校舎,生命化学特別研究【年間】
物質応用化学専攻,後期,土,6,0000,駿河台校舎,生命化学特別研究【年間】
物理学専攻,後期,土,6,0000,駿河台校舎,場の理論特別研究【年間】
物理学専攻,後期,土,6,0000,駿河台校舎,場の理論特別研究【年間】
物理学専攻,後期,土,6,0000,駿河台校舎,量子ビーム科学特別研究【年間】
物理学専攻,後期,土,6,0000,駿河台校舎,量子ビーム科学特別研究【年間】
物理学専攻,後期,土,6,0000,駿河台校舎,物性物理学理論特別研究【年間】
物理学専攻,後期,土,6,0000,駿河台校舎,プラズマ物理学特別研究【年間】
物理学専攻,後期,土,6,0000,駿河台校舎,物性物理学実験特別研究【年間】
物理学専攻,後期,土,6,0000,駿河台校舎,物性物理学実験特別研究【年間】
物理学専攻,後期,土,6,0000,駿河台校舎,生物物理学特別研究【年間】
物理学専攻,後期,土,6,0000,駿河台校舎,生物物理学特別研究【年間】
物理学専攻,後期,土,6,0000,駿河台校舎,科学史特別研究【年間】
物理学専攻,後期,土,6,0000,駿河台校舎,宇宙物理学特別研究【年間】
物理学専攻,後期,土,6,0000,駿河台校舎,宇宙物理学特別研究【年間】
物理学専攻,後期,土,6,0000,駿河台校舎,宇宙物理学特別研究【年間】
物理学専攻,後期,土,6,0000,駿河台校舎,数理情報学特別研究【年間】
物理学専攻,後期,土,6,0000,駿河台校舎,科学史特別研究【年間】
数学専攻,後期,土,6,0000,駿河台校舎,応用数学特別研究【年間】
数学専攻,後期,土,6,0000,駿河台校舎,応用数学特別研究【年間】
数学専攻,後期,土,6,0000,駿河台校舎,応用数学特別研究【年間】
数学専攻,後期,土,6,0000,駿河台校舎,幾何学特別研究【年間】
数学専攻,後期,土,6,0000,駿河台校舎,幾何学特別研究【年間】
数学専攻,後期,土,6,0000,駿河台校舎,幾何学特別研究【年間】
数学専攻,後期,土,6,0000,駿河台校舎,解析学特別研究【年間】
数学専攻,後期,土,6,0000,駿河台校舎,解析学特別研究【年間】
数学専攻,後期,土,6,0000,駿河台校舎,解析学特別研究【年間】
数学専攻,後期,土,6,0000,駿河台校舎,代数学特別研究【年間】
数学専攻,後期,土,6,0000,駿河台校舎,応用数学特別研究【年間】
量子理工学専攻,後期,土,6,0000,駿河台校舎,加速器・放射線科学特別研究【年間】
量子理工学専攻,後期,土,6,0000,駿河台校舎,加速器・放射線科学特別研究【年間】
量子理工学専攻,後期,土,6,0000,駿河台校舎,プラズマ・核融合科学特別研究【年間】
量子理工学専攻,後期,土,6,0000,駿河台校舎,素粒子論・量子論特別研究【年間】
量子理工学専攻,後期,土,6,0000,駿河台校舎,素粒子論・量子論特別研究【年間】
量子理工学専攻,後期,土,6,0000,駿河台校舎,量子物性科学特別研究【年間】
量子理工学専攻,後期,土,6,0000,駿河台校舎,量子物性科学特別研究【年間】
量子理工学専攻,後期,土,6,0000,駿河台校舎,量子物性科学特別研究【年間】
量子理工学専攻,後期,土,6,0000,駿河台校舎,非線型数理シミュレーション特別研究【年間】
量子理工学専攻,後期,土,6,0000,駿河台校舎,非線型数理シミュレーション特別研究【年間】
まちづくり工学専攻,後期,土,6,0000,駿河台校舎,都市・地域マネジメント工学特別研究【年間】
まちづくり工学専攻,後期,土,6,0000,駿河台校舎,都市・地域マネジメント工学特別研究【年間】
まちづくり工学専攻,後期,土,6,0000,駿河台校舎,都市・地域マネジメント工学特別研究【年間】
まちづくり工学専攻,後期,土,6,0000,駿河台校舎,環境・防災まちづくり工学特別研究【年間】
まちづくり工学専攻,後期,土,6,0000,駿河台校舎,環境・防災まちづくり工学特別研究【年間】
まちづくり工学専攻,後期,土,6,0000,駿河台校舎,景観・観光まちづくり工学特別研究【年間】
まちづくり工学専攻,後期,土,6,0000,駿河台校舎,景観・観光まちづくり工学特別研究【年間】
まちづくり工学専攻,後期,土,6,0000,駿河台校舎,景観・観光まちづくり工学特別研究【年間】
まちづくり工学専攻,後期,土,6,0000,駿河台校舎,景観・観光まちづくり工学特別研究【年間】
まちづくり工学専攻,後期,土,6,0000,駿河台校舎,健康・福祉まちづくり工学特別研究【年間】
まちづくり工学専攻,後期,土,6,0000,駿河台校舎,環境・防災まちづくり工学特別研究【年間】
まちづくり工学専攻,後期,土,6,0000,駿河台校舎,健康・福祉まちづくり工学特別研究【年間】
土木工学専攻,後期,土,6,0000,駿河台校舎,土木構造学特別研究【年間】
土木工学専攻,後期,土,6,0000,駿河台校舎,土木構造学特別研究【年間】
土木工学専攻,後期,土,6,0000,駿河台校舎,土質力学特別研究【年間】
土木工学専攻,後期,土,6,0000,駿河台校舎,土木計画学特別研究【年間】
土木工学専攻,後期,土,6,0000,駿河台校舎,土木計画学特別研究【年間】
土木工学専攻,後期,土,6,0000,駿河台校舎,土木計画学特別研究【年間】
土木工学専攻,後期,土,6,0000,駿河台校舎,土木計画学特別研究【年間】
土木工学専攻,後期,土,6,0000,駿河台校舎,河海工学特別研究【年間】
土木工学専攻,後期,土,6,0000,駿河台校舎,河海工学特別研究【年間】
土木工学専攻,後期,土,6,0000,駿河台校舎,河海工学特別研究【年間】
土木工学専攻,後期,土,6,0000,駿河台校舎,環境工学特別研究【年間】
土木工学専攻,後期,土,6,0000,駿河台校舎,土木材料特別研究【年間】
土木工学専攻,後期,土,6,0000,駿河台校舎,土木材料特別研究【年間】
建築学専攻,後期,土,6,0000,駿河台校舎,建築計画特別研究【年間】
建築学専攻,後期,土,6,0000,駿河台校舎,建築計画特別研究【年間】
建築学専攻,後期,土,6,0000,駿河台校舎,建築計画特別研究【年間】
建築学専攻,後期,土,6,0000,駿河台校舎,建築計画特別研究【年間】
建築学専攻,後期,土,6,0000,駿河台校舎,環境工学特別研究【年間】
建築学専攻,後期,土,6,0000,駿河台校舎,環境工学特別研究【年間】
建築学専攻,後期,土,6,0000,駿河台校舎,環境工学特別研究【年間】
建築学専攻,後期,土,6,0000,駿河台校舎,建築構造学特別研究【年間】
建築学専攻,後期,土,6,0000,駿河台校舎,建築構造学特別研究【年間】
建築学専攻,後期,土,6,0000,駿河台校舎,建築構造学特別研究【年間】
建築学専攻,後期,土,6,0000,駿河台校舎,建築構造学特別研究【年間】
機械工学専攻,後期,土,6,0000,駿河台校舎,弾塑性学特別研究【年間】
機械工学専攻,後期,土,6,0000,駿河台校舎,弾塑性学特別研究【年間】
機械工学専攻,後期,土,6,0000,駿河台校舎,弾塑性学特別研究【年間】
機械工学専攻,後期,土,6,0000,駿河台校舎,熱工学特別研究【年間】
機械工学専攻,後期,土,6,0000,駿河台校舎,流体工学特別研究【年間】
機械工学専攻,後期,土,6,0000,駿河台校舎,流体工学特別研究【年間】
機械工学専攻,後期,土,6,0000,駿河台校舎,工作法特別研究【年間】
機械工学専攻,後期,土,6,0000,駿河台校舎,工作法特別研究【年間】
機械工学専攻,後期,土,6,0000,駿河台校舎,熱機関特別研究【年間】
機械工学専攻,後期,土,6,0000,駿河台校舎,自動車工学特別研究【年間】
機械工学専攻,後期,土,6,0000,駿河台校舎,自動車工学特別研究【年間】
機械工学専攻,後期,土,6,0000,駿河台校舎,機械力学特別研究【年間】
機械工学専攻,後期,土,6,0000,駿河台校舎,金属材料特別研究【年間】
電気工学専攻,後期,土,6,0000,駿河台校舎,エネルギー・制御特別研究【年間】
電気工学専攻,後期,土,6,0000,駿河台校舎,エネルギー・制御特別研究【年間】
電気工学専攻,後期,土,6,0000,駿河台校舎,通信・情報・音響特別研究【年間】
電気工学専攻,後期,土,6,0000,駿河台校舎,通信・情報・音響特別研究【年間】
電気工学専攻,後期,土,6,0000,駿河台校舎,通信・情報・音響特別研究【年間】
電気工学専攻,後期,土,6,0000,駿河台校舎,材料・エレクトロニクス特別研究【年間】
電気工学専攻,後期,土,6,0000,駿河台校舎,材料・エレクトロニクス特別研究【年間】
電気工学専攻,後期,土,6,0000,駿河台校舎,通信・情報・音響特別研究【年間】
物質応用化学専攻,後期,土,6,0000,駿河台校舎,物質化学特別研究【年間】
物質応用化学専攻,後期,土,6,0000,駿河台校舎,物質化学特別研究【年間】
物質応用化学専攻,後期,土,6,0000,駿河台校舎,物質化学特別研究【年間】
物質応用化学専攻,後期,土,6,0000,駿河台校舎,物質化学特別研究【年間】
物質応用化学専攻,後期,土,6,0000,駿河台校舎,物質化学特別研究【年間】
物質応用化学専攻,後期,土,6,0000,駿河台校舎,応用化学特別研究【年間】
物質応用化学専攻,後期,土,6,0000,駿河台校舎,応用化学特別研究【年間】
物質応用化学専攻,後期,土,6,0000,駿河台校舎,応用化学特別研究【年間】
物質応用化学専攻,後期,土,6,0000,駿河台校舎,応用化学特別研究【年間】
物質応用化学専攻,後期,土,6,0000,駿河台校舎,生命化学特別研究【年間】
物質応用化学専攻,後期,土,6,0000,駿河台校舎,生命化学特別研究【年間】
物質応用化学専攻,後期,土,6,0000,駿河台校舎,物質化学特別研究【年間】
数学専攻,後期,土,6,0000,駿河台校舎,応用数学特別研究【年間】
数学専攻,後期,土,6,0000,駿河台校舎,応用数学特別研究【年間】
数学専攻,後期,土,6,0000,駿河台校舎,応用数学特別研究【年間】
数学専攻,後期,土,6,0000,駿河台校舎,幾何学特別研究【年間】
数学専攻,後期,土,6,0000,駿河台校舎,幾何学特別研究【年間】
数学専攻,後期,土,6,0000,駿河台校舎,幾何学特別研究【年間】
数学専攻,後期,土,6,0000,駿河台校舎,解析学特別研究【年間】
数学専攻,後期,土,6,0000,駿河台校舎,解析学特別研究【年間】
数学専攻,後期,土,6,0000,駿河台校舎,解析学特別研究【年間】
量子理工学専攻,後期,土,6,0000,駿河台校舎,加速器・放射線科学特別研究【年間】
量子理工学専攻,後期,土,6,0000,駿河台校舎,加速器・放射線科学特別研究【年間】
量子理工学専攻,後期,土,6,0000,駿河台校舎,プラズマ・核融合科学特別研究【年間】
量子理工学専攻,後期,土,6,0000,駿河台校舎,素粒子論・量子論特別研究【年間】
量子理工学専攻,後期,土,6,0000,駿河台校舎,素粒子論・量子論特別研究【年間】
量子理工学専攻,後期,土,6,0000,駿河台校舎,量子物性科学特別研究【年間】
量子理工学専攻,後期,土,6,0000,駿河台校舎,量子物性科学特別研究【年間】
量子理工学専攻,後期,土,6,0000,駿河台校舎,量子物性科学特別研究【年間】
量子理工学専攻,後期,土,6,0000,駿河台校舎,非線型数理シミュレーション特別研究【年間】
量子理工学専攻,後期,土,6,0000,駿河台校舎,非線型数理シミュレーション特別研究【年間】
まちづくり工学専攻,後期,土,6,0000,駿河台校舎,都市・地域マネジメント工学特別研究【年間】
まちづくり工学専攻,後期,土,6,0000,駿河台校舎,環境・防災まちづくり工学特別研究【年間】
まちづくり工学専攻,後期,土,6,0000,駿河台校舎,環境・防災まちづくり工学特別研究【年間】
まちづくり工学専攻,後期,土,6,0000,駿河台校舎,景観・観光まちづくり工学特別研究【年間】
まちづくり工学専攻,後期,土,6,0000,駿河台校舎,景観・観光まちづくり工学特別研究【年間】
まちづくり工学専攻,後期,土,6,0000,駿河台校舎,景観・観光まちづくり工学特別研究【年間】
まちづくり工学専攻,後期,土,6,0000,駿河台校舎,健康・福祉まちづくり工学特別研究【年間】
まちづくり工学専攻,後期,土,6,0000,駿河台校舎,都市・地域マネジメント工学特別研究【年間】
電気工学科,後期,月,1,S101,タワースコラ,電気回路Ⅱ及び演習 {A}↓連続２時限
一般教育,後期,月,1,S203,タワースコラ,English Communication Ⅱ
建築学科,後期,月,1,S204,タワースコラ,都市計画Ⅰ {2}
建築学科,後期,月,1,S301,タワースコラ,建築設備Ⅰ {1}
電気工学科,後期,月,1,S302,タワースコラ,電気回路Ⅱ及び演習 {B}↓連続２時限
一般教育,後期,月,1,S303,タワースコラ,English Communication Ⅱ
一般教育,後期,月,1,S304,タワースコラ,英語特殊講義A
土木工学専攻,後期,月,1,S305,タワースコラ,公共政策特論
一般教育,後期,月,1,S405,タワースコラ,英語特殊講義B
物理学科,後期,月,1,S501,タワースコラ,コンピュータシミュレーション
物理学科,後期,月,1,S502,タワースコラ,コンピュータシミュレーション
土木工学科,後期,月,1,S505,タワースコラ,インターンシップ
物質応用化学科,後期,月,1,1031,船橋校舎,基礎有機化学 {A}
物質応用化学科,後期,月,1,1032,船橋校舎,物理化学Ⅰ {B}
電子工学科,後期,月,1,1122,船橋校舎,物質の構造と状態
一般教育,後期,月,1,1132,船橋校舎,微分方程式Ⅱ
航空宇宙工学科,後期,月,1,1133,船橋校舎,微分方程式Ⅱ
応用情報工学科,後期,月,1,1201,船橋校舎,情報基礎演習Ⅱ
応用情報工学科,後期,月,1,1204,船橋校舎,情報基礎演習Ⅱ
建築学科,後期,月,1,1325,船橋校舎,初等構造力学 {後期隔週}↓連続２時限【後期隔週】
建築学科,後期,月,1,1325,船橋校舎,建築デザインと歴史 {後期隔週}↓連続２時限【後期隔週】
航空宇宙工学科,後期,月,1,1432,船橋校舎,制御工学Ⅲ
交通システム工学科,後期,月,1,1434,船橋校舎,情報処理
交通システム工学科,後期,月,1,1434,船橋校舎,情報処理
応用情報工学科,後期,月,1,1442,船橋校舎,情報基礎演習Ⅱ
物理学科,後期,月,1,1444,船橋校舎,力学Ⅱ
電子工学専攻,後期,月,1,1454,船橋校舎,電子材料特論Ⅱ
量子理工学専攻,後期,月,1,1455,船橋校舎,加速器科学Ⅱ
情報科学専攻,後期,月,1,1456,船橋校舎,組込システム特論
応用情報工学科,後期,月,1,241,船橋校舎,情報基礎演習Ⅱ
土木工学科,後期,月,1,階段教室(大),船橋校舎,土木工学特別講義
一般教育,後期,月,1,131,駿河台校舎,英語特殊講義B
まちづくり工学科,後期,月,1,134,駿河台校舎,観光まちづくり論
一般教育,後期,月,1,143,駿河台校舎,英語特殊講義A
数学科,後期,月,1,152,駿河台校舎,幾何学及び演習Ｂ↓連続２時限
機械工学科,後期,月,1,154,駿河台校舎,機械工学総合演習
電気工学科,後期,月,2,S101,タワースコラ,電気回路Ⅱ及び演習 {A}↓連続２時限
一般教育,後期,月,2,S203,タワースコラ,English Communication Ⅱ
建築学科,後期,月,2,S204,タワースコラ,建築設備Ⅰ {2}
建築学科,後期,月,2,S301,タワースコラ,都市計画Ⅰ {1}
電気工学科,後期,月,2,S302,タワースコラ,電気回路Ⅱ及び演習 {B}↓連続２時限
一般教育,後期,月,2,S303,タワースコラ,English Communication Ⅱ
一般教育,後期,月,2,S304,タワースコラ,英語特殊講義A
土木工学専攻,後期,月,2,S305,タワースコラ,水理学特論
数学専攻,後期,月,2,S306,タワースコラ,解析学特論ⅠB
電気工学科,後期,月,2,S401,タワースコラ,電力機器
建築学専攻,後期,月,2,S403,タワースコラ,建築設計特論Ⅱ
建築学科,後期,月,2,S404,タワースコラ,行政法規
一般教育,後期,月,2,S405,タワースコラ,英語特殊講義B
機械工学科,後期,月,2,S501,タワースコラ,ｺﾝﾋﾟｭｰﾀﾌﾟﾛｸﾞﾗﾐﾝｸﾞⅡ
機械工学科,後期,月,2,S502,タワースコラ,ｺﾝﾋﾟｭｰﾀﾌﾟﾛｸﾞﾗﾐﾝｸﾞⅡ
物理学科,後期,月,2,S504,タワースコラ,相対論的量子力学
数学科,後期,月,2,S505,タワースコラ,解析学入門Ｂ
電気工学専攻,後期,月,2,S602,タワースコラ,列車制御特論
一般教育,後期,月,2,1011,船橋校舎,英語特殊講義A
土木工学科,後期,月,2,1012,船橋校舎,健康の科学
交通システム工学科,後期,月,2,1012,船橋校舎,健康の科学
交通システム工学科,後期,月,2,1012,船橋校舎,健康の科学
建築学科,後期,月,2,1012,船橋校舎,健康の科学
海洋建築工学科,後期,月,2,1012,船橋校舎,健康の科学
機械工学科,後期,月,2,1012,船橋校舎,健康の科学
精密機械工学科,後期,月,2,1012,船橋校舎,健康の科学
航空宇宙工学科,後期,月,2,1012,船橋校舎,健康の科学
電気工学科,後期,月,2,1012,船橋校舎,健康の科学
電子工学科,後期,月,2,1012,船橋校舎,健康の科学
物質応用化学科,後期,月,2,1012,船橋校舎,健康の科学
物理学科,後期,月,2,1012,船橋校舎,健康の科学
数学科,後期,月,2,1012,船橋校舎,健康の科学
まちづくり工学科,後期,月,2,1012,船橋校舎,健康の科学
応用情報工学科,後期,月,2,1012,船橋校舎,健康の科学
一般教育,後期,月,2,1012,船橋校舎,健康の科学
精密機械工学科,後期,月,2,1022,船橋校舎,アナログ回路
物質応用化学科,後期,月,2,1031,船橋校舎,物理化学Ⅰ {A}
物質応用化学科,後期,月,2,1032,船橋校舎,基礎有機化学 {B}
機械工学科,後期,月,2,1111,船橋校舎,メカニクス基礎
応用情報工学科,後期,月,2,1113,船橋校舎,データベース
電子工学科,後期,月,2,1133,船橋校舎,微分積分学Ⅱ
応用情報工学科,後期,月,2,1201,船橋校舎,データベース
応用情報工学科,後期,月,2,1204,船橋校舎,データベース
建築学科,後期,月,2,1325,船橋校舎,初等構造力学 {後期隔週}↓連続２時限【後期隔週】
建築学科,後期,月,2,1325,船橋校舎,建築デザインと歴史 {後期隔週}↓連続２時限【後期隔週】
精密機械工学科,後期,月,2,1326,船橋校舎,測定値計算法
海洋建築工学科,後期,月,2,1421,船橋校舎,海洋建築実験ⅡB
まちづくり工学科,後期,月,2,1422,船橋校舎,基礎力学Ⅱ
交通システム工学科,後期,月,2,1424,船橋校舎,コンクリート構造
交通システム工学科,後期,月,2,1424,船橋校舎,コンクリート構造
電子工学科,後期,月,2,1431,船橋校舎,電子物性工学
航空宇宙工学科,後期,月,2,1432,船橋校舎,飛行力学Ⅱ {未来}
交通システム工学科,後期,月,2,1434,船橋校舎,道路工学
交通システム工学科,後期,月,2,1434,船橋校舎,道路工学
航空宇宙工学科,後期,月,2,1443,船橋校舎,航空力学Ⅰ {未来}
量子理工学専攻,後期,月,2,1455,船橋校舎,マイクロ波物理学
情報科学専攻,後期,月,2,1456,船橋校舎,交通情報応用工学
交通システム工学専攻,後期,月,2,1457,船橋校舎,交通施設メンテナンス工学特論
土木工学科,後期,月,2,階段教室(大),船橋校舎,災害と土木の歴史
応用情報工学科,後期,月,2,階段教室(小),船橋校舎,離散数学
一般教育,後期,月,2,131,駿河台校舎,英語特殊講義B
一般教育,後期,月,2,132,駿河台校舎,心理学 {II群}
まちづくり工学科,後期,月,2,134,駿河台校舎,グリーンランドスケープ
一般教育,後期,月,2,143,駿河台校舎,英語特殊講義A
数学科,後期,月,2,152,駿河台校舎,幾何学及び演習Ｂ↓連続２時限
機械工学科,後期,月,2,154,駿河台校舎,機械工学キャリアデザイン
物理学専攻,後期,月,2,832,駿河台校舎,宇宙物理学特論Ⅱ
物質応用化学科,後期,月,2,852,駿河台校舎,バイオマテリアル
数学科,後期,月,3,S202,タワースコラ,代数学幾何学Ｄ {2}↓連続２時限
電気工学科,後期,月,3,S203,タワースコラ,情報工学
建築学科,後期,月,3,S204,タワースコラ,建築材料Ⅱ {2}
建築学科,後期,月,3,S301,タワースコラ,建築計画Ⅱ {1}
土木工学科,後期,月,3,S302,タワースコラ,応用水理学演習
数学科,後期,月,3,S304,タワースコラ,微分積分学Ｄ {1}↓連続２時限
航空宇宙工学専攻,後期,月,3,S305,タワースコラ,破壊力学 {隔週}↓連続２時限【後期隔週】
数学専攻,後期,月,3,S306,タワースコラ,代数学特論ⅠA
建築学専攻,後期,月,3,S402,タワースコラ,建築計画特論Ⅱ
建築学専攻,後期,月,3,S403,タワースコラ,空間構造デザイン特論Ⅱ
物理学科,後期,月,3,S404,タワースコラ,数理統計の基礎Ⅱ
まちづくり工学科,後期,月,3,S405,タワースコラ,地域健康づくり論
物理学専攻,後期,月,3,S406,タワースコラ,量子物理学
建築学科,後期,月,3,S505,タワースコラ,建築設計論Ⅱ
電気工学専攻,後期,月,3,S602,タワースコラ,信号処理特論
土木工学専攻,後期,月,3,S603,タワースコラ,コンクリートの耐久性と維持管理マネジメント
土木工学科,後期,月,3,1011,船橋校舎,倫理学 {I群}
交通システム工学科,後期,月,3,1011,船橋校舎,倫理学 {I群}
交通システム工学科,後期,月,3,1011,船橋校舎,倫理学 {I群}
建築学科,後期,月,3,1011,船橋校舎,倫理学 {I群}
海洋建築工学科,後期,月,3,1011,船橋校舎,倫理学 {I群}
機械工学科,後期,月,3,1011,船橋校舎,倫理学 {I群}
精密機械工学科,後期,月,3,1011,船橋校舎,倫理学 {I群}
航空宇宙工学科,後期,月,3,1011,船橋校舎,倫理学 {I群}
電気工学科,後期,月,3,1011,船橋校舎,倫理学 {I群}
電子工学科,後期,月,3,1011,船橋校舎,倫理学 {I群}
物質応用化学科,後期,月,3,1011,船橋校舎,倫理学 {I群}
物理学科,後期,月,3,1011,船橋校舎,倫理学 {I群}
数学科,後期,月,3,1011,船橋校舎,倫理学 {I群}
まちづくり工学科,後期,月,3,1011,船橋校舎,倫理学 {I群}
応用情報工学科,後期,月,3,1011,船橋校舎,倫理学 {I群}
一般教育,後期,月,3,1011,船橋校舎,倫理学 {I群}
土木工学科,後期,月,3,1012,船橋校舎,ことばと文化 {I群}
交通システム工学科,後期,月,3,1012,船橋校舎,ことばと文化 {I群}
交通システム工学科,後期,月,3,1012,船橋校舎,ことばと文化 {I群}
建築学科,後期,月,3,1012,船橋校舎,ことばと文化 {I群}
海洋建築工学科,後期,月,3,1012,船橋校舎,ことばと文化 {I群}
機械工学科,後期,月,3,1012,船橋校舎,ことばと文化 {I群}
精密機械工学科,後期,月,3,1012,船橋校舎,ことばと文化 {I群}
航空宇宙工学科,後期,月,3,1012,船橋校舎,ことばと文化 {I群}
電気工学科,後期,月,3,1012,船橋校舎,ことばと文化 {I群}
電子工学科,後期,月,3,1012,船橋校舎,ことばと文化 {I群}
物質応用化学科,後期,月,3,1012,船橋校舎,ことばと文化 {I群}
物理学科,後期,月,3,1012,船橋校舎,ことばと文化 {I群}
数学科,後期,月,3,1012,船橋校舎,ことばと文化 {I群}
まちづくり工学科,後期,月,3,1012,船橋校舎,ことばと文化 {I群}
応用情報工学科,後期,月,3,1012,船橋校舎,ことばと文化 {I群}
一般教育,後期,月,3,1012,船橋校舎,ことばと文化 {I群}
土木工学科,後期,月,3,1013,船橋校舎,法学 {I群}
交通システム工学科,後期,月,3,1013,船橋校舎,法学 {I群}
交通システム工学科,後期,月,3,1013,船橋校舎,法学 {I群}
建築学科,後期,月,3,1013,船橋校舎,法学 {I群}
海洋建築工学科,後期,月,3,1013,船橋校舎,法学 {I群}
機械工学科,後期,月,3,1013,船橋校舎,法学 {I群}
精密機械工学科,後期,月,3,1013,船橋校舎,法学 {I群}
航空宇宙工学科,後期,月,3,1013,船橋校舎,法学 {I群}
電気工学科,後期,月,3,1013,船橋校舎,法学 {I群}
電子工学科,後期,月,3,1013,船橋校舎,法学 {I群}
物質応用化学科,後期,月,3,1013,船橋校舎,法学 {I群}
物理学科,後期,月,3,1013,船橋校舎,法学 {I群}
数学科,後期,月,3,1013,船橋校舎,法学 {I群}
まちづくり工学科,後期,月,3,1013,船橋校舎,法学 {I群}
応用情報工学科,後期,月,3,1013,船橋校舎,法学 {I群}
一般教育,後期,月,3,1013,船橋校舎,法学 {I群}
土木工学科,後期,月,3,1021,船橋校舎,社会学 {I群}
交通システム工学科,後期,月,3,1021,船橋校舎,社会学 {I群}
交通システム工学科,後期,月,3,1021,船橋校舎,社会学 {I群}
建築学科,後期,月,3,1021,船橋校舎,社会学 {I群}
海洋建築工学科,後期,月,3,1021,船橋校舎,社会学 {I群}
機械工学科,後期,月,3,1021,船橋校舎,社会学 {I群}
精密機械工学科,後期,月,3,1021,船橋校舎,社会学 {I群}
航空宇宙工学科,後期,月,3,1021,船橋校舎,社会学 {I群}
電気工学科,後期,月,3,1021,船橋校舎,社会学 {I群}
電子工学科,後期,月,3,1021,船橋校舎,社会学 {I群}
物質応用化学科,後期,月,3,1021,船橋校舎,社会学 {I群}
物理学科,後期,月,3,1021,船橋校舎,社会学 {I群}
数学科,後期,月,3,1021,船橋校舎,社会学 {I群}
まちづくり工学科,後期,月,3,1021,船橋校舎,社会学 {I群}
応用情報工学科,後期,月,3,1021,船橋校舎,社会学 {I群}
一般教育,後期,月,3,1021,船橋校舎,社会学 {I群}
土木工学科,後期,月,3,1022,船橋校舎,科学技術史 {III群}
交通システム工学科,後期,月,3,1022,船橋校舎,科学技術史 {III群}
交通システム工学科,後期,月,3,1022,船橋校舎,科学技術史 {III群}
建築学科,後期,月,3,1022,船橋校舎,科学技術史 {III群}
海洋建築工学科,後期,月,3,1022,船橋校舎,科学技術史 {III群}
機械工学科,後期,月,3,1022,船橋校舎,科学技術史 {III群}
精密機械工学科,後期,月,3,1022,船橋校舎,科学技術史 {III群}
航空宇宙工学科,後期,月,3,1022,船橋校舎,科学技術史 {III群}
電気工学科,後期,月,3,1022,船橋校舎,科学技術史 {III群}
電子工学科,後期,月,3,1022,船橋校舎,科学技術史 {III群}
物質応用化学科,後期,月,3,1022,船橋校舎,科学技術史 {III群}
物理学科,後期,月,3,1022,船橋校舎,科学技術史 {III群}
数学科,後期,月,3,1022,船橋校舎,科学技術史 {III群}
まちづくり工学科,後期,月,3,1022,船橋校舎,科学技術史 {III群}
応用情報工学科,後期,月,3,1022,船橋校舎,科学技術史 {III群}
一般教育,後期,月,3,1022,船橋校舎,科学技術史 {III群}
土木工学科,後期,月,3,1023,船橋校舎,経済学 {I群}
交通システム工学科,後期,月,3,1023,船橋校舎,経済学 {I群}
交通システム工学科,後期,月,3,1023,船橋校舎,経済学 {I群}
建築学科,後期,月,3,1023,船橋校舎,経済学 {I群}
海洋建築工学科,後期,月,3,1023,船橋校舎,経済学 {I群}
機械工学科,後期,月,3,1023,船橋校舎,経済学 {I群}
精密機械工学科,後期,月,3,1023,船橋校舎,経済学 {I群}
航空宇宙工学科,後期,月,3,1023,船橋校舎,経済学 {I群}
電気工学科,後期,月,3,1023,船橋校舎,経済学 {I群}
電子工学科,後期,月,3,1023,船橋校舎,経済学 {I群}
物質応用化学科,後期,月,3,1023,船橋校舎,経済学 {I群}
物理学科,後期,月,3,1023,船橋校舎,経済学 {I群}
数学科,後期,月,3,1023,船橋校舎,経済学 {I群}
まちづくり工学科,後期,月,3,1023,船橋校舎,経済学 {I群}
応用情報工学科,後期,月,3,1023,船橋校舎,経済学 {I群}
一般教育,後期,月,3,1023,船橋校舎,経済学 {I群}
土木工学科,後期,月,3,1031,船橋校舎,哲学 {II群}
交通システム工学科,後期,月,3,1031,船橋校舎,哲学 {II群}
交通システム工学科,後期,月,3,1031,船橋校舎,哲学 {II群}
建築学科,後期,月,3,1031,船橋校舎,哲学 {II群}
海洋建築工学科,後期,月,3,1031,船橋校舎,哲学 {II群}
機械工学科,後期,月,3,1031,船橋校舎,哲学 {II群}
精密機械工学科,後期,月,3,1031,船橋校舎,哲学 {II群}
航空宇宙工学科,後期,月,3,1031,船橋校舎,哲学 {II群}
電気工学科,後期,月,3,1031,船橋校舎,哲学 {II群}
電子工学科,後期,月,3,1031,船橋校舎,哲学 {II群}
物質応用化学科,後期,月,3,1031,船橋校舎,哲学 {II群}
物理学科,後期,月,3,1031,船橋校舎,哲学 {II群}
数学科,後期,月,3,1031,船橋校舎,哲学 {II群}
まちづくり工学科,後期,月,3,1031,船橋校舎,哲学 {II群}
応用情報工学科,後期,月,3,1031,船橋校舎,哲学 {II群}
一般教育,後期,月,3,1031,船橋校舎,哲学 {II群}
土木工学科,後期,月,3,1032,船橋校舎,感性芸術学 {II群}
交通システム工学科,後期,月,3,1032,船橋校舎,感性芸術学 {II群}
交通システム工学科,後期,月,3,1032,船橋校舎,感性芸術学 {II群}
建築学科,後期,月,3,1032,船橋校舎,感性芸術学 {II群}
海洋建築工学科,後期,月,3,1032,船橋校舎,感性芸術学 {II群}
機械工学科,後期,月,3,1032,船橋校舎,感性芸術学 {II群}
精密機械工学科,後期,月,3,1032,船橋校舎,感性芸術学 {II群}
航空宇宙工学科,後期,月,3,1032,船橋校舎,感性芸術学 {II群}
電気工学科,後期,月,3,1032,船橋校舎,感性芸術学 {II群}
電子工学科,後期,月,3,1032,船橋校舎,感性芸術学 {II群}
物質応用化学科,後期,月,3,1032,船橋校舎,感性芸術学 {II群}
物理学科,後期,月,3,1032,船橋校舎,感性芸術学 {II群}
数学科,後期,月,3,1032,船橋校舎,感性芸術学 {II群}
まちづくり工学科,後期,月,3,1032,船橋校舎,感性芸術学 {II群}
応用情報工学科,後期,月,3,1032,船橋校舎,感性芸術学 {II群}
一般教育,後期,月,3,1032,船橋校舎,感性芸術学 {II群}
土木工学科,後期,月,3,1033,船橋校舎,日本語表現の基礎 {II群}
交通システム工学科,後期,月,3,1033,船橋校舎,日本語表現の基礎 {II群}
交通システム工学科,後期,月,3,1033,船橋校舎,日本語表現の基礎 {II群}
建築学科,後期,月,3,1033,船橋校舎,日本語表現の基礎 {II群}
海洋建築工学科,後期,月,3,1033,船橋校舎,日本語表現の基礎 {II群}
機械工学科,後期,月,3,1033,船橋校舎,日本語表現の基礎 {II群}
精密機械工学科,後期,月,3,1033,船橋校舎,日本語表現の基礎 {II群}
航空宇宙工学科,後期,月,3,1033,船橋校舎,日本語表現の基礎 {II群}
電気工学科,後期,月,3,1033,船橋校舎,日本語表現の基礎 {II群}
電子工学科,後期,月,3,1033,船橋校舎,日本語表現の基礎 {II群}
物質応用化学科,後期,月,3,1033,船橋校舎,日本語表現の基礎 {II群}
物理学科,後期,月,3,1033,船橋校舎,日本語表現の基礎 {II群}
数学科,後期,月,3,1033,船橋校舎,日本語表現の基礎 {II群}
まちづくり工学科,後期,月,3,1033,船橋校舎,日本語表現の基礎 {II群}
応用情報工学科,後期,月,3,1033,船橋校舎,日本語表現の基礎 {II群}
一般教育,後期,月,3,1033,船橋校舎,日本語表現の基礎 {II群}
土木工学科,後期,月,3,1041,船橋校舎,心理学 {II群}
交通システム工学科,後期,月,3,1041,船橋校舎,心理学 {II群}
交通システム工学科,後期,月,3,1041,船橋校舎,心理学 {II群}
建築学科,後期,月,3,1041,船橋校舎,心理学 {II群}
海洋建築工学科,後期,月,3,1041,船橋校舎,心理学 {II群}
機械工学科,後期,月,3,1041,船橋校舎,心理学 {II群}
精密機械工学科,後期,月,3,1041,船橋校舎,心理学 {II群}
航空宇宙工学科,後期,月,3,1041,船橋校舎,心理学 {II群}
電気工学科,後期,月,3,1041,船橋校舎,心理学 {II群}
電子工学科,後期,月,3,1041,船橋校舎,心理学 {II群}
物質応用化学科,後期,月,3,1041,船橋校舎,心理学 {II群}
物理学科,後期,月,3,1041,船橋校舎,心理学 {II群}
数学科,後期,月,3,1041,船橋校舎,心理学 {II群}
まちづくり工学科,後期,月,3,1041,船橋校舎,心理学 {II群}
応用情報工学科,後期,月,3,1041,船橋校舎,心理学 {II群}
一般教育,後期,月,3,1041,船橋校舎,心理学 {II群}
土木工学科,後期,月,3,1042,船橋校舎,技術者倫理 {III群}
交通システム工学科,後期,月,3,1042,船橋校舎,技術者倫理 {III群}
交通システム工学科,後期,月,3,1042,船橋校舎,技術者倫理 {III群}
建築学科,後期,月,3,1042,船橋校舎,技術者倫理 {III群}
海洋建築工学科,後期,月,3,1042,船橋校舎,技術者倫理 {III群}
機械工学科,後期,月,3,1042,船橋校舎,技術者倫理 {III群}
精密機械工学科,後期,月,3,1042,船橋校舎,技術者倫理 {III群}
航空宇宙工学科,後期,月,3,1042,船橋校舎,技術者倫理 {III群}
電気工学科,後期,月,3,1042,船橋校舎,技術者倫理 {III群}
電子工学科,後期,月,3,1042,船橋校舎,技術者倫理 {III群}
物質応用化学科,後期,月,3,1042,船橋校舎,技術者倫理 {III群}
物理学科,後期,月,3,1042,船橋校舎,技術者倫理 {III群}
数学科,後期,月,3,1042,船橋校舎,技術者倫理 {III群}
まちづくり工学科,後期,月,3,1042,船橋校舎,技術者倫理 {III群}
応用情報工学科,後期,月,3,1042,船橋校舎,技術者倫理 {III群}
一般教育,後期,月,3,1042,船橋校舎,技術者倫理 {III群}
土木工学科,後期,月,3,105,船橋校舎,基礎物理学実験 {年間隔週}↓連続２時限【年間隔週】
交通システム工学科,後期,月,3,105,船橋校舎,基礎物理学実験 {年間隔週}↓連続２時限【年間隔週】
交通システム工学科,後期,月,3,105,船橋校舎,基礎物理学実験 {年間隔週}↓連続２時限【年間隔週】
建築学科,後期,月,3,105,船橋校舎,基礎物理学実験 {年間隔週}↓連続２時限【年間隔週】
海洋建築工学科,後期,月,3,105,船橋校舎,基礎物理学実験 {年間隔週}↓連続２時限【年間隔週】
機械工学科,後期,月,3,105,船橋校舎,基礎物理学実験 {年間隔週}↓連続２時限【年間隔週】
精密機械工学科,後期,月,3,105,船橋校舎,基礎物理学実験 {年間隔週}↓連続２時限【年間隔週】
航空宇宙工学科,後期,月,3,105,船橋校舎,基礎物理学実験 {年間隔週}↓連続２時限【年間隔週】
電気工学科,後期,月,3,105,船橋校舎,基礎物理学実験 {年間隔週}↓連続２時限【年間隔週】
電子工学科,後期,月,3,105,船橋校舎,基礎物理学実験 {年間隔週}↓連続２時限【年間隔週】
物質応用化学科,後期,月,3,105,船橋校舎,基礎物理学実験 {年間隔週}↓連続２時限【年間隔週】
物理学科,後期,月,3,105,船橋校舎,基礎物理学実験 {年間隔週}↓連続２時限【年間隔週】
数学科,後期,月,3,105,船橋校舎,基礎物理学実験 {年間隔週}↓連続２時限【年間隔週】
まちづくり工学科,後期,月,3,105,船橋校舎,基礎物理学実験 {年間隔週}↓連続２時限【年間隔週】
応用情報工学科,後期,月,3,105,船橋校舎,基礎物理学実験 {年間隔週}↓連続２時限【年間隔週】
一般教育,後期,月,3,105,船橋校舎,基礎物理学実験 {年間隔週}↓連続２時限【年間隔週】
物質応用化学科,後期,月,3,1121,船橋校舎,熱とエントロピーの物理学 {A}{後隔}↓連続２時限【後期隔週】
物質応用化学科,後期,月,3,1121,船橋校舎,熱とエントロピーの物理学 {B}{後隔}↓連続２時限【後期隔週】
航空宇宙工学科,後期,月,3,1122/3,船橋校舎,航空宇宙工学実験ⅡB {未来}↓連続２時限
土木工学科,後期,月,3,113,船橋校舎,基礎物理学実験 {年間隔週}↓連続２時限【年間隔週】
交通システム工学科,後期,月,3,113,船橋校舎,基礎物理学実験 {年間隔週}↓連続２時限【年間隔週】
交通システム工学科,後期,月,3,113,船橋校舎,基礎物理学実験 {年間隔週}↓連続２時限【年間隔週】
建築学科,後期,月,3,113,船橋校舎,基礎物理学実験 {年間隔週}↓連続２時限【年間隔週】
海洋建築工学科,後期,月,3,113,船橋校舎,基礎物理学実験 {年間隔週}↓連続２時限【年間隔週】
機械工学科,後期,月,3,113,船橋校舎,基礎物理学実験 {年間隔週}↓連続２時限【年間隔週】
精密機械工学科,後期,月,3,113,船橋校舎,基礎物理学実験 {年間隔週}↓連続２時限【年間隔週】
航空宇宙工学科,後期,月,3,113,船橋校舎,基礎物理学実験 {年間隔週}↓連続２時限【年間隔週】
電気工学科,後期,月,3,113,船橋校舎,基礎物理学実験 {年間隔週}↓連続２時限【年間隔週】
電子工学科,後期,月,3,113,船橋校舎,基礎物理学実験 {年間隔週}↓連続２時限【年間隔週】
物質応用化学科,後期,月,3,113,船橋校舎,基礎物理学実験 {年間隔週}↓連続２時限【年間隔週】
物理学科,後期,月,3,113,船橋校舎,基礎物理学実験 {年間隔週}↓連続２時限【年間隔週】
数学科,後期,月,3,113,船橋校舎,基礎物理学実験 {年間隔週}↓連続２時限【年間隔週】
まちづくり工学科,後期,月,3,113,船橋校舎,基礎物理学実験 {年間隔週}↓連続２時限【年間隔週】
応用情報工学科,後期,月,3,113,船橋校舎,基礎物理学実験 {年間隔週}↓連続２時限【年間隔週】
一般教育,後期,月,3,113,船橋校舎,基礎物理学実験 {年間隔週}↓連続２時限【年間隔週】
機械工学科,後期,月,3,1131,船橋校舎,微分積分学Ⅱ {A}
機械工学科,後期,月,3,1132,船橋校舎,微分積分学Ⅱ {B}
電子工学科,後期,月,3,1133,船橋校舎,数学演習Ⅱ
土木工学科,後期,月,3,1201,船橋校舎,データの解析 {2}↓連続２時限
電子工学科,後期,月,3,1202,船橋校舎,計算機ソフトウェア及び演習 {1}↓連続２時限
精密機械工学専攻,後期,月,3,1214,船橋校舎,ロボットシステム特論Ⅱ ＊
応用情報工学科,後期,月,3,1223,船橋校舎,情報工学実験Ⅰ {年間隔週}↓連続２時限【年間隔週】
航空宇宙工学科,後期,月,3,1234,船橋校舎,航空宇宙工学実験ⅡB {未来}↓連続２時限
精密機械工学科,後期,月,3,1326,船橋校舎,電磁気学Ⅱ
土木工学科,後期,月,3,134,船橋校舎,基礎物理学実験 {年間隔週}↓連続２時限【年間隔週】
交通システム工学科,後期,月,3,134,船橋校舎,基礎物理学実験 {年間隔週}↓連続２時限【年間隔週】
交通システム工学科,後期,月,3,134,船橋校舎,基礎物理学実験 {年間隔週}↓連続２時限【年間隔週】
建築学科,後期,月,3,134,船橋校舎,基礎物理学実験 {年間隔週}↓連続２時限【年間隔週】
海洋建築工学科,後期,月,3,134,船橋校舎,基礎物理学実験 {年間隔週}↓連続２時限【年間隔週】
機械工学科,後期,月,3,134,船橋校舎,基礎物理学実験 {年間隔週}↓連続２時限【年間隔週】
精密機械工学科,後期,月,3,134,船橋校舎,基礎物理学実験 {年間隔週}↓連続２時限【年間隔週】
航空宇宙工学科,後期,月,3,134,船橋校舎,基礎物理学実験 {年間隔週}↓連続２時限【年間隔週】
電気工学科,後期,月,3,134,船橋校舎,基礎物理学実験 {年間隔週}↓連続２時限【年間隔週】
電子工学科,後期,月,3,134,船橋校舎,基礎物理学実験 {年間隔週}↓連続２時限【年間隔週】
物質応用化学科,後期,月,3,134,船橋校舎,基礎物理学実験 {年間隔週}↓連続２時限【年間隔週】
物理学科,後期,月,3,134,船橋校舎,基礎物理学実験 {年間隔週}↓連続２時限【年間隔週】
数学科,後期,月,3,134,船橋校舎,基礎物理学実験 {年間隔週}↓連続２時限【年間隔週】
まちづくり工学科,後期,月,3,134,船橋校舎,基礎物理学実験 {年間隔週}↓連続２時限【年間隔週】
応用情報工学科,後期,月,3,134,船橋校舎,基礎物理学実験 {年間隔週}↓連続２時限【年間隔週】
一般教育,後期,月,3,134,船橋校舎,基礎物理学実験 {年間隔週}↓連続２時限【年間隔週】
海洋建築工学科,後期,月,3,1421,船橋校舎,防災安全工学
海洋建築工学科,後期,月,3,1423,船橋校舎,海洋建築実験ⅠB
土木工学科,後期,月,3,1424,船橋校舎,データの解析 {2}↓連続２時限
交通システム工学科,後期,月,3,1424,船橋校舎,システム工学
交通システム工学科,後期,月,3,1424,船橋校舎,システム工学
土木工学科,後期,月,3,143,船橋校舎,基礎物理学実験 {年間隔週}↓連続２時限【年間隔週】
交通システム工学科,後期,月,3,143,船橋校舎,基礎物理学実験 {年間隔週}↓連続２時限【年間隔週】
交通システム工学科,後期,月,3,143,船橋校舎,基礎物理学実験 {年間隔週}↓連続２時限【年間隔週】
建築学科,後期,月,3,143,船橋校舎,基礎物理学実験 {年間隔週}↓連続２時限【年間隔週】
海洋建築工学科,後期,月,3,143,船橋校舎,基礎物理学実験 {年間隔週}↓連続２時限【年間隔週】
機械工学科,後期,月,3,143,船橋校舎,基礎物理学実験 {年間隔週}↓連続２時限【年間隔週】
精密機械工学科,後期,月,3,143,船橋校舎,基礎物理学実験 {年間隔週}↓連続２時限【年間隔週】
航空宇宙工学科,後期,月,3,143,船橋校舎,基礎物理学実験 {年間隔週}↓連続２時限【年間隔週】
電気工学科,後期,月,3,143,船橋校舎,基礎物理学実験 {年間隔週}↓連続２時限【年間隔週】
電子工学科,後期,月,3,143,船橋校舎,基礎物理学実験 {年間隔週}↓連続２時限【年間隔週】
物質応用化学科,後期,月,3,143,船橋校舎,基礎物理学実験 {年間隔週}↓連続２時限【年間隔週】
物理学科,後期,月,3,143,船橋校舎,基礎物理学実験 {年間隔週}↓連続２時限【年間隔週】
数学科,後期,月,3,143,船橋校舎,基礎物理学実験 {年間隔週}↓連続２時限【年間隔週】
まちづくり工学科,後期,月,3,143,船橋校舎,基礎物理学実験 {年間隔週}↓連続２時限【年間隔週】
応用情報工学科,後期,月,3,143,船橋校舎,基礎物理学実験 {年間隔週}↓連続２時限【年間隔週】
一般教育,後期,月,3,143,船橋校舎,基礎物理学実験 {年間隔週}↓連続２時限【年間隔週】
電子工学科,後期,月,3,1431,船橋校舎,電子工学総合演習
電子工学科,後期,月,3,1432,船橋校舎,電子工学総合演習
海洋建築工学科,後期,月,3,1434,船橋校舎,地盤環境工学
土木工学科,後期,月,3,144,船橋校舎,基礎物理学実験 {年間隔週}↓連続２時限【年間隔週】
交通システム工学科,後期,月,3,144,船橋校舎,基礎物理学実験 {年間隔週}↓連続２時限【年間隔週】
交通システム工学科,後期,月,3,144,船橋校舎,基礎物理学実験 {年間隔週}↓連続２時限【年間隔週】
建築学科,後期,月,3,144,船橋校舎,基礎物理学実験 {年間隔週}↓連続２時限【年間隔週】
海洋建築工学科,後期,月,3,144,船橋校舎,基礎物理学実験 {年間隔週}↓連続２時限【年間隔週】
機械工学科,後期,月,3,144,船橋校舎,基礎物理学実験 {年間隔週}↓連続２時限【年間隔週】
精密機械工学科,後期,月,3,144,船橋校舎,基礎物理学実験 {年間隔週}↓連続２時限【年間隔週】
航空宇宙工学科,後期,月,3,144,船橋校舎,基礎物理学実験 {年間隔週}↓連続２時限【年間隔週】
電気工学科,後期,月,3,144,船橋校舎,基礎物理学実験 {年間隔週}↓連続２時限【年間隔週】
電子工学科,後期,月,3,144,船橋校舎,基礎物理学実験 {年間隔週}↓連続２時限【年間隔週】
物質応用化学科,後期,月,3,144,船橋校舎,基礎物理学実験 {年間隔週}↓連続２時限【年間隔週】
物理学科,後期,月,3,144,船橋校舎,基礎物理学実験 {年間隔週}↓連続２時限【年間隔週】
数学科,後期,月,3,144,船橋校舎,基礎物理学実験 {年間隔週}↓連続２時限【年間隔週】
まちづくり工学科,後期,月,3,144,船橋校舎,基礎物理学実験 {年間隔週}↓連続２時限【年間隔週】
応用情報工学科,後期,月,3,144,船橋校舎,基礎物理学実験 {年間隔週}↓連続２時限【年間隔週】
一般教育,後期,月,3,144,船橋校舎,基礎物理学実験 {年間隔週}↓連続２時限【年間隔週】
精密機械工学科,後期,月,3,1441,船橋校舎,機械設計製図ⅡB {未来}↓連続２時限
交通システム工学科,後期,月,3,1442,船橋校舎,地盤・基礎構造
交通システム工学科,後期,月,3,1442,船橋校舎,地盤・基礎構造
物理学科,後期,月,3,1443,船橋校舎,力学演習↓連続２時限
物理学科,後期,月,3,1444,船橋校舎,力学演習↓連続２時限
電子工学専攻,後期,月,3,1454,船橋校舎,電子計測工学特論
航空宇宙工学科,後期,月,3,1456/7/8,船橋校舎,航空宇宙工学実験ⅡB {未来}↓連続２時限
応用情報工学科,後期,月,3,221,船橋校舎,情報工学実験Ⅲ↓連続２時限【年間】
応用情報工学科,後期,月,3,231,船橋校舎,情報工学実験Ⅰ {年間隔週}↓連続２時限【年間隔週】
航空宇宙工学科,後期,月,3,341,船橋校舎,航空宇宙工学実験ⅡB {未来}↓連続２時限
航空宇宙工学科,後期,月,3,342,船橋校舎,航空宇宙工学実験ⅡB {未来}↓連続２時限
物理学科,後期,月,3,624,船橋校舎,力学演習↓連続２時限
物理学科,後期,月,3,625,船橋校舎,力学演習↓連続２時限
精密機械工学科,後期,月,3,742,船橋校舎,機械設計製図ⅡB {未来}↓連続２時限
土木工学科,後期,月,3,819,船橋校舎,基礎化学実験 {年間隔週}↓連続２時限【年間隔週】
交通システム工学科,後期,月,3,819,船橋校舎,基礎化学実験 {年間隔週}↓連続２時限【年間隔週】
交通システム工学科,後期,月,3,819,船橋校舎,基礎化学実験 {年間隔週}↓連続２時限【年間隔週】
建築学科,後期,月,3,819,船橋校舎,基礎化学実験 {年間隔週}↓連続２時限【年間隔週】
海洋建築工学科,後期,月,3,819,船橋校舎,基礎化学実験 {年間隔週}↓連続２時限【年間隔週】
機械工学科,後期,月,3,819,船橋校舎,基礎化学実験 {年間隔週}↓連続２時限【年間隔週】
精密機械工学科,後期,月,3,819,船橋校舎,基礎化学実験 {年間隔週}↓連続２時限【年間隔週】
航空宇宙工学科,後期,月,3,819,船橋校舎,基礎化学実験 {年間隔週}↓連続２時限【年間隔週】
電気工学科,後期,月,3,819,船橋校舎,基礎化学実験 {年間隔週}↓連続２時限【年間隔週】
電子工学科,後期,月,3,819,船橋校舎,基礎化学実験 {年間隔週}↓連続２時限【年間隔週】
物質応用化学科,後期,月,3,819,船橋校舎,基礎化学実験 {年間隔週}↓連続２時限【年間隔週】
物理学科,後期,月,3,819,船橋校舎,基礎化学実験 {年間隔週}↓連続２時限【年間隔週】
数学科,後期,月,3,819,船橋校舎,基礎化学実験 {年間隔週}↓連続２時限【年間隔週】
まちづくり工学科,後期,月,3,819,船橋校舎,基礎化学実験 {年間隔週}↓連続２時限【年間隔週】
応用情報工学科,後期,月,3,819,船橋校舎,基礎化学実験 {年間隔週}↓連続２時限【年間隔週】
一般教育,後期,月,3,819,船橋校舎,基礎化学実験 {年間隔週}↓連続２時限【年間隔週】
土木工学科,後期,月,3,826,船橋校舎,基礎化学実験 {年間隔週}↓連続２時限【年間隔週】
交通システム工学科,後期,月,3,826,船橋校舎,基礎化学実験 {年間隔週}↓連続２時限【年間隔週】
交通システム工学科,後期,月,3,826,船橋校舎,基礎化学実験 {年間隔週}↓連続２時限【年間隔週】
建築学科,後期,月,3,826,船橋校舎,基礎化学実験 {年間隔週}↓連続２時限【年間隔週】
海洋建築工学科,後期,月,3,826,船橋校舎,基礎化学実験 {年間隔週}↓連続２時限【年間隔週】
機械工学科,後期,月,3,826,船橋校舎,基礎化学実験 {年間隔週}↓連続２時限【年間隔週】
精密機械工学科,後期,月,3,826,船橋校舎,基礎化学実験 {年間隔週}↓連続２時限【年間隔週】
航空宇宙工学科,後期,月,3,826,船橋校舎,基礎化学実験 {年間隔週}↓連続２時限【年間隔週】
電気工学科,後期,月,3,826,船橋校舎,基礎化学実験 {年間隔週}↓連続２時限【年間隔週】
電子工学科,後期,月,3,826,船橋校舎,基礎化学実験 {年間隔週}↓連続２時限【年間隔週】
物質応用化学科,後期,月,3,826,船橋校舎,基礎化学実験 {年間隔週}↓連続２時限【年間隔週】
物理学科,後期,月,3,826,船橋校舎,基礎化学実験 {年間隔週}↓連続２時限【年間隔週】
数学科,後期,月,3,826,船橋校舎,基礎化学実験 {年間隔週}↓連続２時限【年間隔週】
まちづくり工学科,後期,月,3,826,船橋校舎,基礎化学実験 {年間隔週}↓連続２時限【年間隔週】
応用情報工学科,後期,月,3,826,船橋校舎,基礎化学実験 {年間隔週}↓連続２時限【年間隔週】
一般教育,後期,月,3,826,船橋校舎,基礎化学実験 {年間隔週}↓連続２時限【年間隔週】
土木工学科,後期,月,3,829,船橋校舎,基礎化学実験 {年間隔週}↓連続２時限【年間隔週】
交通システム工学科,後期,月,3,829,船橋校舎,基礎化学実験 {年間隔週}↓連続２時限【年間隔週】
交通システム工学科,後期,月,3,829,船橋校舎,基礎化学実験 {年間隔週}↓連続２時限【年間隔週】
建築学科,後期,月,3,829,船橋校舎,基礎化学実験 {年間隔週}↓連続２時限【年間隔週】
海洋建築工学科,後期,月,3,829,船橋校舎,基礎化学実験 {年間隔週}↓連続２時限【年間隔週】
機械工学科,後期,月,3,829,船橋校舎,基礎化学実験 {年間隔週}↓連続２時限【年間隔週】
精密機械工学科,後期,月,3,829,船橋校舎,基礎化学実験 {年間隔週}↓連続２時限【年間隔週】
航空宇宙工学科,後期,月,3,829,船橋校舎,基礎化学実験 {年間隔週}↓連続２時限【年間隔週】
電気工学科,後期,月,3,829,船橋校舎,基礎化学実験 {年間隔週}↓連続２時限【年間隔週】
電子工学科,後期,月,3,829,船橋校舎,基礎化学実験 {年間隔週}↓連続２時限【年間隔週】
物質応用化学科,後期,月,3,829,船橋校舎,基礎化学実験 {年間隔週}↓連続２時限【年間隔週】
物理学科,後期,月,3,829,船橋校舎,基礎化学実験 {年間隔週}↓連続２時限【年間隔週】
数学科,後期,月,3,829,船橋校舎,基礎化学実験 {年間隔週}↓連続２時限【年間隔週】
まちづくり工学科,後期,月,3,829,船橋校舎,基礎化学実験 {年間隔週}↓連続２時限【年間隔週】
応用情報工学科,後期,月,3,829,船橋校舎,基礎化学実験 {年間隔週}↓連続２時限【年間隔週】
一般教育,後期,月,3,829,船橋校舎,基礎化学実験 {年間隔週}↓連続２時限【年間隔週】
土木工学科,後期,月,3,測量実習ｾﾝﾀｰ(演習室AB),船橋校舎,測量実習Ⅱ {1}↓連続２時限
物理学科,後期,月,3,132,駿河台校舎,微分方程式論Ⅱ {1}
まちづくり工学科,後期,月,3,134,駿河台校舎,建築計画Ⅱ
機械工学科,後期,月,3,141,駿河台校舎,機械力学Ⅱ {A}
機械工学科,後期,月,3,144,駿河台校舎,材料力学Ⅱ {B}
電気工学科,後期,月,3,1511電気実験室,駿河台校舎,電気電子工学実験 {A}↓連続２時限
電気工学科,後期,月,3,1511電気実験室,駿河台校舎,電気工学実験Ⅰ {B}↓連続２時限
数学科,後期,月,3,152,駿河台校舎,ｺﾝﾋﾟｭｰﾀｸﾞﾗﾌｨｯｸｽ論Ｂ
物理学科,後期,月,3,154,駿河台校舎,微分方程式論Ⅱ {2}
物質応用化学科,後期,月,3,843,駿河台校舎,化学安全工学 {A}
まちづくり工学専攻,後期,月,4,S1201,タワースコラ,プロジェクトマネジメント特論
数学科,後期,月,4,S202,タワースコラ,代数学幾何学Ｄ {2}↓連続２時限
建築学科,後期,月,4,S204,タワースコラ,建築計画Ⅱ {2}
建築学科,後期,月,4,S301,タワースコラ,建築材料Ⅱ {1}
数学科,後期,月,4,S304,タワースコラ,微分積分学Ｄ {1}↓連続２時限
航空宇宙工学専攻,後期,月,4,S305,タワースコラ,破壊力学 {隔週}↓連続２時限【後期隔週】
まちづくり工学科,後期,月,4,S401,タワースコラ,建築生産
建築学専攻,後期,月,4,S403,タワースコラ,構造動力学特論Ⅱ
土木工学専攻,後期,月,4,S406,タワースコラ,構造デザイン論
建築学科,後期,月,4,S505,タワースコラ,ランドスケープデザイン
電気工学専攻,後期,月,4,S602,タワースコラ,情報工学特論 ＊
土木工学科,後期,月,4,1011,船橋校舎,倫理学 {I群}
交通システム工学科,後期,月,4,1011,船橋校舎,倫理学 {I群}
交通システム工学科,後期,月,4,1011,船橋校舎,倫理学 {I群}
建築学科,後期,月,4,1011,船橋校舎,倫理学 {I群}
海洋建築工学科,後期,月,4,1011,船橋校舎,倫理学 {I群}
機械工学科,後期,月,4,1011,船橋校舎,倫理学 {I群}
精密機械工学科,後期,月,4,1011,船橋校舎,倫理学 {I群}
航空宇宙工学科,後期,月,4,1011,船橋校舎,倫理学 {I群}
電気工学科,後期,月,4,1011,船橋校舎,倫理学 {I群}
電子工学科,後期,月,4,1011,船橋校舎,倫理学 {I群}
物質応用化学科,後期,月,4,1011,船橋校舎,倫理学 {I群}
物理学科,後期,月,4,1011,船橋校舎,倫理学 {I群}
数学科,後期,月,4,1011,船橋校舎,倫理学 {I群}
まちづくり工学科,後期,月,4,1011,船橋校舎,倫理学 {I群}
応用情報工学科,後期,月,4,1011,船橋校舎,倫理学 {I群}
一般教育,後期,月,4,1011,船橋校舎,倫理学 {I群}
土木工学科,後期,月,4,1012,船橋校舎,ことばと文化 {I群}
交通システム工学科,後期,月,4,1012,船橋校舎,ことばと文化 {I群}
交通システム工学科,後期,月,4,1012,船橋校舎,ことばと文化 {I群}
建築学科,後期,月,4,1012,船橋校舎,ことばと文化 {I群}
海洋建築工学科,後期,月,4,1012,船橋校舎,ことばと文化 {I群}
機械工学科,後期,月,4,1012,船橋校舎,ことばと文化 {I群}
精密機械工学科,後期,月,4,1012,船橋校舎,ことばと文化 {I群}
航空宇宙工学科,後期,月,4,1012,船橋校舎,ことばと文化 {I群}
電気工学科,後期,月,4,1012,船橋校舎,ことばと文化 {I群}
電子工学科,後期,月,4,1012,船橋校舎,ことばと文化 {I群}
物質応用化学科,後期,月,4,1012,船橋校舎,ことばと文化 {I群}
物理学科,後期,月,4,1012,船橋校舎,ことばと文化 {I群}
数学科,後期,月,4,1012,船橋校舎,ことばと文化 {I群}
まちづくり工学科,後期,月,4,1012,船橋校舎,ことばと文化 {I群}
応用情報工学科,後期,月,4,1012,船橋校舎,ことばと文化 {I群}
一般教育,後期,月,4,1012,船橋校舎,ことばと文化 {I群}
土木工学科,後期,月,4,1013,船橋校舎,法学 {I群}
交通システム工学科,後期,月,4,1013,船橋校舎,法学 {I群}
交通システム工学科,後期,月,4,1013,船橋校舎,法学 {I群}
建築学科,後期,月,4,1013,船橋校舎,法学 {I群}
海洋建築工学科,後期,月,4,1013,船橋校舎,法学 {I群}
機械工学科,後期,月,4,1013,船橋校舎,法学 {I群}
精密機械工学科,後期,月,4,1013,船橋校舎,法学 {I群}
航空宇宙工学科,後期,月,4,1013,船橋校舎,法学 {I群}
電気工学科,後期,月,4,1013,船橋校舎,法学 {I群}
電子工学科,後期,月,4,1013,船橋校舎,法学 {I群}
物質応用化学科,後期,月,4,1013,船橋校舎,法学 {I群}
物理学科,後期,月,4,1013,船橋校舎,法学 {I群}
数学科,後期,月,4,1013,船橋校舎,法学 {I群}
まちづくり工学科,後期,月,4,1013,船橋校舎,法学 {I群}
応用情報工学科,後期,月,4,1013,船橋校舎,法学 {I群}
一般教育,後期,月,4,1013,船橋校舎,法学 {I群}
土木工学科,後期,月,4,1021,船橋校舎,社会学 {I群}
交通システム工学科,後期,月,4,1021,船橋校舎,社会学 {I群}
交通システム工学科,後期,月,4,1021,船橋校舎,社会学 {I群}
建築学科,後期,月,4,1021,船橋校舎,社会学 {I群}
海洋建築工学科,後期,月,4,1021,船橋校舎,社会学 {I群}
機械工学科,後期,月,4,1021,船橋校舎,社会学 {I群}
精密機械工学科,後期,月,4,1021,船橋校舎,社会学 {I群}
航空宇宙工学科,後期,月,4,1021,船橋校舎,社会学 {I群}
電気工学科,後期,月,4,1021,船橋校舎,社会学 {I群}
電子工学科,後期,月,4,1021,船橋校舎,社会学 {I群}
物質応用化学科,後期,月,4,1021,船橋校舎,社会学 {I群}
物理学科,後期,月,4,1021,船橋校舎,社会学 {I群}
数学科,後期,月,4,1021,船橋校舎,社会学 {I群}
まちづくり工学科,後期,月,4,1021,船橋校舎,社会学 {I群}
応用情報工学科,後期,月,4,1021,船橋校舎,社会学 {I群}
一般教育,後期,月,4,1021,船橋校舎,社会学 {I群}
土木工学科,後期,月,4,1022,船橋校舎,科学技術史 {III群}
交通システム工学科,後期,月,4,1022,船橋校舎,科学技術史 {III群}
交通システム工学科,後期,月,4,1022,船橋校舎,科学技術史 {III群}
建築学科,後期,月,4,1022,船橋校舎,科学技術史 {III群}
海洋建築工学科,後期,月,4,1022,船橋校舎,科学技術史 {III群}
機械工学科,後期,月,4,1022,船橋校舎,科学技術史 {III群}
精密機械工学科,後期,月,4,1022,船橋校舎,科学技術史 {III群}
航空宇宙工学科,後期,月,4,1022,船橋校舎,科学技術史 {III群}
電気工学科,後期,月,4,1022,船橋校舎,科学技術史 {III群}
電子工学科,後期,月,4,1022,船橋校舎,科学技術史 {III群}
物質応用化学科,後期,月,4,1022,船橋校舎,科学技術史 {III群}
物理学科,後期,月,4,1022,船橋校舎,科学技術史 {III群}
数学科,後期,月,4,1022,船橋校舎,科学技術史 {III群}
まちづくり工学科,後期,月,4,1022,船橋校舎,科学技術史 {III群}
応用情報工学科,後期,月,4,1022,船橋校舎,科学技術史 {III群}
一般教育,後期,月,4,1022,船橋校舎,科学技術史 {III群}
土木工学科,後期,月,4,1023,船橋校舎,経済学 {I群}
交通システム工学科,後期,月,4,1023,船橋校舎,経済学 {I群}
交通システム工学科,後期,月,4,1023,船橋校舎,経済学 {I群}
建築学科,後期,月,4,1023,船橋校舎,経済学 {I群}
海洋建築工学科,後期,月,4,1023,船橋校舎,経済学 {I群}
機械工学科,後期,月,4,1023,船橋校舎,経済学 {I群}
精密機械工学科,後期,月,4,1023,船橋校舎,経済学 {I群}
航空宇宙工学科,後期,月,4,1023,船橋校舎,経済学 {I群}
電気工学科,後期,月,4,1023,船橋校舎,経済学 {I群}
電子工学科,後期,月,4,1023,船橋校舎,経済学 {I群}
物質応用化学科,後期,月,4,1023,船橋校舎,経済学 {I群}
物理学科,後期,月,4,1023,船橋校舎,経済学 {I群}
数学科,後期,月,4,1023,船橋校舎,経済学 {I群}
まちづくり工学科,後期,月,4,1023,船橋校舎,経済学 {I群}
応用情報工学科,後期,月,4,1023,船橋校舎,経済学 {I群}
一般教育,後期,月,4,1023,船橋校舎,経済学 {I群}
土木工学科,後期,月,4,1031,船橋校舎,哲学 {II群}
交通システム工学科,後期,月,4,1031,船橋校舎,哲学 {II群}
交通システム工学科,後期,月,4,1031,船橋校舎,哲学 {II群}
建築学科,後期,月,4,1031,船橋校舎,哲学 {II群}
海洋建築工学科,後期,月,4,1031,船橋校舎,哲学 {II群}
機械工学科,後期,月,4,1031,船橋校舎,哲学 {II群}
精密機械工学科,後期,月,4,1031,船橋校舎,哲学 {II群}
航空宇宙工学科,後期,月,4,1031,船橋校舎,哲学 {II群}
電気工学科,後期,月,4,1031,船橋校舎,哲学 {II群}
電子工学科,後期,月,4,1031,船橋校舎,哲学 {II群}
物質応用化学科,後期,月,4,1031,船橋校舎,哲学 {II群}
物理学科,後期,月,4,1031,船橋校舎,哲学 {II群}
数学科,後期,月,4,1031,船橋校舎,哲学 {II群}
まちづくり工学科,後期,月,4,1031,船橋校舎,哲学 {II群}
応用情報工学科,後期,月,4,1031,船橋校舎,哲学 {II群}
一般教育,後期,月,4,1031,船橋校舎,哲学 {II群}
土木工学科,後期,月,4,1032,船橋校舎,感性芸術学 {II群}
交通システム工学科,後期,月,4,1032,船橋校舎,感性芸術学 {II群}
交通システム工学科,後期,月,4,1032,船橋校舎,感性芸術学 {II群}
建築学科,後期,月,4,1032,船橋校舎,感性芸術学 {II群}
海洋建築工学科,後期,月,4,1032,船橋校舎,感性芸術学 {II群}
機械工学科,後期,月,4,1032,船橋校舎,感性芸術学 {II群}
精密機械工学科,後期,月,4,1032,船橋校舎,感性芸術学 {II群}
航空宇宙工学科,後期,月,4,1032,船橋校舎,感性芸術学 {II群}
電気工学科,後期,月,4,1032,船橋校舎,感性芸術学 {II群}
電子工学科,後期,月,4,1032,船橋校舎,感性芸術学 {II群}
物質応用化学科,後期,月,4,1032,船橋校舎,感性芸術学 {II群}
物理学科,後期,月,4,1032,船橋校舎,感性芸術学 {II群}
数学科,後期,月,4,1032,船橋校舎,感性芸術学 {II群}
まちづくり工学科,後期,月,4,1032,船橋校舎,感性芸術学 {II群}
応用情報工学科,後期,月,4,1032,船橋校舎,感性芸術学 {II群}
一般教育,後期,月,4,1032,船橋校舎,感性芸術学 {II群}
土木工学科,後期,月,4,1033,船橋校舎,日本語表現の基礎 {II群}
交通システム工学科,後期,月,4,1033,船橋校舎,日本語表現の基礎 {II群}
交通システム工学科,後期,月,4,1033,船橋校舎,日本語表現の基礎 {II群}
建築学科,後期,月,4,1033,船橋校舎,日本語表現の基礎 {II群}
海洋建築工学科,後期,月,4,1033,船橋校舎,日本語表現の基礎 {II群}
機械工学科,後期,月,4,1033,船橋校舎,日本語表現の基礎 {II群}
精密機械工学科,後期,月,4,1033,船橋校舎,日本語表現の基礎 {II群}
航空宇宙工学科,後期,月,4,1033,船橋校舎,日本語表現の基礎 {II群}
電気工学科,後期,月,4,1033,船橋校舎,日本語表現の基礎 {II群}
電子工学科,後期,月,4,1033,船橋校舎,日本語表現の基礎 {II群}
物質応用化学科,後期,月,4,1033,船橋校舎,日本語表現の基礎 {II群}
物理学科,後期,月,4,1033,船橋校舎,日本語表現の基礎 {II群}
数学科,後期,月,4,1033,船橋校舎,日本語表現の基礎 {II群}
まちづくり工学科,後期,月,4,1033,船橋校舎,日本語表現の基礎 {II群}
応用情報工学科,後期,月,4,1033,船橋校舎,日本語表現の基礎 {II群}
一般教育,後期,月,4,1033,船橋校舎,日本語表現の基礎 {II群}
土木工学科,後期,月,4,1041,船橋校舎,心理学 {II群}
交通システム工学科,後期,月,4,1041,船橋校舎,心理学 {II群}
交通システム工学科,後期,月,4,1041,船橋校舎,心理学 {II群}
建築学科,後期,月,4,1041,船橋校舎,心理学 {II群}
海洋建築工学科,後期,月,4,1041,船橋校舎,心理学 {II群}
機械工学科,後期,月,4,1041,船橋校舎,心理学 {II群}
精密機械工学科,後期,月,4,1041,船橋校舎,心理学 {II群}
航空宇宙工学科,後期,月,4,1041,船橋校舎,心理学 {II群}
電気工学科,後期,月,4,1041,船橋校舎,心理学 {II群}
電子工学科,後期,月,4,1041,船橋校舎,心理学 {II群}
物質応用化学科,後期,月,4,1041,船橋校舎,心理学 {II群}
物理学科,後期,月,4,1041,船橋校舎,心理学 {II群}
数学科,後期,月,4,1041,船橋校舎,心理学 {II群}
まちづくり工学科,後期,月,4,1041,船橋校舎,心理学 {II群}
応用情報工学科,後期,月,4,1041,船橋校舎,心理学 {II群}
一般教育,後期,月,4,1041,船橋校舎,心理学 {II群}
土木工学科,後期,月,4,1042,船橋校舎,技術者倫理 {III群}
交通システム工学科,後期,月,4,1042,船橋校舎,技術者倫理 {III群}
交通システム工学科,後期,月,4,1042,船橋校舎,技術者倫理 {III群}
建築学科,後期,月,4,1042,船橋校舎,技術者倫理 {III群}
海洋建築工学科,後期,月,4,1042,船橋校舎,技術者倫理 {III群}
機械工学科,後期,月,4,1042,船橋校舎,技術者倫理 {III群}
精密機械工学科,後期,月,4,1042,船橋校舎,技術者倫理 {III群}
航空宇宙工学科,後期,月,4,1042,船橋校舎,技術者倫理 {III群}
電気工学科,後期,月,4,1042,船橋校舎,技術者倫理 {III群}
電子工学科,後期,月,4,1042,船橋校舎,技術者倫理 {III群}
物質応用化学科,後期,月,4,1042,船橋校舎,技術者倫理 {III群}
物理学科,後期,月,4,1042,船橋校舎,技術者倫理 {III群}
数学科,後期,月,4,1042,船橋校舎,技術者倫理 {III群}
まちづくり工学科,後期,月,4,1042,船橋校舎,技術者倫理 {III群}
応用情報工学科,後期,月,4,1042,船橋校舎,技術者倫理 {III群}
一般教育,後期,月,4,1042,船橋校舎,技術者倫理 {III群}
土木工学科,後期,月,4,105,船橋校舎,基礎物理学実験 {年間隔週}↓連続２時限【年間隔週】
交通システム工学科,後期,月,4,105,船橋校舎,基礎物理学実験 {年間隔週}↓連続２時限【年間隔週】
交通システム工学科,後期,月,4,105,船橋校舎,基礎物理学実験 {年間隔週}↓連続２時限【年間隔週】
建築学科,後期,月,4,105,船橋校舎,基礎物理学実験 {年間隔週}↓連続２時限【年間隔週】
海洋建築工学科,後期,月,4,105,船橋校舎,基礎物理学実験 {年間隔週}↓連続２時限【年間隔週】
機械工学科,後期,月,4,105,船橋校舎,基礎物理学実験 {年間隔週}↓連続２時限【年間隔週】
精密機械工学科,後期,月,4,105,船橋校舎,基礎物理学実験 {年間隔週}↓連続２時限【年間隔週】
航空宇宙工学科,後期,月,4,105,船橋校舎,基礎物理学実験 {年間隔週}↓連続２時限【年間隔週】
電気工学科,後期,月,4,105,船橋校舎,基礎物理学実験 {年間隔週}↓連続２時限【年間隔週】
電子工学科,後期,月,4,105,船橋校舎,基礎物理学実験 {年間隔週}↓連続２時限【年間隔週】
物質応用化学科,後期,月,4,105,船橋校舎,基礎物理学実験 {年間隔週}↓連続２時限【年間隔週】
物理学科,後期,月,4,105,船橋校舎,基礎物理学実験 {年間隔週}↓連続２時限【年間隔週】
数学科,後期,月,4,105,船橋校舎,基礎物理学実験 {年間隔週}↓連続２時限【年間隔週】
まちづくり工学科,後期,月,4,105,船橋校舎,基礎物理学実験 {年間隔週}↓連続２時限【年間隔週】
応用情報工学科,後期,月,4,105,船橋校舎,基礎物理学実験 {年間隔週}↓連続２時限【年間隔週】
一般教育,後期,月,4,105,船橋校舎,基礎物理学実験 {年間隔週}↓連続２時限【年間隔週】
海洋建築工学科,後期,月,4,1112,船橋校舎,物質の構造と状態 {1}
海洋建築工学科,後期,月,4,1113,船橋校舎,物質の構造と状態 {2}
物質応用化学科,後期,月,4,1121,船橋校舎,熱とエントロピーの物理学 {A}{後隔}↓連続２時限【後期隔週】
物質応用化学科,後期,月,4,1121,船橋校舎,熱とエントロピーの物理学 {B}{後隔}↓連続２時限【後期隔週】
航空宇宙工学科,後期,月,4,1122/3,船橋校舎,航空宇宙工学実験ⅡB {未来}↓連続２時限
土木工学科,後期,月,4,113,船橋校舎,基礎物理学実験 {年間隔週}↓連続２時限【年間隔週】
交通システム工学科,後期,月,4,113,船橋校舎,基礎物理学実験 {年間隔週}↓連続２時限【年間隔週】
交通システム工学科,後期,月,4,113,船橋校舎,基礎物理学実験 {年間隔週}↓連続２時限【年間隔週】
建築学科,後期,月,4,113,船橋校舎,基礎物理学実験 {年間隔週}↓連続２時限【年間隔週】
海洋建築工学科,後期,月,4,113,船橋校舎,基礎物理学実験 {年間隔週}↓連続２時限【年間隔週】
機械工学科,後期,月,4,113,船橋校舎,基礎物理学実験 {年間隔週}↓連続２時限【年間隔週】
精密機械工学科,後期,月,4,113,船橋校舎,基礎物理学実験 {年間隔週}↓連続２時限【年間隔週】
航空宇宙工学科,後期,月,4,113,船橋校舎,基礎物理学実験 {年間隔週}↓連続２時限【年間隔週】
電気工学科,後期,月,4,113,船橋校舎,基礎物理学実験 {年間隔週}↓連続２時限【年間隔週】
電子工学科,後期,月,4,113,船橋校舎,基礎物理学実験 {年間隔週}↓連続２時限【年間隔週】
物質応用化学科,後期,月,4,113,船橋校舎,基礎物理学実験 {年間隔週}↓連続２時限【年間隔週】
物理学科,後期,月,4,113,船橋校舎,基礎物理学実験 {年間隔週}↓連続２時限【年間隔週】
数学科,後期,月,4,113,船橋校舎,基礎物理学実験 {年間隔週}↓連続２時限【年間隔週】
まちづくり工学科,後期,月,4,113,船橋校舎,基礎物理学実験 {年間隔週}↓連続２時限【年間隔週】
応用情報工学科,後期,月,4,113,船橋校舎,基礎物理学実験 {年間隔週}↓連続２時限【年間隔週】
一般教育,後期,月,4,113,船橋校舎,基礎物理学実験 {年間隔週}↓連続２時限【年間隔週】
機械工学科,後期,月,4,1131,船橋校舎,数学演習Ⅱ {A}
機械工学科,後期,月,4,1132,船橋校舎,数学演習Ⅱ {B}
一般教育,後期,月,4,1133,船橋校舎,関数論Ⅱ
土木工学科,後期,月,4,1201,船橋校舎,データの解析 {2}↓連続２時限
電子工学科,後期,月,4,1202,船橋校舎,計算機ソフトウェア及び演習 {1}↓連続２時限
応用情報工学科,後期,月,4,1223,船橋校舎,情報工学実験Ⅰ {年間隔週}↓連続２時限【年間隔週】
電子工学科,後期,月,4,1231,船橋校舎,英語ⅠB
電子工学科,後期,月,4,1232,船橋校舎,英語ⅠB
電子工学科,後期,月,4,1233,船橋校舎,英語ⅠB
航空宇宙工学科,後期,月,4,1234,船橋校舎,航空宇宙工学実験ⅡB {未来}↓連続２時限
海洋建築工学科,後期,月,4,1325,船橋校舎,海洋環境工学Ⅰ
精密機械工学科,後期,月,4,1326,船橋校舎,メカトロニクス
土木工学科,後期,月,4,134,船橋校舎,基礎物理学実験 {年間隔週}↓連続２時限【年間隔週】
交通システム工学科,後期,月,4,134,船橋校舎,基礎物理学実験 {年間隔週}↓連続２時限【年間隔週】
交通システム工学科,後期,月,4,134,船橋校舎,基礎物理学実験 {年間隔週}↓連続２時限【年間隔週】
建築学科,後期,月,4,134,船橋校舎,基礎物理学実験 {年間隔週}↓連続２時限【年間隔週】
海洋建築工学科,後期,月,4,134,船橋校舎,基礎物理学実験 {年間隔週}↓連続２時限【年間隔週】
機械工学科,後期,月,4,134,船橋校舎,基礎物理学実験 {年間隔週}↓連続２時限【年間隔週】
精密機械工学科,後期,月,4,134,船橋校舎,基礎物理学実験 {年間隔週}↓連続２時限【年間隔週】
航空宇宙工学科,後期,月,4,134,船橋校舎,基礎物理学実験 {年間隔週}↓連続２時限【年間隔週】
電気工学科,後期,月,4,134,船橋校舎,基礎物理学実験 {年間隔週}↓連続２時限【年間隔週】
電子工学科,後期,月,4,134,船橋校舎,基礎物理学実験 {年間隔週}↓連続２時限【年間隔週】
物質応用化学科,後期,月,4,134,船橋校舎,基礎物理学実験 {年間隔週}↓連続２時限【年間隔週】
物理学科,後期,月,4,134,船橋校舎,基礎物理学実験 {年間隔週}↓連続２時限【年間隔週】
数学科,後期,月,4,134,船橋校舎,基礎物理学実験 {年間隔週}↓連続２時限【年間隔週】
まちづくり工学科,後期,月,4,134,船橋校舎,基礎物理学実験 {年間隔週}↓連続２時限【年間隔週】
応用情報工学科,後期,月,4,134,船橋校舎,基礎物理学実験 {年間隔週}↓連続２時限【年間隔週】
一般教育,後期,月,4,134,船橋校舎,基礎物理学実験 {年間隔週}↓連続２時限【年間隔週】
土木工学科,後期,月,4,1424,船橋校舎,データの解析 {2}↓連続２時限
交通システム工学科,後期,月,4,1424,船橋校舎,建設材料
交通システム工学科,後期,月,4,1424,船橋校舎,建設材料
土木工学科,後期,月,4,143,船橋校舎,基礎物理学実験 {年間隔週}↓連続２時限【年間隔週】
交通システム工学科,後期,月,4,143,船橋校舎,基礎物理学実験 {年間隔週}↓連続２時限【年間隔週】
交通システム工学科,後期,月,4,143,船橋校舎,基礎物理学実験 {年間隔週}↓連続２時限【年間隔週】
建築学科,後期,月,4,143,船橋校舎,基礎物理学実験 {年間隔週}↓連続２時限【年間隔週】
海洋建築工学科,後期,月,4,143,船橋校舎,基礎物理学実験 {年間隔週}↓連続２時限【年間隔週】
機械工学科,後期,月,4,143,船橋校舎,基礎物理学実験 {年間隔週}↓連続２時限【年間隔週】
精密機械工学科,後期,月,4,143,船橋校舎,基礎物理学実験 {年間隔週}↓連続２時限【年間隔週】
航空宇宙工学科,後期,月,4,143,船橋校舎,基礎物理学実験 {年間隔週}↓連続２時限【年間隔週】
電気工学科,後期,月,4,143,船橋校舎,基礎物理学実験 {年間隔週}↓連続２時限【年間隔週】
電子工学科,後期,月,4,143,船橋校舎,基礎物理学実験 {年間隔週}↓連続２時限【年間隔週】
物質応用化学科,後期,月,4,143,船橋校舎,基礎物理学実験 {年間隔週}↓連続２時限【年間隔週】
物理学科,後期,月,4,143,船橋校舎,基礎物理学実験 {年間隔週}↓連続２時限【年間隔週】
数学科,後期,月,4,143,船橋校舎,基礎物理学実験 {年間隔週}↓連続２時限【年間隔週】
まちづくり工学科,後期,月,4,143,船橋校舎,基礎物理学実験 {年間隔週}↓連続２時限【年間隔週】
応用情報工学科,後期,月,4,143,船橋校舎,基礎物理学実験 {年間隔週}↓連続２時限【年間隔週】
一般教育,後期,月,4,143,船橋校舎,基礎物理学実験 {年間隔週}↓連続２時限【年間隔週】
交通システム工学専攻,後期,月,4,1434,船橋校舎,データ処理プロファイリング特論
土木工学科,後期,月,4,144,船橋校舎,基礎物理学実験 {年間隔週}↓連続２時限【年間隔週】
交通システム工学科,後期,月,4,144,船橋校舎,基礎物理学実験 {年間隔週}↓連続２時限【年間隔週】
交通システム工学科,後期,月,4,144,船橋校舎,基礎物理学実験 {年間隔週}↓連続２時限【年間隔週】
建築学科,後期,月,4,144,船橋校舎,基礎物理学実験 {年間隔週}↓連続２時限【年間隔週】
海洋建築工学科,後期,月,4,144,船橋校舎,基礎物理学実験 {年間隔週}↓連続２時限【年間隔週】
機械工学科,後期,月,4,144,船橋校舎,基礎物理学実験 {年間隔週}↓連続２時限【年間隔週】
精密機械工学科,後期,月,4,144,船橋校舎,基礎物理学実験 {年間隔週}↓連続２時限【年間隔週】
航空宇宙工学科,後期,月,4,144,船橋校舎,基礎物理学実験 {年間隔週}↓連続２時限【年間隔週】
電気工学科,後期,月,4,144,船橋校舎,基礎物理学実験 {年間隔週}↓連続２時限【年間隔週】
電子工学科,後期,月,4,144,船橋校舎,基礎物理学実験 {年間隔週}↓連続２時限【年間隔週】
物質応用化学科,後期,月,4,144,船橋校舎,基礎物理学実験 {年間隔週}↓連続２時限【年間隔週】
物理学科,後期,月,4,144,船橋校舎,基礎物理学実験 {年間隔週}↓連続２時限【年間隔週】
数学科,後期,月,4,144,船橋校舎,基礎物理学実験 {年間隔週}↓連続２時限【年間隔週】
まちづくり工学科,後期,月,4,144,船橋校舎,基礎物理学実験 {年間隔週}↓連続２時限【年間隔週】
応用情報工学科,後期,月,4,144,船橋校舎,基礎物理学実験 {年間隔週}↓連続２時限【年間隔週】
一般教育,後期,月,4,144,船橋校舎,基礎物理学実験 {年間隔週}↓連続２時限【年間隔週】
精密機械工学科,後期,月,4,1441,船橋校舎,機械設計製図ⅡB {未来}↓連続２時限
交通システム工学科,後期,月,4,1442,船橋校舎,舗装工学
交通システム工学科,後期,月,4,1442,船橋校舎,舗装工学
物理学科,後期,月,4,1443,船橋校舎,力学演習↓連続２時限
物理学科,後期,月,4,1444,船橋校舎,力学演習↓連続２時限
海洋建築工学専攻,後期,月,4,1452,船橋校舎,沿岸構造物設計特論
精密機械工学専攻,後期,月,4,1453,船橋校舎,精密計測特論Ⅱ ＊
電子工学専攻,後期,月,4,1454,船橋校舎,情報・記憶素子特論 {同時開講}
情報科学専攻,後期,月,4,1454,船橋校舎,情報・記憶素子特論 {同時開講}
航空宇宙工学科,後期,月,4,1456/7/8,船橋校舎,航空宇宙工学実験ⅡB {未来}↓連続２時限
応用情報工学科,後期,月,4,221,船橋校舎,情報工学実験Ⅲ↓連続２時限【年間】
応用情報工学科,後期,月,4,231,船橋校舎,情報工学実験Ⅰ {年間隔週}↓連続２時限【年間隔週】
航空宇宙工学科,後期,月,4,341,船橋校舎,航空宇宙工学実験ⅡB {未来}↓連続２時限
航空宇宙工学科,後期,月,4,342,船橋校舎,航空宇宙工学実験ⅡB {未来}↓連続２時限
物理学科,後期,月,4,624,船橋校舎,力学演習↓連続２時限
物理学科,後期,月,4,625,船橋校舎,力学演習↓連続２時限
精密機械工学科,後期,月,4,742,船橋校舎,機械設計製図ⅡB {未来}↓連続２時限
土木工学科,後期,月,4,819,船橋校舎,基礎化学実験 {年間隔週}↓連続２時限【年間隔週】
交通システム工学科,後期,月,4,819,船橋校舎,基礎化学実験 {年間隔週}↓連続２時限【年間隔週】
交通システム工学科,後期,月,4,819,船橋校舎,基礎化学実験 {年間隔週}↓連続２時限【年間隔週】
建築学科,後期,月,4,819,船橋校舎,基礎化学実験 {年間隔週}↓連続２時限【年間隔週】
海洋建築工学科,後期,月,4,819,船橋校舎,基礎化学実験 {年間隔週}↓連続２時限【年間隔週】
機械工学科,後期,月,4,819,船橋校舎,基礎化学実験 {年間隔週}↓連続２時限【年間隔週】
精密機械工学科,後期,月,4,819,船橋校舎,基礎化学実験 {年間隔週}↓連続２時限【年間隔週】
航空宇宙工学科,後期,月,4,819,船橋校舎,基礎化学実験 {年間隔週}↓連続２時限【年間隔週】
電気工学科,後期,月,4,819,船橋校舎,基礎化学実験 {年間隔週}↓連続２時限【年間隔週】
電子工学科,後期,月,4,819,船橋校舎,基礎化学実験 {年間隔週}↓連続２時限【年間隔週】
物質応用化学科,後期,月,4,819,船橋校舎,基礎化学実験 {年間隔週}↓連続２時限【年間隔週】
物理学科,後期,月,4,819,船橋校舎,基礎化学実験 {年間隔週}↓連続２時限【年間隔週】
数学科,後期,月,4,819,船橋校舎,基礎化学実験 {年間隔週}↓連続２時限【年間隔週】
まちづくり工学科,後期,月,4,819,船橋校舎,基礎化学実験 {年間隔週}↓連続２時限【年間隔週】
応用情報工学科,後期,月,4,819,船橋校舎,基礎化学実験 {年間隔週}↓連続２時限【年間隔週】
一般教育,後期,月,4,819,船橋校舎,基礎化学実験 {年間隔週}↓連続２時限【年間隔週】
土木工学科,後期,月,4,826,船橋校舎,基礎化学実験 {年間隔週}↓連続２時限【年間隔週】
交通システム工学科,後期,月,4,826,船橋校舎,基礎化学実験 {年間隔週}↓連続２時限【年間隔週】
交通システム工学科,後期,月,4,826,船橋校舎,基礎化学実験 {年間隔週}↓連続２時限【年間隔週】
建築学科,後期,月,4,826,船橋校舎,基礎化学実験 {年間隔週}↓連続２時限【年間隔週】
海洋建築工学科,後期,月,4,826,船橋校舎,基礎化学実験 {年間隔週}↓連続２時限【年間隔週】
機械工学科,後期,月,4,826,船橋校舎,基礎化学実験 {年間隔週}↓連続２時限【年間隔週】
精密機械工学科,後期,月,4,826,船橋校舎,基礎化学実験 {年間隔週}↓連続２時限【年間隔週】
航空宇宙工学科,後期,月,4,826,船橋校舎,基礎化学実験 {年間隔週}↓連続２時限【年間隔週】
電気工学科,後期,月,4,826,船橋校舎,基礎化学実験 {年間隔週}↓連続２時限【年間隔週】
電子工学科,後期,月,4,826,船橋校舎,基礎化学実験 {年間隔週}↓連続２時限【年間隔週】
物質応用化学科,後期,月,4,826,船橋校舎,基礎化学実験 {年間隔週}↓連続２時限【年間隔週】
物理学科,後期,月,4,826,船橋校舎,基礎化学実験 {年間隔週}↓連続２時限【年間隔週】
数学科,後期,月,4,826,船橋校舎,基礎化学実験 {年間隔週}↓連続２時限【年間隔週】
まちづくり工学科,後期,月,4,826,船橋校舎,基礎化学実験 {年間隔週}↓連続２時限【年間隔週】
応用情報工学科,後期,月,4,826,船橋校舎,基礎化学実験 {年間隔週}↓連続２時限【年間隔週】
一般教育,後期,月,4,826,船橋校舎,基礎化学実験 {年間隔週}↓連続２時限【年間隔週】
土木工学科,後期,月,4,829,船橋校舎,基礎化学実験 {年間隔週}↓連続２時限【年間隔週】
交通システム工学科,後期,月,4,829,船橋校舎,基礎化学実験 {年間隔週}↓連続２時限【年間隔週】
交通システム工学科,後期,月,4,829,船橋校舎,基礎化学実験 {年間隔週}↓連続２時限【年間隔週】
建築学科,後期,月,4,829,船橋校舎,基礎化学実験 {年間隔週}↓連続２時限【年間隔週】
海洋建築工学科,後期,月,4,829,船橋校舎,基礎化学実験 {年間隔週}↓連続２時限【年間隔週】
機械工学科,後期,月,4,829,船橋校舎,基礎化学実験 {年間隔週}↓連続２時限【年間隔週】
精密機械工学科,後期,月,4,829,船橋校舎,基礎化学実験 {年間隔週}↓連続２時限【年間隔週】
航空宇宙工学科,後期,月,4,829,船橋校舎,基礎化学実験 {年間隔週}↓連続２時限【年間隔週】
電気工学科,後期,月,4,829,船橋校舎,基礎化学実験 {年間隔週}↓連続２時限【年間隔週】
電子工学科,後期,月,4,829,船橋校舎,基礎化学実験 {年間隔週}↓連続２時限【年間隔週】
物質応用化学科,後期,月,4,829,船橋校舎,基礎化学実験 {年間隔週}↓連続２時限【年間隔週】
物理学科,後期,月,4,829,船橋校舎,基礎化学実験 {年間隔週}↓連続２時限【年間隔週】
数学科,後期,月,4,829,船橋校舎,基礎化学実験 {年間隔週}↓連続２時限【年間隔週】
まちづくり工学科,後期,月,4,829,船橋校舎,基礎化学実験 {年間隔週}↓連続２時限【年間隔週】
応用情報工学科,後期,月,4,829,船橋校舎,基礎化学実験 {年間隔週}↓連続２時限【年間隔週】
一般教育,後期,月,4,829,船橋校舎,基礎化学実験 {年間隔週}↓連続２時限【年間隔週】
土木工学科,後期,月,4,測量実習ｾﾝﾀｰ(演習室AB),船橋校舎,測量実習Ⅱ {1}↓連続２時限
まちづくり工学科,後期,月,4,134,駿河台校舎,交通総論
機械工学科,後期,月,4,141,駿河台校舎,材料力学Ⅱ {A}
数学科,後期,月,4,142,駿河台校舎,数学総合演習
機械工学科,後期,月,4,144,駿河台校舎,機械力学Ⅱ {B}
物理学科,後期,月,4,151,駿河台校舎,回路理論
電気工学科,後期,月,4,1511電気実験室,駿河台校舎,電気電子工学実験 {A}↓連続２時限
電気工学科,後期,月,4,1511電気実験室,駿河台校舎,電気工学実験Ⅰ {B}↓連続２時限
数学科,後期,月,4,152,駿河台校舎,現代幾何学Ⅱ
物質応用化学専攻,後期,月,4,831,駿河台校舎,分析化学特論Ⅱ
物質応用化学科,後期,月,4,852,駿河台校舎,化学安全工学 {B}
まちづくり工学科,後期,月,5,S1201,タワースコラ,まちづくり工学キャリアデザイン
一般教育,後期,月,5,S201,タワースコラ,数理統計学Ⅱ
土木工学専攻,後期,月,5,S202,タワースコラ,アントレプレナーシップ ｻﾃﾗｲﾄ 新ｶﾘ
交通システム工学専攻,後期,月,5,S202,タワースコラ,アントレプレナーシップ ｻﾃﾗｲﾄ 新ｶﾘ
建築学専攻,後期,月,5,S202,タワースコラ,アントレプレナーシップ ｻﾃﾗｲﾄ 新ｶﾘ
海洋建築工学専攻,後期,月,5,S202,タワースコラ,アントレプレナーシップ ｻﾃﾗｲﾄ 新ｶﾘ
機械工学専攻,後期,月,5,S202,タワースコラ,アントレプレナーシップ ｻﾃﾗｲﾄ 新ｶﾘ
精密機械工学専攻,後期,月,5,S202,タワースコラ,アントレプレナーシップ ｻﾃﾗｲﾄ 新ｶﾘ
航空宇宙工学専攻,後期,月,5,S202,タワースコラ,アントレプレナーシップ ｻﾃﾗｲﾄ 新ｶﾘ
電気工学専攻,後期,月,5,S202,タワースコラ,アントレプレナーシップ ｻﾃﾗｲﾄ 新ｶﾘ
電子工学専攻,後期,月,5,S202,タワースコラ,アントレプレナーシップ ｻﾃﾗｲﾄ 新ｶﾘ
物質応用化学専攻,後期,月,5,S202,タワースコラ,アントレプレナーシップ ｻﾃﾗｲﾄ 新ｶﾘ
物理学専攻,後期,月,5,S202,タワースコラ,アントレプレナーシップ ｻﾃﾗｲﾄ 新ｶﾘ
数学専攻,後期,月,5,S202,タワースコラ,アントレプレナーシップ ｻﾃﾗｲﾄ 新ｶﾘ
情報科学専攻,後期,月,5,S202,タワースコラ,アントレプレナーシップ ｻﾃﾗｲﾄ 新ｶﾘ
量子理工学専攻,後期,月,5,S202,タワースコラ,アントレプレナーシップ ｻﾃﾗｲﾄ 新ｶﾘ
まちづくり工学専攻,後期,月,5,S202,タワースコラ,アントレプレナーシップ ｻﾃﾗｲﾄ 新ｶﾘ
一般教育,後期,月,5,S203,タワースコラ,物質の構造と状態
一般教育,後期,月,5,S303,タワースコラ,教）理科教育法Ⅳ
一般教育,後期,月,5,S304,タワースコラ,教）幾何学Ⅱ
まちづくり工学科,後期,月,5,S401,タワースコラ,まちづくり工学キャリアデザイン
建築学専攻,後期,月,5,S403,タワースコラ,都市再生特論
土木工学科,後期,月,5,S405,タワースコラ,地盤力学Ⅱ {再履修}
一般教育,後期,月,5,S504,タワースコラ,電気と磁気の物理学
まちづくり工学科,後期,月,5,まち製図室１～５,タワースコラ,まちづくり工学キャリアデザイン
一般教育,後期,月,5,1011,船橋校舎,熱とエントロピーの物理学
電子工学科,後期,月,5,1012,船橋校舎,電磁気学のための基礎数学 {未来}
一般教育,後期,月,5,1013,船橋校舎,法学 {I群}
一般教育,後期,月,5,1022,船橋校舎,歴史学 {I群}
一般教育,後期,月,5,1032,船橋校舎,科学技術と人間 {III群}
一般教育,後期,月,5,1033,船橋校舎,日本語表現の基礎 {II群}
機械工学科,後期,月,5,1131,船橋校舎,物質の構造と状態 {A}
機械工学科,後期,月,5,1132,船橋校舎,物質の構造と状態 {B}
電子工学科,後期,月,5,1214,船橋校舎,電磁気学のための基礎数学 {未来}
電子工学科,後期,月,5,1221,船橋校舎,電磁気学のための基礎数学 {未来}
電子工学科,後期,月,5,1224,船橋校舎,電磁気学のための基礎数学 {未来}
海洋建築工学科,後期,月,5,1231,船橋校舎,英語ⅠB
海洋建築工学科,後期,月,5,1232,船橋校舎,英語ⅠB
海洋建築工学科,後期,月,5,1233,船橋校舎,英語ⅠB
土木工学科,後期,月,5,1421,船橋校舎,物質の構造と状態 {A}
土木工学科,後期,月,5,1422,船橋校舎,物質の構造と状態 {B}
土木工学科,後期,月,5,1423,船橋校舎,物質の構造と状態 {C}
一般教育,後期,月,5,1434,船橋校舎,教）現代教職論 {数学以外}
一般教育,後期,月,5,1456,船橋校舎,教）数学科教育法Ⅱ
物理学科,後期,月,5,131,駿河台校舎,量子力学Ⅲ
一般教育,後期,月,5,132,駿河台校舎,教）教育相談
土木工学科,後期,月,6,S405,タワースコラ,地盤力学Ⅱ演習 {再履修}
物理学専攻,後期,月,6,S406,タワースコラ,低温物理学特論 △
電気工学専攻,後期,月,6,S602,タワースコラ,信号処理特論 △
交通システム工学専攻,後期,月,6,1444,船橋校舎,交通システム計画・工学演習Ｂ
精密機械工学専攻,後期,月,6,1453,船橋校舎,ロボット制御工学特論Ⅱ △
航空宇宙工学専攻,後期,月,6,1457,船橋校舎,航空宇宙工学特別講義
一般教育,後期,月,6,0000,駿河台校舎,学）博物館実習A（見学）【年隔集中(資)】
電気工学科,後期,木,1,S201,タワースコラ,関数論Ⅰ
まちづくり工学科,後期,木,1,S202,タワースコラ,力と運動の物理学Ⅱ演習
建築学科,後期,木,1,S301,タワースコラ,応用力学Ⅱ {1}
電気工学専攻,後期,木,1,S402,タワースコラ,コンピュータグラフィックス {共同開講}
情報科学専攻,後期,木,1,S402,タワースコラ,コンピュータグラフィックス {同時開講}
建築学科,後期,木,1,S404,タワースコラ,都市計画Ⅲ
物理学科,後期,木,1,S501,タワースコラ,数式・画像処理
物理学科,後期,木,1,S502,タワースコラ,数式・画像処理
数学科,後期,木,1,S504,タワースコラ,数値解析学及び演習Ｂ↓連続２時限
電気工学科,後期,木,1,S505,タワースコラ,制御工学
土木工学科,後期,木,1,1012,船橋校舎,英語ⅡB
交通システム工学科,後期,木,1,1012,船橋校舎,英語ⅡB
交通システム工学科,後期,木,1,1012,船橋校舎,英語ⅡB
建築学科,後期,木,1,1012,船橋校舎,英語ⅡB
海洋建築工学科,後期,木,1,1012,船橋校舎,英語ⅡB
機械工学科,後期,木,1,1012,船橋校舎,英語ⅡB
精密機械工学科,後期,木,1,1012,船橋校舎,英語ⅡB
航空宇宙工学科,後期,木,1,1012,船橋校舎,英語ⅡB
電気工学科,後期,木,1,1012,船橋校舎,英語ⅡB
電子工学科,後期,木,1,1012,船橋校舎,英語ⅡB
物質応用化学科,後期,木,1,1012,船橋校舎,英語ⅡB
物理学科,後期,木,1,1012,船橋校舎,英語ⅡB
数学科,後期,木,1,1012,船橋校舎,英語ⅡB
まちづくり工学科,後期,木,1,1012,船橋校舎,英語ⅡB
応用情報工学科,後期,木,1,1012,船橋校舎,英語ⅡB
一般教育,後期,木,1,1012,船橋校舎,英語ⅡB
土木工学科,後期,木,1,1021,船橋校舎,英語ⅡB
交通システム工学科,後期,木,1,1021,船橋校舎,英語ⅡB
交通システム工学科,後期,木,1,1021,船橋校舎,英語ⅡB
建築学科,後期,木,1,1021,船橋校舎,英語ⅡB
海洋建築工学科,後期,木,1,1021,船橋校舎,英語ⅡB
機械工学科,後期,木,1,1021,船橋校舎,英語ⅡB
精密機械工学科,後期,木,1,1021,船橋校舎,英語ⅡB
航空宇宙工学科,後期,木,1,1021,船橋校舎,英語ⅡB
電気工学科,後期,木,1,1021,船橋校舎,英語ⅡB
電子工学科,後期,木,1,1021,船橋校舎,英語ⅡB
物質応用化学科,後期,木,1,1021,船橋校舎,英語ⅡB
物理学科,後期,木,1,1021,船橋校舎,英語ⅡB
数学科,後期,木,1,1021,船橋校舎,英語ⅡB
まちづくり工学科,後期,木,1,1021,船橋校舎,英語ⅡB
応用情報工学科,後期,木,1,1021,船橋校舎,英語ⅡB
一般教育,後期,木,1,1021,船橋校舎,英語ⅡB
土木工学科,後期,木,1,1022,船橋校舎,英語ⅡB
交通システム工学科,後期,木,1,1022,船橋校舎,英語ⅡB
交通システム工学科,後期,木,1,1022,船橋校舎,英語ⅡB
建築学科,後期,木,1,1022,船橋校舎,英語ⅡB
海洋建築工学科,後期,木,1,1022,船橋校舎,英語ⅡB
機械工学科,後期,木,1,1022,船橋校舎,英語ⅡB
精密機械工学科,後期,木,1,1022,船橋校舎,英語ⅡB
航空宇宙工学科,後期,木,1,1022,船橋校舎,英語ⅡB
電気工学科,後期,木,1,1022,船橋校舎,英語ⅡB
電子工学科,後期,木,1,1022,船橋校舎,英語ⅡB
物質応用化学科,後期,木,1,1022,船橋校舎,英語ⅡB
物理学科,後期,木,1,1022,船橋校舎,英語ⅡB
数学科,後期,木,1,1022,船橋校舎,英語ⅡB
まちづくり工学科,後期,木,1,1022,船橋校舎,英語ⅡB
応用情報工学科,後期,木,1,1022,船橋校舎,英語ⅡB
一般教育,後期,木,1,1022,船橋校舎,英語ⅡB
数学科,後期,木,1,1023,船橋校舎,微分積分学Ｂ {1}↓連続２時限
数学科,後期,木,1,1031,船橋校舎,代数学幾何学Ｂ {2}↓連続２時限
土木工学科,後期,木,1,1032,船橋校舎,英語ⅡB
交通システム工学科,後期,木,1,1032,船橋校舎,英語ⅡB
交通システム工学科,後期,木,1,1032,船橋校舎,英語ⅡB
建築学科,後期,木,1,1032,船橋校舎,英語ⅡB
海洋建築工学科,後期,木,1,1032,船橋校舎,英語ⅡB
機械工学科,後期,木,1,1032,船橋校舎,英語ⅡB
精密機械工学科,後期,木,1,1032,船橋校舎,英語ⅡB
航空宇宙工学科,後期,木,1,1032,船橋校舎,英語ⅡB
電気工学科,後期,木,1,1032,船橋校舎,英語ⅡB
電子工学科,後期,木,1,1032,船橋校舎,英語ⅡB
物質応用化学科,後期,木,1,1032,船橋校舎,英語ⅡB
物理学科,後期,木,1,1032,船橋校舎,英語ⅡB
数学科,後期,木,1,1032,船橋校舎,英語ⅡB
まちづくり工学科,後期,木,1,1032,船橋校舎,英語ⅡB
応用情報工学科,後期,木,1,1032,船橋校舎,英語ⅡB
一般教育,後期,木,1,1032,船橋校舎,英語ⅡB
航空宇宙工学科,後期,木,1,1041,船橋校舎,微分積分学Ⅱ {1}
土木工学科,後期,木,1,1042,船橋校舎,英語ⅡB
交通システム工学科,後期,木,1,1042,船橋校舎,英語ⅡB
交通システム工学科,後期,木,1,1042,船橋校舎,英語ⅡB
建築学科,後期,木,1,1042,船橋校舎,英語ⅡB
海洋建築工学科,後期,木,1,1042,船橋校舎,英語ⅡB
機械工学科,後期,木,1,1042,船橋校舎,英語ⅡB
精密機械工学科,後期,木,1,1042,船橋校舎,英語ⅡB
航空宇宙工学科,後期,木,1,1042,船橋校舎,英語ⅡB
電気工学科,後期,木,1,1042,船橋校舎,英語ⅡB
電子工学科,後期,木,1,1042,船橋校舎,英語ⅡB
物質応用化学科,後期,木,1,1042,船橋校舎,英語ⅡB
物理学科,後期,木,1,1042,船橋校舎,英語ⅡB
数学科,後期,木,1,1042,船橋校舎,英語ⅡB
まちづくり工学科,後期,木,1,1042,船橋校舎,英語ⅡB
応用情報工学科,後期,木,1,1042,船橋校舎,英語ⅡB
一般教育,後期,木,1,1042,船橋校舎,英語ⅡB
応用情報工学科,後期,木,1,1043,船橋校舎,微分積分学Ⅱ
土木工学科,後期,木,1,105,船橋校舎,基礎物理学実験 {年間隔週}↓連続２時限【年間隔週】
交通システム工学科,後期,木,1,105,船橋校舎,基礎物理学実験 {年間隔週}↓連続２時限【年間隔週】
交通システム工学科,後期,木,1,105,船橋校舎,基礎物理学実験 {年間隔週}↓連続２時限【年間隔週】
建築学科,後期,木,1,105,船橋校舎,基礎物理学実験 {年間隔週}↓連続２時限【年間隔週】
海洋建築工学科,後期,木,1,105,船橋校舎,基礎物理学実験 {年間隔週}↓連続２時限【年間隔週】
機械工学科,後期,木,1,105,船橋校舎,基礎物理学実験 {年間隔週}↓連続２時限【年間隔週】
精密機械工学科,後期,木,1,105,船橋校舎,基礎物理学実験 {年間隔週}↓連続２時限【年間隔週】
航空宇宙工学科,後期,木,1,105,船橋校舎,基礎物理学実験 {年間隔週}↓連続２時限【年間隔週】
電気工学科,後期,木,1,105,船橋校舎,基礎物理学実験 {年間隔週}↓連続２時限【年間隔週】
電子工学科,後期,木,1,105,船橋校舎,基礎物理学実験 {年間隔週}↓連続２時限【年間隔週】
物質応用化学科,後期,木,1,105,船橋校舎,基礎物理学実験 {年間隔週}↓連続２時限【年間隔週】
物理学科,後期,木,1,105,船橋校舎,基礎物理学実験 {年間隔週}↓連続２時限【年間隔週】
数学科,後期,木,1,105,船橋校舎,基礎物理学実験 {年間隔週}↓連続２時限【年間隔週】
まちづくり工学科,後期,木,1,105,船橋校舎,基礎物理学実験 {年間隔週}↓連続２時限【年間隔週】
応用情報工学科,後期,木,1,105,船橋校舎,基礎物理学実験 {年間隔週}↓連続２時限【年間隔週】
一般教育,後期,木,1,105,船橋校舎,基礎物理学実験 {年間隔週}↓連続２時限【年間隔週】
精密機械工学科,後期,木,1,1113,船橋校舎,微分積分学Ⅱ {2}
電気工学科,後期,木,1,1121,船橋校舎,電気工学基礎実験 {B}↓連続２時限
土木工学科,後期,木,1,113,船橋校舎,基礎物理学実験 {年間隔週}↓連続２時限【年間隔週】
交通システム工学科,後期,木,1,113,船橋校舎,基礎物理学実験 {年間隔週}↓連続２時限【年間隔週】
交通システム工学科,後期,木,1,113,船橋校舎,基礎物理学実験 {年間隔週}↓連続２時限【年間隔週】
建築学科,後期,木,1,113,船橋校舎,基礎物理学実験 {年間隔週}↓連続２時限【年間隔週】
海洋建築工学科,後期,木,1,113,船橋校舎,基礎物理学実験 {年間隔週}↓連続２時限【年間隔週】
機械工学科,後期,木,1,113,船橋校舎,基礎物理学実験 {年間隔週}↓連続２時限【年間隔週】
精密機械工学科,後期,木,1,113,船橋校舎,基礎物理学実験 {年間隔週}↓連続２時限【年間隔週】
航空宇宙工学科,後期,木,1,113,船橋校舎,基礎物理学実験 {年間隔週}↓連続２時限【年間隔週】
電気工学科,後期,木,1,113,船橋校舎,基礎物理学実験 {年間隔週}↓連続２時限【年間隔週】
電子工学科,後期,木,1,113,船橋校舎,基礎物理学実験 {年間隔週}↓連続２時限【年間隔週】
物質応用化学科,後期,木,1,113,船橋校舎,基礎物理学実験 {年間隔週}↓連続２時限【年間隔週】
物理学科,後期,木,1,113,船橋校舎,基礎物理学実験 {年間隔週}↓連続２時限【年間隔週】
数学科,後期,木,1,113,船橋校舎,基礎物理学実験 {年間隔週}↓連続２時限【年間隔週】
まちづくり工学科,後期,木,1,113,船橋校舎,基礎物理学実験 {年間隔週}↓連続２時限【年間隔週】
応用情報工学科,後期,木,1,113,船橋校舎,基礎物理学実験 {年間隔週}↓連続２時限【年間隔週】
一般教育,後期,木,1,113,船橋校舎,基礎物理学実験 {年間隔週}↓連続２時限【年間隔週】
土木工学科,後期,木,1,1131,船橋校舎,英語ⅡB
交通システム工学科,後期,木,1,1131,船橋校舎,英語ⅡB
交通システム工学科,後期,木,1,1131,船橋校舎,英語ⅡB
建築学科,後期,木,1,1131,船橋校舎,英語ⅡB
海洋建築工学科,後期,木,1,1131,船橋校舎,英語ⅡB
機械工学科,後期,木,1,1131,船橋校舎,英語ⅡB
精密機械工学科,後期,木,1,1131,船橋校舎,英語ⅡB
航空宇宙工学科,後期,木,1,1131,船橋校舎,英語ⅡB
電気工学科,後期,木,1,1131,船橋校舎,英語ⅡB
電子工学科,後期,木,1,1131,船橋校舎,英語ⅡB
物質応用化学科,後期,木,1,1131,船橋校舎,英語ⅡB
物理学科,後期,木,1,1131,船橋校舎,英語ⅡB
数学科,後期,木,1,1131,船橋校舎,英語ⅡB
まちづくり工学科,後期,木,1,1131,船橋校舎,英語ⅡB
応用情報工学科,後期,木,1,1131,船橋校舎,英語ⅡB
一般教育,後期,木,1,1131,船橋校舎,英語ⅡB
土木工学科,後期,木,1,1132,船橋校舎,英語ⅡB
交通システム工学科,後期,木,1,1132,船橋校舎,英語ⅡB
交通システム工学科,後期,木,1,1132,船橋校舎,英語ⅡB
建築学科,後期,木,1,1132,船橋校舎,英語ⅡB
海洋建築工学科,後期,木,1,1132,船橋校舎,英語ⅡB
機械工学科,後期,木,1,1132,船橋校舎,英語ⅡB
精密機械工学科,後期,木,1,1132,船橋校舎,英語ⅡB
航空宇宙工学科,後期,木,1,1132,船橋校舎,英語ⅡB
電気工学科,後期,木,1,1132,船橋校舎,英語ⅡB
電子工学科,後期,木,1,1132,船橋校舎,英語ⅡB
物質応用化学科,後期,木,1,1132,船橋校舎,英語ⅡB
物理学科,後期,木,1,1132,船橋校舎,英語ⅡB
数学科,後期,木,1,1132,船橋校舎,英語ⅡB
まちづくり工学科,後期,木,1,1132,船橋校舎,英語ⅡB
応用情報工学科,後期,木,1,1132,船橋校舎,英語ⅡB
一般教育,後期,木,1,1132,船橋校舎,英語ⅡB
土木工学科,後期,木,1,1141,船橋校舎,英語ⅡB
交通システム工学科,後期,木,1,1141,船橋校舎,英語ⅡB
交通システム工学科,後期,木,1,1141,船橋校舎,英語ⅡB
建築学科,後期,木,1,1141,船橋校舎,英語ⅡB
海洋建築工学科,後期,木,1,1141,船橋校舎,英語ⅡB
機械工学科,後期,木,1,1141,船橋校舎,英語ⅡB
精密機械工学科,後期,木,1,1141,船橋校舎,英語ⅡB
航空宇宙工学科,後期,木,1,1141,船橋校舎,英語ⅡB
電気工学科,後期,木,1,1141,船橋校舎,英語ⅡB
電子工学科,後期,木,1,1141,船橋校舎,英語ⅡB
物質応用化学科,後期,木,1,1141,船橋校舎,英語ⅡB
物理学科,後期,木,1,1141,船橋校舎,英語ⅡB
数学科,後期,木,1,1141,船橋校舎,英語ⅡB
まちづくり工学科,後期,木,1,1141,船橋校舎,英語ⅡB
応用情報工学科,後期,木,1,1141,船橋校舎,英語ⅡB
一般教育,後期,木,1,1141,船橋校舎,英語ⅡB
土木工学科,後期,木,1,1143,船橋校舎,英語ⅡB
交通システム工学科,後期,木,1,1143,船橋校舎,英語ⅡB
交通システム工学科,後期,木,1,1143,船橋校舎,英語ⅡB
建築学科,後期,木,1,1143,船橋校舎,英語ⅡB
海洋建築工学科,後期,木,1,1143,船橋校舎,英語ⅡB
機械工学科,後期,木,1,1143,船橋校舎,英語ⅡB
精密機械工学科,後期,木,1,1143,船橋校舎,英語ⅡB
航空宇宙工学科,後期,木,1,1143,船橋校舎,英語ⅡB
電気工学科,後期,木,1,1143,船橋校舎,英語ⅡB
電子工学科,後期,木,1,1143,船橋校舎,英語ⅡB
物質応用化学科,後期,木,1,1143,船橋校舎,英語ⅡB
物理学科,後期,木,1,1143,船橋校舎,英語ⅡB
数学科,後期,木,1,1143,船橋校舎,英語ⅡB
まちづくり工学科,後期,木,1,1143,船橋校舎,英語ⅡB
応用情報工学科,後期,木,1,1143,船橋校舎,英語ⅡB
一般教育,後期,木,1,1143,船橋校舎,英語ⅡB
電気工学科,後期,木,1,1221,船橋校舎,電気工学基礎実験 {B}↓連続２時限
航空宇宙工学科,後期,木,1,1231,船橋校舎,微分積分学Ⅱ {2}
一般教育,後期,木,1,1232,船橋校舎,English Communication Ⅱ
精密機械工学科,後期,木,1,1233,船橋校舎,微分積分学Ⅱ {1}
交通システム工学科,後期,木,1,1325,船橋校舎,交通現象解析↓連続２時限
交通システム工学科,後期,木,1,1325,船橋校舎,交通現象解析↓連続２時限
交通システム工学科,後期,木,1,1326,船橋校舎,製図・デザイン基礎Ⅱ↓連続２時限
交通システム工学科,後期,木,1,1326,船橋校舎,製図・デザイン基礎Ⅱ↓連続２時限
土木工学科,後期,木,1,134,船橋校舎,基礎物理学実験 {年間隔週}↓連続２時限【年間隔週】
交通システム工学科,後期,木,1,134,船橋校舎,基礎物理学実験 {年間隔週}↓連続２時限【年間隔週】
交通システム工学科,後期,木,1,134,船橋校舎,基礎物理学実験 {年間隔週}↓連続２時限【年間隔週】
建築学科,後期,木,1,134,船橋校舎,基礎物理学実験 {年間隔週}↓連続２時限【年間隔週】
海洋建築工学科,後期,木,1,134,船橋校舎,基礎物理学実験 {年間隔週}↓連続２時限【年間隔週】
機械工学科,後期,木,1,134,船橋校舎,基礎物理学実験 {年間隔週}↓連続２時限【年間隔週】
精密機械工学科,後期,木,1,134,船橋校舎,基礎物理学実験 {年間隔週}↓連続２時限【年間隔週】
航空宇宙工学科,後期,木,1,134,船橋校舎,基礎物理学実験 {年間隔週}↓連続２時限【年間隔週】
電気工学科,後期,木,1,134,船橋校舎,基礎物理学実験 {年間隔週}↓連続２時限【年間隔週】
電子工学科,後期,木,1,134,船橋校舎,基礎物理学実験 {年間隔週}↓連続２時限【年間隔週】
物質応用化学科,後期,木,1,134,船橋校舎,基礎物理学実験 {年間隔週}↓連続２時限【年間隔週】
物理学科,後期,木,1,134,船橋校舎,基礎物理学実験 {年間隔週}↓連続２時限【年間隔週】
数学科,後期,木,1,134,船橋校舎,基礎物理学実験 {年間隔週}↓連続２時限【年間隔週】
まちづくり工学科,後期,木,1,134,船橋校舎,基礎物理学実験 {年間隔週}↓連続２時限【年間隔週】
応用情報工学科,後期,木,1,134,船橋校舎,基礎物理学実験 {年間隔週}↓連続２時限【年間隔週】
一般教育,後期,木,1,134,船橋校舎,基礎物理学実験 {年間隔週}↓連続２時限【年間隔週】
電子工学科,後期,木,1,1421,船橋校舎,ゼミナール
電子工学科,後期,木,1,1422,船橋校舎,力と運動の物理学Ⅱ {1}
電子工学科,後期,木,1,1423,船橋校舎,力と運動の物理学Ⅱ {2}
交通システム工学科,後期,木,1,1424,船橋校舎,多変量解析↓連続２時限
交通システム工学科,後期,木,1,1424,船橋校舎,多変量解析↓連続２時限
土木工学科,後期,木,1,143,船橋校舎,基礎物理学実験 {年間隔週}↓連続２時限【年間隔週】
交通システム工学科,後期,木,1,143,船橋校舎,基礎物理学実験 {年間隔週}↓連続２時限【年間隔週】
交通システム工学科,後期,木,1,143,船橋校舎,基礎物理学実験 {年間隔週}↓連続２時限【年間隔週】
建築学科,後期,木,1,143,船橋校舎,基礎物理学実験 {年間隔週}↓連続２時限【年間隔週】
海洋建築工学科,後期,木,1,143,船橋校舎,基礎物理学実験 {年間隔週}↓連続２時限【年間隔週】
機械工学科,後期,木,1,143,船橋校舎,基礎物理学実験 {年間隔週}↓連続２時限【年間隔週】
精密機械工学科,後期,木,1,143,船橋校舎,基礎物理学実験 {年間隔週}↓連続２時限【年間隔週】
航空宇宙工学科,後期,木,1,143,船橋校舎,基礎物理学実験 {年間隔週}↓連続２時限【年間隔週】
電気工学科,後期,木,1,143,船橋校舎,基礎物理学実験 {年間隔週}↓連続２時限【年間隔週】
電子工学科,後期,木,1,143,船橋校舎,基礎物理学実験 {年間隔週}↓連続２時限【年間隔週】
物質応用化学科,後期,木,1,143,船橋校舎,基礎物理学実験 {年間隔週}↓連続２時限【年間隔週】
物理学科,後期,木,1,143,船橋校舎,基礎物理学実験 {年間隔週}↓連続２時限【年間隔週】
数学科,後期,木,1,143,船橋校舎,基礎物理学実験 {年間隔週}↓連続２時限【年間隔週】
まちづくり工学科,後期,木,1,143,船橋校舎,基礎物理学実験 {年間隔週}↓連続２時限【年間隔週】
応用情報工学科,後期,木,1,143,船橋校舎,基礎物理学実験 {年間隔週}↓連続２時限【年間隔週】
一般教育,後期,木,1,143,船橋校舎,基礎物理学実験 {年間隔週}↓連続２時限【年間隔週】
航空宇宙工学科,後期,木,1,1432,船橋校舎,工業力学Ⅱ及び演習↓連続２時限
海洋建築工学科,後期,木,1,1433,船橋校舎,浮体工学及び演習↓連続２時限
海洋建築工学科,後期,木,1,1434,船橋校舎,コンピュータプログラミング
土木工学科,後期,木,1,144,船橋校舎,基礎物理学実験 {年間隔週}↓連続２時限【年間隔週】
交通システム工学科,後期,木,1,144,船橋校舎,基礎物理学実験 {年間隔週}↓連続２時限【年間隔週】
交通システム工学科,後期,木,1,144,船橋校舎,基礎物理学実験 {年間隔週}↓連続２時限【年間隔週】
建築学科,後期,木,1,144,船橋校舎,基礎物理学実験 {年間隔週}↓連続２時限【年間隔週】
海洋建築工学科,後期,木,1,144,船橋校舎,基礎物理学実験 {年間隔週}↓連続２時限【年間隔週】
機械工学科,後期,木,1,144,船橋校舎,基礎物理学実験 {年間隔週}↓連続２時限【年間隔週】
精密機械工学科,後期,木,1,144,船橋校舎,基礎物理学実験 {年間隔週}↓連続２時限【年間隔週】
航空宇宙工学科,後期,木,1,144,船橋校舎,基礎物理学実験 {年間隔週}↓連続２時限【年間隔週】
電気工学科,後期,木,1,144,船橋校舎,基礎物理学実験 {年間隔週}↓連続２時限【年間隔週】
電子工学科,後期,木,1,144,船橋校舎,基礎物理学実験 {年間隔週}↓連続２時限【年間隔週】
物質応用化学科,後期,木,1,144,船橋校舎,基礎物理学実験 {年間隔週}↓連続２時限【年間隔週】
物理学科,後期,木,1,144,船橋校舎,基礎物理学実験 {年間隔週}↓連続２時限【年間隔週】
数学科,後期,木,1,144,船橋校舎,基礎物理学実験 {年間隔週}↓連続２時限【年間隔週】
まちづくり工学科,後期,木,1,144,船橋校舎,基礎物理学実験 {年間隔週}↓連続２時限【年間隔週】
応用情報工学科,後期,木,1,144,船橋校舎,基礎物理学実験 {年間隔週}↓連続２時限【年間隔週】
一般教育,後期,木,1,144,船橋校舎,基礎物理学実験 {年間隔週}↓連続２時限【年間隔週】
土木工学科,後期,木,1,1441,船橋校舎,力学の基礎Ⅱ及び演習 {ABC}↓連続２時限
土木工学科,後期,木,1,1442,船橋校舎,力学の基礎Ⅱ及び演習 {ABC}↓連続２時限
土木工学科,後期,木,1,1443,船橋校舎,力学の基礎Ⅱ及び演習 {ABC}↓連続２時限
航空宇宙工学専攻,後期,木,1,1455,船橋校舎,柔軟構造解析 {ﾊｲ}
交通システム工学専攻,後期,木,1,1457,船橋校舎,交通地盤工学特論
応用情報工学科,後期,木,1,241,船橋校舎,応用情報工学キャリアデザイン
土木工学科,後期,木,1,341,船橋校舎,基礎化学実験 {年間隔週}↓連続２時限【年間隔週】
交通システム工学科,後期,木,1,341,船橋校舎,基礎化学実験 {年間隔週}↓連続２時限【年間隔週】
交通システム工学科,後期,木,1,341,船橋校舎,基礎化学実験 {年間隔週}↓連続２時限【年間隔週】
建築学科,後期,木,1,341,船橋校舎,基礎化学実験 {年間隔週}↓連続２時限【年間隔週】
海洋建築工学科,後期,木,1,341,船橋校舎,基礎化学実験 {年間隔週}↓連続２時限【年間隔週】
機械工学科,後期,木,1,341,船橋校舎,基礎化学実験 {年間隔週}↓連続２時限【年間隔週】
精密機械工学科,後期,木,1,341,船橋校舎,基礎化学実験 {年間隔週}↓連続２時限【年間隔週】
航空宇宙工学科,後期,木,1,341,船橋校舎,基礎化学実験 {年間隔週}↓連続２時限【年間隔週】
電気工学科,後期,木,1,341,船橋校舎,基礎化学実験 {年間隔週}↓連続２時限【年間隔週】
電子工学科,後期,木,1,341,船橋校舎,基礎化学実験 {年間隔週}↓連続２時限【年間隔週】
物質応用化学科,後期,木,1,341,船橋校舎,基礎化学実験 {年間隔週}↓連続２時限【年間隔週】
物理学科,後期,木,1,341,船橋校舎,基礎化学実験 {年間隔週}↓連続２時限【年間隔週】
数学科,後期,木,1,341,船橋校舎,基礎化学実験 {年間隔週}↓連続２時限【年間隔週】
まちづくり工学科,後期,木,1,341,船橋校舎,基礎化学実験 {年間隔週}↓連続２時限【年間隔週】
応用情報工学科,後期,木,1,341,船橋校舎,基礎化学実験 {年間隔週}↓連続２時限【年間隔週】
一般教育,後期,木,1,341,船橋校舎,基礎化学実験 {年間隔週}↓連続２時限【年間隔週】
土木工学科,後期,木,1,342,船橋校舎,基礎化学実験 {年間隔週}↓連続２時限【年間隔週】
交通システム工学科,後期,木,1,342,船橋校舎,基礎化学実験 {年間隔週}↓連続２時限【年間隔週】
交通システム工学科,後期,木,1,342,船橋校舎,基礎化学実験 {年間隔週}↓連続２時限【年間隔週】
建築学科,後期,木,1,342,船橋校舎,基礎化学実験 {年間隔週}↓連続２時限【年間隔週】
海洋建築工学科,後期,木,1,342,船橋校舎,基礎化学実験 {年間隔週}↓連続２時限【年間隔週】
機械工学科,後期,木,1,342,船橋校舎,基礎化学実験 {年間隔週}↓連続２時限【年間隔週】
精密機械工学科,後期,木,1,342,船橋校舎,基礎化学実験 {年間隔週}↓連続２時限【年間隔週】
航空宇宙工学科,後期,木,1,342,船橋校舎,基礎化学実験 {年間隔週}↓連続２時限【年間隔週】
電気工学科,後期,木,1,342,船橋校舎,基礎化学実験 {年間隔週}↓連続２時限【年間隔週】
電子工学科,後期,木,1,342,船橋校舎,基礎化学実験 {年間隔週}↓連続２時限【年間隔週】
物質応用化学科,後期,木,1,342,船橋校舎,基礎化学実験 {年間隔週}↓連続２時限【年間隔週】
物理学科,後期,木,1,342,船橋校舎,基礎化学実験 {年間隔週}↓連続２時限【年間隔週】
数学科,後期,木,1,342,船橋校舎,基礎化学実験 {年間隔週}↓連続２時限【年間隔週】
まちづくり工学科,後期,木,1,342,船橋校舎,基礎化学実験 {年間隔週}↓連続２時限【年間隔週】
応用情報工学科,後期,木,1,342,船橋校舎,基礎化学実験 {年間隔週}↓連続２時限【年間隔週】
一般教育,後期,木,1,342,船橋校舎,基礎化学実験 {年間隔週}↓連続２時限【年間隔週】
機械工学科,後期,木,1,641,船橋校舎,機械設計製図ⅠB {B}{未来}↓連続２時限
機械工学科,後期,木,1,642,船橋校舎,機械設計製図ⅠB {B}{未来}↓連続２時限
機械工学科,後期,木,1,644,船橋校舎,機械設計製図ⅠB {B}{未来}↓連続２時限
土木工学科,後期,木,1,819,船橋校舎,基礎化学実験 {年間隔週}↓連続２時限【年間隔週】
交通システム工学科,後期,木,1,819,船橋校舎,基礎化学実験 {年間隔週}↓連続２時限【年間隔週】
交通システム工学科,後期,木,1,819,船橋校舎,基礎化学実験 {年間隔週}↓連続２時限【年間隔週】
建築学科,後期,木,1,819,船橋校舎,基礎化学実験 {年間隔週}↓連続２時限【年間隔週】
海洋建築工学科,後期,木,1,819,船橋校舎,基礎化学実験 {年間隔週}↓連続２時限【年間隔週】
機械工学科,後期,木,1,819,船橋校舎,基礎化学実験 {年間隔週}↓連続２時限【年間隔週】
精密機械工学科,後期,木,1,819,船橋校舎,基礎化学実験 {年間隔週}↓連続２時限【年間隔週】
航空宇宙工学科,後期,木,1,819,船橋校舎,基礎化学実験 {年間隔週}↓連続２時限【年間隔週】
電気工学科,後期,木,1,819,船橋校舎,基礎化学実験 {年間隔週}↓連続２時限【年間隔週】
電子工学科,後期,木,1,819,船橋校舎,基礎化学実験 {年間隔週}↓連続２時限【年間隔週】
物質応用化学科,後期,木,1,819,船橋校舎,基礎化学実験 {年間隔週}↓連続２時限【年間隔週】
物理学科,後期,木,1,819,船橋校舎,基礎化学実験 {年間隔週}↓連続２時限【年間隔週】
数学科,後期,木,1,819,船橋校舎,基礎化学実験 {年間隔週}↓連続２時限【年間隔週】
まちづくり工学科,後期,木,1,819,船橋校舎,基礎化学実験 {年間隔週}↓連続２時限【年間隔週】
応用情報工学科,後期,木,1,819,船橋校舎,基礎化学実験 {年間隔週}↓連続２時限【年間隔週】
一般教育,後期,木,1,819,船橋校舎,基礎化学実験 {年間隔週}↓連続２時限【年間隔週】
土木工学科,後期,木,1,826,船橋校舎,基礎化学実験 {年間隔週}↓連続２時限【年間隔週】
交通システム工学科,後期,木,1,826,船橋校舎,基礎化学実験 {年間隔週}↓連続２時限【年間隔週】
交通システム工学科,後期,木,1,826,船橋校舎,基礎化学実験 {年間隔週}↓連続２時限【年間隔週】
建築学科,後期,木,1,826,船橋校舎,基礎化学実験 {年間隔週}↓連続２時限【年間隔週】
海洋建築工学科,後期,木,1,826,船橋校舎,基礎化学実験 {年間隔週}↓連続２時限【年間隔週】
機械工学科,後期,木,1,826,船橋校舎,基礎化学実験 {年間隔週}↓連続２時限【年間隔週】
精密機械工学科,後期,木,1,826,船橋校舎,基礎化学実験 {年間隔週}↓連続２時限【年間隔週】
航空宇宙工学科,後期,木,1,826,船橋校舎,基礎化学実験 {年間隔週}↓連続２時限【年間隔週】
電気工学科,後期,木,1,826,船橋校舎,基礎化学実験 {年間隔週}↓連続２時限【年間隔週】
電子工学科,後期,木,1,826,船橋校舎,基礎化学実験 {年間隔週}↓連続２時限【年間隔週】
物質応用化学科,後期,木,1,826,船橋校舎,基礎化学実験 {年間隔週}↓連続２時限【年間隔週】
物理学科,後期,木,1,826,船橋校舎,基礎化学実験 {年間隔週}↓連続２時限【年間隔週】
数学科,後期,木,1,826,船橋校舎,基礎化学実験 {年間隔週}↓連続２時限【年間隔週】
まちづくり工学科,後期,木,1,826,船橋校舎,基礎化学実験 {年間隔週}↓連続２時限【年間隔週】
応用情報工学科,後期,木,1,826,船橋校舎,基礎化学実験 {年間隔週}↓連続２時限【年間隔週】
一般教育,後期,木,1,826,船橋校舎,基礎化学実験 {年間隔週}↓連続２時限【年間隔週】
土木工学科,後期,木,1,829,船橋校舎,基礎化学実験 {年間隔週}↓連続２時限【年間隔週】
交通システム工学科,後期,木,1,829,船橋校舎,基礎化学実験 {年間隔週}↓連続２時限【年間隔週】
交通システム工学科,後期,木,1,829,船橋校舎,基礎化学実験 {年間隔週}↓連続２時限【年間隔週】
建築学科,後期,木,1,829,船橋校舎,基礎化学実験 {年間隔週}↓連続２時限【年間隔週】
海洋建築工学科,後期,木,1,829,船橋校舎,基礎化学実験 {年間隔週}↓連続２時限【年間隔週】
機械工学科,後期,木,1,829,船橋校舎,基礎化学実験 {年間隔週}↓連続２時限【年間隔週】
精密機械工学科,後期,木,1,829,船橋校舎,基礎化学実験 {年間隔週}↓連続２時限【年間隔週】
航空宇宙工学科,後期,木,1,829,船橋校舎,基礎化学実験 {年間隔週}↓連続２時限【年間隔週】
電気工学科,後期,木,1,829,船橋校舎,基礎化学実験 {年間隔週}↓連続２時限【年間隔週】
電子工学科,後期,木,1,829,船橋校舎,基礎化学実験 {年間隔週}↓連続２時限【年間隔週】
物質応用化学科,後期,木,1,829,船橋校舎,基礎化学実験 {年間隔週}↓連続２時限【年間隔週】
物理学科,後期,木,1,829,船橋校舎,基礎化学実験 {年間隔週}↓連続２時限【年間隔週】
数学科,後期,木,1,829,船橋校舎,基礎化学実験 {年間隔週}↓連続２時限【年間隔週】
まちづくり工学科,後期,木,1,829,船橋校舎,基礎化学実験 {年間隔週}↓連続２時限【年間隔週】
応用情報工学科,後期,木,1,829,船橋校舎,基礎化学実験 {年間隔週}↓連続２時限【年間隔週】
一般教育,後期,木,1,829,船橋校舎,基礎化学実験 {年間隔週}↓連続２時限【年間隔週】
電気工学科,後期,木,1,941,船橋校舎,電気工学基礎実験 {B}↓連続２時限
機械工学科,後期,木,1,テクノ・工作技術センター,船橋校舎,機械工作実習B {A}{未来}↓連続２時限
物理学科,後期,木,1,134,駿河台校舎,核融合科学
土木工学科,後期,木,1,144,駿河台校舎,地盤力学Ⅱ {2}
土木工学科,後期,木,1,151,駿河台校舎,水理学Ⅱ {1}
物質応用化学専攻,後期,木,1,831,駿河台校舎,高分子構造特論
物質応用化学科,後期,木,1,843,駿河台校舎,有機化学Ⅱ {B}
物質応用化学科,後期,木,1,851,駿河台校舎,生命科学Ⅲ {A}
まちづくり工学科,後期,木,2,S101,タワースコラ,景観デザイン演習↓連続２時限
まちづくり工学専攻,後期,木,2,S1201,タワースコラ,まちづくり政策特論
まちづくり工学科,後期,木,2,S202,タワースコラ,建築物の設備
土木工学科,後期,木,2,S203,タワースコラ,環境地盤工学
土木工学科,後期,木,2,S204,タワースコラ,まちづくり事業論
建築学科,後期,木,2,S301,タワースコラ,応用力学演習Ⅱ {1}
物理学科,後期,木,2,S302,タワースコラ,熱力学 {未来}
土木工学専攻,後期,木,2,S305,タワースコラ,海岸流体力学特論
建築学科,後期,木,2,S401,タワースコラ,建築史Ⅳ
電気工学専攻,後期,木,2,S402,タワースコラ,光センシング特論
数学科,後期,木,2,S504,タワースコラ,数値解析学及び演習Ｂ↓連続２時限
電気工学科,後期,木,2,S505,タワースコラ,回路とシステムの基礎
機械工学専攻,後期,木,2,S601,タワースコラ,応用弾性学特論Ⅱ
量子理工学専攻,後期,木,2,S603,タワースコラ,量子光学
建築学科,後期,木,2,S702,タワースコラ,建築設計Ⅱ {2}↓連続３時限
建築学科,後期,木,2,S705）,タワースコラ,建築設計Ⅱ {2}↓連続３時限
まちづくり工学科,後期,木,2,まち製図室１～５,タワースコラ,景観デザイン演習↓連続２時限
精密機械工学科,後期,木,2,1011,船橋校舎,流体工学
一般教育,後期,木,2,1012,船橋校舎,英語特殊講義B
土木工学科,後期,木,2,1013,船橋校舎,健康の科学
交通システム工学科,後期,木,2,1013,船橋校舎,健康の科学
交通システム工学科,後期,木,2,1013,船橋校舎,健康の科学
建築学科,後期,木,2,1013,船橋校舎,健康の科学
海洋建築工学科,後期,木,2,1013,船橋校舎,健康の科学
機械工学科,後期,木,2,1013,船橋校舎,健康の科学
精密機械工学科,後期,木,2,1013,船橋校舎,健康の科学
航空宇宙工学科,後期,木,2,1013,船橋校舎,健康の科学
電気工学科,後期,木,2,1013,船橋校舎,健康の科学
電子工学科,後期,木,2,1013,船橋校舎,健康の科学
物質応用化学科,後期,木,2,1013,船橋校舎,健康の科学
物理学科,後期,木,2,1013,船橋校舎,健康の科学
数学科,後期,木,2,1013,船橋校舎,健康の科学
まちづくり工学科,後期,木,2,1013,船橋校舎,健康の科学
応用情報工学科,後期,木,2,1013,船橋校舎,健康の科学
一般教育,後期,木,2,1013,船橋校舎,健康の科学
海洋建築工学科,後期,木,2,1021,船橋校舎,力と運動の物理学Ⅱ {1}
海洋建築工学科,後期,木,2,1022,船橋校舎,力と運動の物理学Ⅱ {2}
数学科,後期,木,2,1023,船橋校舎,微分積分学Ｂ {1}↓連続２時限
数学科,後期,木,2,1031,船橋校舎,代数学幾何学Ｂ {2}↓連続２時限
航空宇宙工学科,後期,木,2,1041,船橋校舎,数学演習Ⅱ {1}
応用情報工学科,後期,木,2,1042,船橋校舎,物理学Ⅱ {1}
応用情報工学科,後期,木,2,1043,船橋校舎,物理学Ⅱ {2}
土木工学科,後期,木,2,105,船橋校舎,基礎物理学実験 {年間隔週}↓連続２時限【年間隔週】
交通システム工学科,後期,木,2,105,船橋校舎,基礎物理学実験 {年間隔週}↓連続２時限【年間隔週】
交通システム工学科,後期,木,2,105,船橋校舎,基礎物理学実験 {年間隔週}↓連続２時限【年間隔週】
建築学科,後期,木,2,105,船橋校舎,基礎物理学実験 {年間隔週}↓連続２時限【年間隔週】
海洋建築工学科,後期,木,2,105,船橋校舎,基礎物理学実験 {年間隔週}↓連続２時限【年間隔週】
機械工学科,後期,木,2,105,船橋校舎,基礎物理学実験 {年間隔週}↓連続２時限【年間隔週】
精密機械工学科,後期,木,2,105,船橋校舎,基礎物理学実験 {年間隔週}↓連続２時限【年間隔週】
航空宇宙工学科,後期,木,2,105,船橋校舎,基礎物理学実験 {年間隔週}↓連続２時限【年間隔週】
電気工学科,後期,木,2,105,船橋校舎,基礎物理学実験 {年間隔週}↓連続２時限【年間隔週】
電子工学科,後期,木,2,105,船橋校舎,基礎物理学実験 {年間隔週}↓連続２時限【年間隔週】
物質応用化学科,後期,木,2,105,船橋校舎,基礎物理学実験 {年間隔週}↓連続２時限【年間隔週】
物理学科,後期,木,2,105,船橋校舎,基礎物理学実験 {年間隔週}↓連続２時限【年間隔週】
数学科,後期,木,2,105,船橋校舎,基礎物理学実験 {年間隔週}↓連続２時限【年間隔週】
まちづくり工学科,後期,木,2,105,船橋校舎,基礎物理学実験 {年間隔週}↓連続２時限【年間隔週】
応用情報工学科,後期,木,2,105,船橋校舎,基礎物理学実験 {年間隔週}↓連続２時限【年間隔週】
一般教育,後期,木,2,105,船橋校舎,基礎物理学実験 {年間隔週}↓連続２時限【年間隔週】
精密機械工学科,後期,木,2,1113,船橋校舎,数学演習Ⅱ {2}
電気工学科,後期,木,2,1121,船橋校舎,電気工学基礎実験 {B}↓連続２時限
土木工学科,後期,木,2,113,船橋校舎,基礎物理学実験 {年間隔週}↓連続２時限【年間隔週】
交通システム工学科,後期,木,2,113,船橋校舎,基礎物理学実験 {年間隔週}↓連続２時限【年間隔週】
交通システム工学科,後期,木,2,113,船橋校舎,基礎物理学実験 {年間隔週}↓連続２時限【年間隔週】
建築学科,後期,木,2,113,船橋校舎,基礎物理学実験 {年間隔週}↓連続２時限【年間隔週】
海洋建築工学科,後期,木,2,113,船橋校舎,基礎物理学実験 {年間隔週}↓連続２時限【年間隔週】
機械工学科,後期,木,2,113,船橋校舎,基礎物理学実験 {年間隔週}↓連続２時限【年間隔週】
精密機械工学科,後期,木,2,113,船橋校舎,基礎物理学実験 {年間隔週}↓連続２時限【年間隔週】
航空宇宙工学科,後期,木,2,113,船橋校舎,基礎物理学実験 {年間隔週}↓連続２時限【年間隔週】
電気工学科,後期,木,2,113,船橋校舎,基礎物理学実験 {年間隔週}↓連続２時限【年間隔週】
電子工学科,後期,木,2,113,船橋校舎,基礎物理学実験 {年間隔週}↓連続２時限【年間隔週】
物質応用化学科,後期,木,2,113,船橋校舎,基礎物理学実験 {年間隔週}↓連続２時限【年間隔週】
物理学科,後期,木,2,113,船橋校舎,基礎物理学実験 {年間隔週}↓連続２時限【年間隔週】
数学科,後期,木,2,113,船橋校舎,基礎物理学実験 {年間隔週}↓連続２時限【年間隔週】
まちづくり工学科,後期,木,2,113,船橋校舎,基礎物理学実験 {年間隔週}↓連続２時限【年間隔週】
応用情報工学科,後期,木,2,113,船橋校舎,基礎物理学実験 {年間隔週}↓連続２時限【年間隔週】
一般教育,後期,木,2,113,船橋校舎,基礎物理学実験 {年間隔週}↓連続２時限【年間隔週】
一般教育,後期,木,2,1133,船橋校舎,英語特殊講義B
一般教育,後期,木,2,1142,船橋校舎,英語特殊講義A
一般教育,後期,木,2,1143,船橋校舎,英語特殊講義A
電気工学科,後期,木,2,1221,船橋校舎,電気工学基礎実験 {B}↓連続２時限
航空宇宙工学科,後期,木,2,1231,船橋校舎,数学演習Ⅱ {2}
一般教育,後期,木,2,1232,船橋校舎,English Communication Ⅱ
精密機械工学科,後期,木,2,1233,船橋校舎,数学演習Ⅱ {1}
交通システム工学科,後期,木,2,1325,船橋校舎,交通現象解析↓連続２時限
交通システム工学科,後期,木,2,1325,船橋校舎,交通現象解析↓連続２時限
交通システム工学科,後期,木,2,1326,船橋校舎,製図・デザイン基礎Ⅱ↓連続２時限
交通システム工学科,後期,木,2,1326,船橋校舎,製図・デザイン基礎Ⅱ↓連続２時限
土木工学科,後期,木,2,134,船橋校舎,基礎物理学実験 {年間隔週}↓連続２時限【年間隔週】
交通システム工学科,後期,木,2,134,船橋校舎,基礎物理学実験 {年間隔週}↓連続２時限【年間隔週】
交通システム工学科,後期,木,2,134,船橋校舎,基礎物理学実験 {年間隔週}↓連続２時限【年間隔週】
建築学科,後期,木,2,134,船橋校舎,基礎物理学実験 {年間隔週}↓連続２時限【年間隔週】
海洋建築工学科,後期,木,2,134,船橋校舎,基礎物理学実験 {年間隔週}↓連続２時限【年間隔週】
機械工学科,後期,木,2,134,船橋校舎,基礎物理学実験 {年間隔週}↓連続２時限【年間隔週】
精密機械工学科,後期,木,2,134,船橋校舎,基礎物理学実験 {年間隔週}↓連続２時限【年間隔週】
航空宇宙工学科,後期,木,2,134,船橋校舎,基礎物理学実験 {年間隔週}↓連続２時限【年間隔週】
電気工学科,後期,木,2,134,船橋校舎,基礎物理学実験 {年間隔週}↓連続２時限【年間隔週】
電子工学科,後期,木,2,134,船橋校舎,基礎物理学実験 {年間隔週}↓連続２時限【年間隔週】
物質応用化学科,後期,木,2,134,船橋校舎,基礎物理学実験 {年間隔週}↓連続２時限【年間隔週】
物理学科,後期,木,2,134,船橋校舎,基礎物理学実験 {年間隔週}↓連続２時限【年間隔週】
数学科,後期,木,2,134,船橋校舎,基礎物理学実験 {年間隔週}↓連続２時限【年間隔週】
まちづくり工学科,後期,木,2,134,船橋校舎,基礎物理学実験 {年間隔週}↓連続２時限【年間隔週】
応用情報工学科,後期,木,2,134,船橋校舎,基礎物理学実験 {年間隔週}↓連続２時限【年間隔週】
一般教育,後期,木,2,134,船橋校舎,基礎物理学実験 {年間隔週}↓連続２時限【年間隔週】
電子工学科,後期,木,2,1421,船橋校舎,アンテナ・電波伝搬
まちづくり工学科,後期,木,2,1422,船橋校舎,微分積分学Ⅱ {1}
まちづくり工学科,後期,木,2,1423,船橋校舎,微分積分学Ⅱ {2}
交通システム工学科,後期,木,2,1424,船橋校舎,多変量解析↓連続２時限
交通システム工学科,後期,木,2,1424,船橋校舎,多変量解析↓連続２時限
土木工学科,後期,木,2,143,船橋校舎,基礎物理学実験 {年間隔週}↓連続２時限【年間隔週】
交通システム工学科,後期,木,2,143,船橋校舎,基礎物理学実験 {年間隔週}↓連続２時限【年間隔週】
交通システム工学科,後期,木,2,143,船橋校舎,基礎物理学実験 {年間隔週}↓連続２時限【年間隔週】
建築学科,後期,木,2,143,船橋校舎,基礎物理学実験 {年間隔週}↓連続２時限【年間隔週】
海洋建築工学科,後期,木,2,143,船橋校舎,基礎物理学実験 {年間隔週}↓連続２時限【年間隔週】
機械工学科,後期,木,2,143,船橋校舎,基礎物理学実験 {年間隔週}↓連続２時限【年間隔週】
精密機械工学科,後期,木,2,143,船橋校舎,基礎物理学実験 {年間隔週}↓連続２時限【年間隔週】
航空宇宙工学科,後期,木,2,143,船橋校舎,基礎物理学実験 {年間隔週}↓連続２時限【年間隔週】
電気工学科,後期,木,2,143,船橋校舎,基礎物理学実験 {年間隔週}↓連続２時限【年間隔週】
電子工学科,後期,木,2,143,船橋校舎,基礎物理学実験 {年間隔週}↓連続２時限【年間隔週】
物質応用化学科,後期,木,2,143,船橋校舎,基礎物理学実験 {年間隔週}↓連続２時限【年間隔週】
物理学科,後期,木,2,143,船橋校舎,基礎物理学実験 {年間隔週}↓連続２時限【年間隔週】
数学科,後期,木,2,143,船橋校舎,基礎物理学実験 {年間隔週}↓連続２時限【年間隔週】
まちづくり工学科,後期,木,2,143,船橋校舎,基礎物理学実験 {年間隔週}↓連続２時限【年間隔週】
応用情報工学科,後期,木,2,143,船橋校舎,基礎物理学実験 {年間隔週}↓連続２時限【年間隔週】
一般教育,後期,木,2,143,船橋校舎,基礎物理学実験 {年間隔週}↓連続２時限【年間隔週】
応用情報工学科,後期,木,2,1431,船橋校舎,組込回路Ⅱ
航空宇宙工学科,後期,木,2,1432,船橋校舎,工業力学Ⅱ及び演習↓連続２時限
海洋建築工学科,後期,木,2,1433,船橋校舎,浮体工学及び演習↓連続２時限
海洋建築工学科,後期,木,2,1434,船橋校舎,海洋建築の材料と施工法
土木工学科,後期,木,2,144,船橋校舎,基礎物理学実験 {年間隔週}↓連続２時限【年間隔週】
交通システム工学科,後期,木,2,144,船橋校舎,基礎物理学実験 {年間隔週}↓連続２時限【年間隔週】
交通システム工学科,後期,木,2,144,船橋校舎,基礎物理学実験 {年間隔週}↓連続２時限【年間隔週】
建築学科,後期,木,2,144,船橋校舎,基礎物理学実験 {年間隔週}↓連続２時限【年間隔週】
海洋建築工学科,後期,木,2,144,船橋校舎,基礎物理学実験 {年間隔週}↓連続２時限【年間隔週】
機械工学科,後期,木,2,144,船橋校舎,基礎物理学実験 {年間隔週}↓連続２時限【年間隔週】
精密機械工学科,後期,木,2,144,船橋校舎,基礎物理学実験 {年間隔週}↓連続２時限【年間隔週】
航空宇宙工学科,後期,木,2,144,船橋校舎,基礎物理学実験 {年間隔週}↓連続２時限【年間隔週】
電気工学科,後期,木,2,144,船橋校舎,基礎物理学実験 {年間隔週}↓連続２時限【年間隔週】
電子工学科,後期,木,2,144,船橋校舎,基礎物理学実験 {年間隔週}↓連続２時限【年間隔週】
物質応用化学科,後期,木,2,144,船橋校舎,基礎物理学実験 {年間隔週}↓連続２時限【年間隔週】
物理学科,後期,木,2,144,船橋校舎,基礎物理学実験 {年間隔週}↓連続２時限【年間隔週】
数学科,後期,木,2,144,船橋校舎,基礎物理学実験 {年間隔週}↓連続２時限【年間隔週】
まちづくり工学科,後期,木,2,144,船橋校舎,基礎物理学実験 {年間隔週}↓連続２時限【年間隔週】
応用情報工学科,後期,木,2,144,船橋校舎,基礎物理学実験 {年間隔週}↓連続２時限【年間隔週】
一般教育,後期,木,2,144,船橋校舎,基礎物理学実験 {年間隔週}↓連続２時限【年間隔週】
土木工学科,後期,木,2,1441,船橋校舎,力学の基礎Ⅱ及び演習 {ABC}↓連続２時限
土木工学科,後期,木,2,1442,船橋校舎,力学の基礎Ⅱ及び演習 {ABC}↓連続２時限
土木工学科,後期,木,2,1443,船橋校舎,力学の基礎Ⅱ及び演習 {ABC}↓連続２時限
電子工学科,後期,木,2,1444,船橋校舎,電子回路Ⅱ {未来}
海洋建築工学専攻,後期,木,2,1452,船橋校舎,応答制御構造設計特論
精密機械工学専攻,後期,木,2,1453,船橋校舎,微小電気機械システム特論Ⅱ ＊ {ｶﾘ変}
電子工学専攻,後期,木,2,1454,船橋校舎,半導体集積回路Ⅱ
航空宇宙工学専攻,後期,木,2,1455,船橋校舎,応用数学Ⅱ
電子工学科,後期,木,2,1456,船橋校舎,電子回路Ⅰ {再}{未来}
交通システム工学専攻,後期,木,2,1457,船橋校舎,社会環境通論
土木工学科,後期,木,2,341,船橋校舎,基礎化学実験 {年間隔週}↓連続２時限【年間隔週】
交通システム工学科,後期,木,2,341,船橋校舎,基礎化学実験 {年間隔週}↓連続２時限【年間隔週】
交通システム工学科,後期,木,2,341,船橋校舎,基礎化学実験 {年間隔週}↓連続２時限【年間隔週】
建築学科,後期,木,2,341,船橋校舎,基礎化学実験 {年間隔週}↓連続２時限【年間隔週】
海洋建築工学科,後期,木,2,341,船橋校舎,基礎化学実験 {年間隔週}↓連続２時限【年間隔週】
機械工学科,後期,木,2,341,船橋校舎,基礎化学実験 {年間隔週}↓連続２時限【年間隔週】
精密機械工学科,後期,木,2,341,船橋校舎,基礎化学実験 {年間隔週}↓連続２時限【年間隔週】
航空宇宙工学科,後期,木,2,341,船橋校舎,基礎化学実験 {年間隔週}↓連続２時限【年間隔週】
電気工学科,後期,木,2,341,船橋校舎,基礎化学実験 {年間隔週}↓連続２時限【年間隔週】
電子工学科,後期,木,2,341,船橋校舎,基礎化学実験 {年間隔週}↓連続２時限【年間隔週】
物質応用化学科,後期,木,2,341,船橋校舎,基礎化学実験 {年間隔週}↓連続２時限【年間隔週】
物理学科,後期,木,2,341,船橋校舎,基礎化学実験 {年間隔週}↓連続２時限【年間隔週】
数学科,後期,木,2,341,船橋校舎,基礎化学実験 {年間隔週}↓連続２時限【年間隔週】
まちづくり工学科,後期,木,2,341,船橋校舎,基礎化学実験 {年間隔週}↓連続２時限【年間隔週】
応用情報工学科,後期,木,2,341,船橋校舎,基礎化学実験 {年間隔週}↓連続２時限【年間隔週】
一般教育,後期,木,2,341,船橋校舎,基礎化学実験 {年間隔週}↓連続２時限【年間隔週】
土木工学科,後期,木,2,342,船橋校舎,基礎化学実験 {年間隔週}↓連続２時限【年間隔週】
交通システム工学科,後期,木,2,342,船橋校舎,基礎化学実験 {年間隔週}↓連続２時限【年間隔週】
交通システム工学科,後期,木,2,342,船橋校舎,基礎化学実験 {年間隔週}↓連続２時限【年間隔週】
建築学科,後期,木,2,342,船橋校舎,基礎化学実験 {年間隔週}↓連続２時限【年間隔週】
海洋建築工学科,後期,木,2,342,船橋校舎,基礎化学実験 {年間隔週}↓連続２時限【年間隔週】
機械工学科,後期,木,2,342,船橋校舎,基礎化学実験 {年間隔週}↓連続２時限【年間隔週】
精密機械工学科,後期,木,2,342,船橋校舎,基礎化学実験 {年間隔週}↓連続２時限【年間隔週】
航空宇宙工学科,後期,木,2,342,船橋校舎,基礎化学実験 {年間隔週}↓連続２時限【年間隔週】
電気工学科,後期,木,2,342,船橋校舎,基礎化学実験 {年間隔週}↓連続２時限【年間隔週】
電子工学科,後期,木,2,342,船橋校舎,基礎化学実験 {年間隔週}↓連続２時限【年間隔週】
物質応用化学科,後期,木,2,342,船橋校舎,基礎化学実験 {年間隔週}↓連続２時限【年間隔週】
物理学科,後期,木,2,342,船橋校舎,基礎化学実験 {年間隔週}↓連続２時限【年間隔週】
数学科,後期,木,2,342,船橋校舎,基礎化学実験 {年間隔週}↓連続２時限【年間隔週】
まちづくり工学科,後期,木,2,342,船橋校舎,基礎化学実験 {年間隔週}↓連続２時限【年間隔週】
応用情報工学科,後期,木,2,342,船橋校舎,基礎化学実験 {年間隔週}↓連続２時限【年間隔週】
一般教育,後期,木,2,342,船橋校舎,基礎化学実験 {年間隔週}↓連続２時限【年間隔週】
電子工学科,後期,木,2,624,船橋校舎,力と運動の物理学Ⅱ演習
電子工学科,後期,木,2,625,船橋校舎,力と運動の物理学Ⅱ演習
電子工学科,後期,木,2,634,船橋校舎,力と運動の物理学Ⅱ演習
電子工学科,後期,木,2,635,船橋校舎,力と運動の物理学Ⅱ演習
機械工学科,後期,木,2,641,船橋校舎,機械設計製図ⅠB {B}{未来}↓連続２時限
機械工学科,後期,木,2,642,船橋校舎,機械設計製図ⅠB {B}{未来}↓連続２時限
機械工学科,後期,木,2,644,船橋校舎,機械設計製図ⅠB {B}{未来}↓連続２時限
土木工学科,後期,木,2,819,船橋校舎,基礎化学実験 {年間隔週}↓連続２時限【年間隔週】
交通システム工学科,後期,木,2,819,船橋校舎,基礎化学実験 {年間隔週}↓連続２時限【年間隔週】
交通システム工学科,後期,木,2,819,船橋校舎,基礎化学実験 {年間隔週}↓連続２時限【年間隔週】
建築学科,後期,木,2,819,船橋校舎,基礎化学実験 {年間隔週}↓連続２時限【年間隔週】
海洋建築工学科,後期,木,2,819,船橋校舎,基礎化学実験 {年間隔週}↓連続２時限【年間隔週】
機械工学科,後期,木,2,819,船橋校舎,基礎化学実験 {年間隔週}↓連続２時限【年間隔週】
精密機械工学科,後期,木,2,819,船橋校舎,基礎化学実験 {年間隔週}↓連続２時限【年間隔週】
航空宇宙工学科,後期,木,2,819,船橋校舎,基礎化学実験 {年間隔週}↓連続２時限【年間隔週】
電気工学科,後期,木,2,819,船橋校舎,基礎化学実験 {年間隔週}↓連続２時限【年間隔週】
電子工学科,後期,木,2,819,船橋校舎,基礎化学実験 {年間隔週}↓連続２時限【年間隔週】
物質応用化学科,後期,木,2,819,船橋校舎,基礎化学実験 {年間隔週}↓連続２時限【年間隔週】
物理学科,後期,木,2,819,船橋校舎,基礎化学実験 {年間隔週}↓連続２時限【年間隔週】
数学科,後期,木,2,819,船橋校舎,基礎化学実験 {年間隔週}↓連続２時限【年間隔週】
まちづくり工学科,後期,木,2,819,船橋校舎,基礎化学実験 {年間隔週}↓連続２時限【年間隔週】
応用情報工学科,後期,木,2,819,船橋校舎,基礎化学実験 {年間隔週}↓連続２時限【年間隔週】
一般教育,後期,木,2,819,船橋校舎,基礎化学実験 {年間隔週}↓連続２時限【年間隔週】
土木工学科,後期,木,2,826,船橋校舎,基礎化学実験 {年間隔週}↓連続２時限【年間隔週】
交通システム工学科,後期,木,2,826,船橋校舎,基礎化学実験 {年間隔週}↓連続２時限【年間隔週】
交通システム工学科,後期,木,2,826,船橋校舎,基礎化学実験 {年間隔週}↓連続２時限【年間隔週】
建築学科,後期,木,2,826,船橋校舎,基礎化学実験 {年間隔週}↓連続２時限【年間隔週】
海洋建築工学科,後期,木,2,826,船橋校舎,基礎化学実験 {年間隔週}↓連続２時限【年間隔週】
機械工学科,後期,木,2,826,船橋校舎,基礎化学実験 {年間隔週}↓連続２時限【年間隔週】
精密機械工学科,後期,木,2,826,船橋校舎,基礎化学実験 {年間隔週}↓連続２時限【年間隔週】
航空宇宙工学科,後期,木,2,826,船橋校舎,基礎化学実験 {年間隔週}↓連続２時限【年間隔週】
電気工学科,後期,木,2,826,船橋校舎,基礎化学実験 {年間隔週}↓連続２時限【年間隔週】
電子工学科,後期,木,2,826,船橋校舎,基礎化学実験 {年間隔週}↓連続２時限【年間隔週】
物質応用化学科,後期,木,2,826,船橋校舎,基礎化学実験 {年間隔週}↓連続２時限【年間隔週】
物理学科,後期,木,2,826,船橋校舎,基礎化学実験 {年間隔週}↓連続２時限【年間隔週】
数学科,後期,木,2,826,船橋校舎,基礎化学実験 {年間隔週}↓連続２時限【年間隔週】
まちづくり工学科,後期,木,2,826,船橋校舎,基礎化学実験 {年間隔週}↓連続２時限【年間隔週】
応用情報工学科,後期,木,2,826,船橋校舎,基礎化学実験 {年間隔週}↓連続２時限【年間隔週】
一般教育,後期,木,2,826,船橋校舎,基礎化学実験 {年間隔週}↓連続２時限【年間隔週】
土木工学科,後期,木,2,829,船橋校舎,基礎化学実験 {年間隔週}↓連続２時限【年間隔週】
交通システム工学科,後期,木,2,829,船橋校舎,基礎化学実験 {年間隔週}↓連続２時限【年間隔週】
交通システム工学科,後期,木,2,829,船橋校舎,基礎化学実験 {年間隔週}↓連続２時限【年間隔週】
建築学科,後期,木,2,829,船橋校舎,基礎化学実験 {年間隔週}↓連続２時限【年間隔週】
海洋建築工学科,後期,木,2,829,船橋校舎,基礎化学実験 {年間隔週}↓連続２時限【年間隔週】
機械工学科,後期,木,2,829,船橋校舎,基礎化学実験 {年間隔週}↓連続２時限【年間隔週】
精密機械工学科,後期,木,2,829,船橋校舎,基礎化学実験 {年間隔週}↓連続２時限【年間隔週】
航空宇宙工学科,後期,木,2,829,船橋校舎,基礎化学実験 {年間隔週}↓連続２時限【年間隔週】
電気工学科,後期,木,2,829,船橋校舎,基礎化学実験 {年間隔週}↓連続２時限【年間隔週】
電子工学科,後期,木,2,829,船橋校舎,基礎化学実験 {年間隔週}↓連続２時限【年間隔週】
物質応用化学科,後期,木,2,829,船橋校舎,基礎化学実験 {年間隔週}↓連続２時限【年間隔週】
物理学科,後期,木,2,829,船橋校舎,基礎化学実験 {年間隔週}↓連続２時限【年間隔週】
数学科,後期,木,2,829,船橋校舎,基礎化学実験 {年間隔週}↓連続２時限【年間隔週】
まちづくり工学科,後期,木,2,829,船橋校舎,基礎化学実験 {年間隔週}↓連続２時限【年間隔週】
応用情報工学科,後期,木,2,829,船橋校舎,基礎化学実験 {年間隔週}↓連続２時限【年間隔週】
一般教育,後期,木,2,829,船橋校舎,基礎化学実験 {年間隔週}↓連続２時限【年間隔週】
電気工学科,後期,木,2,941,船橋校舎,電気工学基礎実験 {B}↓連続２時限
機械工学科,後期,木,2,テクノ・工作技術センター,船橋校舎,機械工作実習B {A}{未来}↓連続２時限
電気工学科,後期,木,2,0000,駿河台校舎,電気機器設計 ☆
電気工学科,後期,木,2,131,駿河台校舎,特別講義
物理学科,後期,木,2,134,駿河台校舎,情報システム論
機械工学科,後期,木,2,141,駿河台校舎,機械力学・材料力学演習Ｂ
土木工学科,後期,木,2,144,駿河台校舎,水理学Ⅱ {2}
土木工学科,後期,木,2,151,駿河台校舎,地盤力学Ⅱ {1}
機械工学科,後期,木,2,152,駿河台校舎,塑性と加工
機械工学科,後期,木,2,154,駿河台校舎,機械力学・材料力学演習Ｂ
物質応用化学専攻,後期,木,2,831,駿河台校舎,資源環境工学特論
物質応用化学科,後期,木,2,843,駿河台校舎,有機化学Ⅱ {A}
物質応用化学科,後期,木,2,851,駿河台校舎,生命科学Ⅲ {B}
物質応用化学科,後期,木,2,852,駿河台校舎,セラミックス化学
建築学科,後期,木,2,スタジオ（S701,駿河台校舎,建築設計Ⅱ {2}↓連続３時限
まちづくり工学科,後期,木,3,S101,タワースコラ,景観デザイン演習↓連続２時限
まちづくり工学専攻,後期,木,3,S1201,タワースコラ,治水とまちづくり特論
建築学科,後期,木,3,S301,タワースコラ,保存修復論
建築学専攻,後期,木,3,S402,タワースコラ,建築設計特論Ⅲ
物理学専攻,後期,木,3,S406,タワースコラ,物性物理学特論Ⅰ
土木工学科,後期,木,3,S501,タワースコラ,水質環境学及び演習↓連続２時限
電気工学専攻,後期,木,3,S502,タワースコラ,画像処理特論
数学科,後期,木,3,S504,タワースコラ,確率統計Ｂ
電気工学科,後期,木,3,S505,タワースコラ,ディジタル回路
機械工学専攻,後期,木,3,S601,タワースコラ,振動工学特論Ⅱ
建築学専攻,後期,木,3,S602,タワースコラ,建築設備計画演習↓連続２時限
建築学科,後期,木,3,S702,タワースコラ,建築設計Ⅱ {2}↓連続３時限
建築学科,後期,木,3,S705）,タワースコラ,建築設計Ⅱ {2}↓連続３時限
まちづくり工学科,後期,木,3,まち製図室１～５,タワースコラ,景観デザイン演習↓連続２時限
精密機械工学科,後期,木,3,1011,船橋校舎,人工知能
電気工学科,後期,木,3,1013,船橋校舎,電気工学基礎実験 {A}↓連続２時限
土木工学科,後期,木,3,1021,船橋校舎,英語ⅢB
交通システム工学科,後期,木,3,1021,船橋校舎,英語ⅢB
交通システム工学科,後期,木,3,1021,船橋校舎,英語ⅢB
建築学科,後期,木,3,1021,船橋校舎,英語ⅢB
海洋建築工学科,後期,木,3,1021,船橋校舎,英語ⅢB
機械工学科,後期,木,3,1021,船橋校舎,英語ⅢB
精密機械工学科,後期,木,3,1021,船橋校舎,英語ⅢB
航空宇宙工学科,後期,木,3,1021,船橋校舎,英語ⅢB
電気工学科,後期,木,3,1021,船橋校舎,英語ⅢB
電子工学科,後期,木,3,1021,船橋校舎,英語ⅢB
物質応用化学科,後期,木,3,1021,船橋校舎,英語ⅢB
物理学科,後期,木,3,1021,船橋校舎,英語ⅢB
数学科,後期,木,3,1021,船橋校舎,英語ⅢB
まちづくり工学科,後期,木,3,1021,船橋校舎,英語ⅢB
応用情報工学科,後期,木,3,1021,船橋校舎,英語ⅢB
一般教育,後期,木,3,1021,船橋校舎,英語ⅢB
土木工学科,後期,木,3,1022,船橋校舎,英語ⅡB
交通システム工学科,後期,木,3,1022,船橋校舎,英語ⅡB
交通システム工学科,後期,木,3,1022,船橋校舎,英語ⅡB
建築学科,後期,木,3,1022,船橋校舎,英語ⅡB
海洋建築工学科,後期,木,3,1022,船橋校舎,英語ⅡB
機械工学科,後期,木,3,1022,船橋校舎,英語ⅡB
精密機械工学科,後期,木,3,1022,船橋校舎,英語ⅡB
航空宇宙工学科,後期,木,3,1022,船橋校舎,英語ⅡB
電気工学科,後期,木,3,1022,船橋校舎,英語ⅡB
電子工学科,後期,木,3,1022,船橋校舎,英語ⅡB
物質応用化学科,後期,木,3,1022,船橋校舎,英語ⅡB
物理学科,後期,木,3,1022,船橋校舎,英語ⅡB
数学科,後期,木,3,1022,船橋校舎,英語ⅡB
まちづくり工学科,後期,木,3,1022,船橋校舎,英語ⅡB
応用情報工学科,後期,木,3,1022,船橋校舎,英語ⅡB
一般教育,後期,木,3,1022,船橋校舎,英語ⅡB
数学科,後期,木,3,1023,船橋校舎,代数学幾何学Ｂ {1}↓連続２時限
数学科,後期,木,3,1031,船橋校舎,微分積分学Ｂ {2}↓連続２時限
土木工学科,後期,木,3,1032,船橋校舎,英語ⅡB
交通システム工学科,後期,木,3,1032,船橋校舎,英語ⅡB
交通システム工学科,後期,木,3,1032,船橋校舎,英語ⅡB
建築学科,後期,木,3,1032,船橋校舎,英語ⅡB
海洋建築工学科,後期,木,3,1032,船橋校舎,英語ⅡB
機械工学科,後期,木,3,1032,船橋校舎,英語ⅡB
精密機械工学科,後期,木,3,1032,船橋校舎,英語ⅡB
航空宇宙工学科,後期,木,3,1032,船橋校舎,英語ⅡB
電気工学科,後期,木,3,1032,船橋校舎,英語ⅡB
電子工学科,後期,木,3,1032,船橋校舎,英語ⅡB
物質応用化学科,後期,木,3,1032,船橋校舎,英語ⅡB
物理学科,後期,木,3,1032,船橋校舎,英語ⅡB
数学科,後期,木,3,1032,船橋校舎,英語ⅡB
まちづくり工学科,後期,木,3,1032,船橋校舎,英語ⅡB
応用情報工学科,後期,木,3,1032,船橋校舎,英語ⅡB
一般教育,後期,木,3,1032,船橋校舎,英語ⅡB
土木工学科,後期,木,3,1033,船橋校舎,英語ⅡB
交通システム工学科,後期,木,3,1033,船橋校舎,英語ⅡB
交通システム工学科,後期,木,3,1033,船橋校舎,英語ⅡB
建築学科,後期,木,3,1033,船橋校舎,英語ⅡB
海洋建築工学科,後期,木,3,1033,船橋校舎,英語ⅡB
機械工学科,後期,木,3,1033,船橋校舎,英語ⅡB
精密機械工学科,後期,木,3,1033,船橋校舎,英語ⅡB
航空宇宙工学科,後期,木,3,1033,船橋校舎,英語ⅡB
電気工学科,後期,木,3,1033,船橋校舎,英語ⅡB
電子工学科,後期,木,3,1033,船橋校舎,英語ⅡB
物質応用化学科,後期,木,3,1033,船橋校舎,英語ⅡB
物理学科,後期,木,3,1033,船橋校舎,英語ⅡB
数学科,後期,木,3,1033,船橋校舎,英語ⅡB
まちづくり工学科,後期,木,3,1033,船橋校舎,英語ⅡB
応用情報工学科,後期,木,3,1033,船橋校舎,英語ⅡB
一般教育,後期,木,3,1033,船橋校舎,英語ⅡB
土木工学科,後期,木,3,1041,船橋校舎,英語ⅢB
交通システム工学科,後期,木,3,1041,船橋校舎,英語ⅢB
交通システム工学科,後期,木,3,1041,船橋校舎,英語ⅢB
建築学科,後期,木,3,1041,船橋校舎,英語ⅢB
海洋建築工学科,後期,木,3,1041,船橋校舎,英語ⅢB
機械工学科,後期,木,3,1041,船橋校舎,英語ⅢB
精密機械工学科,後期,木,3,1041,船橋校舎,英語ⅢB
航空宇宙工学科,後期,木,3,1041,船橋校舎,英語ⅢB
電気工学科,後期,木,3,1041,船橋校舎,英語ⅢB
電子工学科,後期,木,3,1041,船橋校舎,英語ⅢB
物質応用化学科,後期,木,3,1041,船橋校舎,英語ⅢB
物理学科,後期,木,3,1041,船橋校舎,英語ⅢB
数学科,後期,木,3,1041,船橋校舎,英語ⅢB
まちづくり工学科,後期,木,3,1041,船橋校舎,英語ⅢB
応用情報工学科,後期,木,3,1041,船橋校舎,英語ⅢB
一般教育,後期,木,3,1041,船橋校舎,英語ⅢB
土木工学科,後期,木,3,1042,船橋校舎,英語ⅡB
交通システム工学科,後期,木,3,1042,船橋校舎,英語ⅡB
交通システム工学科,後期,木,3,1042,船橋校舎,英語ⅡB
建築学科,後期,木,3,1042,船橋校舎,英語ⅡB
海洋建築工学科,後期,木,3,1042,船橋校舎,英語ⅡB
機械工学科,後期,木,3,1042,船橋校舎,英語ⅡB
精密機械工学科,後期,木,3,1042,船橋校舎,英語ⅡB
航空宇宙工学科,後期,木,3,1042,船橋校舎,英語ⅡB
電気工学科,後期,木,3,1042,船橋校舎,英語ⅡB
電子工学科,後期,木,3,1042,船橋校舎,英語ⅡB
物質応用化学科,後期,木,3,1042,船橋校舎,英語ⅡB
物理学科,後期,木,3,1042,船橋校舎,英語ⅡB
数学科,後期,木,3,1042,船橋校舎,英語ⅡB
まちづくり工学科,後期,木,3,1042,船橋校舎,英語ⅡB
応用情報工学科,後期,木,3,1042,船橋校舎,英語ⅡB
一般教育,後期,木,3,1042,船橋校舎,英語ⅡB
土木工学科,後期,木,3,1043,船橋校舎,英語ⅡB
交通システム工学科,後期,木,3,1043,船橋校舎,英語ⅡB
交通システム工学科,後期,木,3,1043,船橋校舎,英語ⅡB
建築学科,後期,木,3,1043,船橋校舎,英語ⅡB
海洋建築工学科,後期,木,3,1043,船橋校舎,英語ⅡB
機械工学科,後期,木,3,1043,船橋校舎,英語ⅡB
精密機械工学科,後期,木,3,1043,船橋校舎,英語ⅡB
航空宇宙工学科,後期,木,3,1043,船橋校舎,英語ⅡB
電気工学科,後期,木,3,1043,船橋校舎,英語ⅡB
電子工学科,後期,木,3,1043,船橋校舎,英語ⅡB
物質応用化学科,後期,木,3,1043,船橋校舎,英語ⅡB
物理学科,後期,木,3,1043,船橋校舎,英語ⅡB
数学科,後期,木,3,1043,船橋校舎,英語ⅡB
まちづくり工学科,後期,木,3,1043,船橋校舎,英語ⅡB
応用情報工学科,後期,木,3,1043,船橋校舎,英語ⅡB
一般教育,後期,木,3,1043,船橋校舎,英語ⅡB
電子工学科,後期,木,3,1102,船橋校舎,電子工学実験Ⅰ {2}{未来}↓連続２時限【年間】
電子工学科,後期,木,3,1103,船橋校舎,電子工学実験Ⅲ {未来}↓連続２時限【年間】
土木工学科,後期,木,3,1112,船橋校舎,英語ⅡB
交通システム工学科,後期,木,3,1112,船橋校舎,英語ⅡB
交通システム工学科,後期,木,3,1112,船橋校舎,英語ⅡB
建築学科,後期,木,3,1112,船橋校舎,英語ⅡB
海洋建築工学科,後期,木,3,1112,船橋校舎,英語ⅡB
機械工学科,後期,木,3,1112,船橋校舎,英語ⅡB
精密機械工学科,後期,木,3,1112,船橋校舎,英語ⅡB
航空宇宙工学科,後期,木,3,1112,船橋校舎,英語ⅡB
電気工学科,後期,木,3,1112,船橋校舎,英語ⅡB
電子工学科,後期,木,3,1112,船橋校舎,英語ⅡB
物質応用化学科,後期,木,3,1112,船橋校舎,英語ⅡB
物理学科,後期,木,3,1112,船橋校舎,英語ⅡB
数学科,後期,木,3,1112,船橋校舎,英語ⅡB
まちづくり工学科,後期,木,3,1112,船橋校舎,英語ⅡB
応用情報工学科,後期,木,3,1112,船橋校舎,英語ⅡB
一般教育,後期,木,3,1112,船橋校舎,英語ⅡB
海洋建築工学科,後期,木,3,1113,船橋校舎,建築計画Ⅰ
土木工学科,後期,木,3,1133,船橋校舎,英語ⅡB
交通システム工学科,後期,木,3,1133,船橋校舎,英語ⅡB
交通システム工学科,後期,木,3,1133,船橋校舎,英語ⅡB
建築学科,後期,木,3,1133,船橋校舎,英語ⅡB
海洋建築工学科,後期,木,3,1133,船橋校舎,英語ⅡB
機械工学科,後期,木,3,1133,船橋校舎,英語ⅡB
精密機械工学科,後期,木,3,1133,船橋校舎,英語ⅡB
航空宇宙工学科,後期,木,3,1133,船橋校舎,英語ⅡB
電気工学科,後期,木,3,1133,船橋校舎,英語ⅡB
電子工学科,後期,木,3,1133,船橋校舎,英語ⅡB
物質応用化学科,後期,木,3,1133,船橋校舎,英語ⅡB
物理学科,後期,木,3,1133,船橋校舎,英語ⅡB
数学科,後期,木,3,1133,船橋校舎,英語ⅡB
まちづくり工学科,後期,木,3,1133,船橋校舎,英語ⅡB
応用情報工学科,後期,木,3,1133,船橋校舎,英語ⅡB
一般教育,後期,木,3,1133,船橋校舎,英語ⅡB
土木工学科,後期,木,3,1142,船橋校舎,English Communication Ⅱ
交通システム工学科,後期,木,3,1142,船橋校舎,English Communication Ⅱ
交通システム工学科,後期,木,3,1142,船橋校舎,English Communication Ⅱ
建築学科,後期,木,3,1142,船橋校舎,English Communication Ⅱ
海洋建築工学科,後期,木,3,1142,船橋校舎,English Communication Ⅱ
機械工学科,後期,木,3,1142,船橋校舎,English Communication Ⅱ
精密機械工学科,後期,木,3,1142,船橋校舎,English Communication Ⅱ
航空宇宙工学科,後期,木,3,1142,船橋校舎,English Communication Ⅱ
電気工学科,後期,木,3,1142,船橋校舎,English Communication Ⅱ
電子工学科,後期,木,3,1142,船橋校舎,English Communication Ⅱ
物質応用化学科,後期,木,3,1142,船橋校舎,English Communication Ⅱ
物理学科,後期,木,3,1142,船橋校舎,English Communication Ⅱ
数学科,後期,木,3,1142,船橋校舎,English Communication Ⅱ
まちづくり工学科,後期,木,3,1142,船橋校舎,English Communication Ⅱ
応用情報工学科,後期,木,3,1142,船橋校舎,English Communication Ⅱ
一般教育,後期,木,3,1142,船橋校舎,English Communication Ⅱ
土木工学科,後期,木,3,1143,船橋校舎,English Communication Ⅱ
交通システム工学科,後期,木,3,1143,船橋校舎,English Communication Ⅱ
交通システム工学科,後期,木,3,1143,船橋校舎,English Communication Ⅱ
建築学科,後期,木,3,1143,船橋校舎,English Communication Ⅱ
海洋建築工学科,後期,木,3,1143,船橋校舎,English Communication Ⅱ
機械工学科,後期,木,3,1143,船橋校舎,English Communication Ⅱ
精密機械工学科,後期,木,3,1143,船橋校舎,English Communication Ⅱ
航空宇宙工学科,後期,木,3,1143,船橋校舎,English Communication Ⅱ
電気工学科,後期,木,3,1143,船橋校舎,English Communication Ⅱ
電子工学科,後期,木,3,1143,船橋校舎,English Communication Ⅱ
物質応用化学科,後期,木,3,1143,船橋校舎,English Communication Ⅱ
物理学科,後期,木,3,1143,船橋校舎,English Communication Ⅱ
数学科,後期,木,3,1143,船橋校舎,English Communication Ⅱ
まちづくり工学科,後期,木,3,1143,船橋校舎,English Communication Ⅱ
応用情報工学科,後期,木,3,1143,船橋校舎,English Communication Ⅱ
一般教育,後期,木,3,1143,船橋校舎,English Communication Ⅱ
電子工学科,後期,木,3,1202,船橋校舎,計算機ソフトウェア及び演習↓連続２時限
電気工学科,後期,木,3,1221,船橋校舎,電気工学基礎実験 {A}↓連続２時限
土木工学科,後期,木,3,1222,船橋校舎,データの解析 {1}↓連続２時限
土木工学科,後期,木,3,1223,船橋校舎,データの解析 {1}↓連続２時限
土木工学科,後期,木,3,1231,船橋校舎,英語ⅡB
交通システム工学科,後期,木,3,1231,船橋校舎,英語ⅡB
交通システム工学科,後期,木,3,1231,船橋校舎,英語ⅡB
建築学科,後期,木,3,1231,船橋校舎,英語ⅡB
海洋建築工学科,後期,木,3,1231,船橋校舎,英語ⅡB
機械工学科,後期,木,3,1231,船橋校舎,英語ⅡB
精密機械工学科,後期,木,3,1231,船橋校舎,英語ⅡB
航空宇宙工学科,後期,木,3,1231,船橋校舎,英語ⅡB
電気工学科,後期,木,3,1231,船橋校舎,英語ⅡB
電子工学科,後期,木,3,1231,船橋校舎,英語ⅡB
物質応用化学科,後期,木,3,1231,船橋校舎,英語ⅡB
物理学科,後期,木,3,1231,船橋校舎,英語ⅡB
数学科,後期,木,3,1231,船橋校舎,英語ⅡB
まちづくり工学科,後期,木,3,1231,船橋校舎,英語ⅡB
応用情報工学科,後期,木,3,1231,船橋校舎,英語ⅡB
一般教育,後期,木,3,1231,船橋校舎,英語ⅡB
土木工学科,後期,木,3,1232,船橋校舎,英語ⅡB
交通システム工学科,後期,木,3,1232,船橋校舎,英語ⅡB
交通システム工学科,後期,木,3,1232,船橋校舎,英語ⅡB
建築学科,後期,木,3,1232,船橋校舎,英語ⅡB
海洋建築工学科,後期,木,3,1232,船橋校舎,英語ⅡB
機械工学科,後期,木,3,1232,船橋校舎,英語ⅡB
精密機械工学科,後期,木,3,1232,船橋校舎,英語ⅡB
航空宇宙工学科,後期,木,3,1232,船橋校舎,英語ⅡB
電気工学科,後期,木,3,1232,船橋校舎,英語ⅡB
電子工学科,後期,木,3,1232,船橋校舎,英語ⅡB
物質応用化学科,後期,木,3,1232,船橋校舎,英語ⅡB
物理学科,後期,木,3,1232,船橋校舎,英語ⅡB
数学科,後期,木,3,1232,船橋校舎,英語ⅡB
まちづくり工学科,後期,木,3,1232,船橋校舎,英語ⅡB
応用情報工学科,後期,木,3,1232,船橋校舎,英語ⅡB
一般教育,後期,木,3,1232,船橋校舎,英語ⅡB
土木工学科,後期,木,3,1233,船橋校舎,英語ⅡB
交通システム工学科,後期,木,3,1233,船橋校舎,英語ⅡB
交通システム工学科,後期,木,3,1233,船橋校舎,英語ⅡB
建築学科,後期,木,3,1233,船橋校舎,英語ⅡB
海洋建築工学科,後期,木,3,1233,船橋校舎,英語ⅡB
機械工学科,後期,木,3,1233,船橋校舎,英語ⅡB
精密機械工学科,後期,木,3,1233,船橋校舎,英語ⅡB
航空宇宙工学科,後期,木,3,1233,船橋校舎,英語ⅡB
電気工学科,後期,木,3,1233,船橋校舎,英語ⅡB
電子工学科,後期,木,3,1233,船橋校舎,英語ⅡB
物質応用化学科,後期,木,3,1233,船橋校舎,英語ⅡB
物理学科,後期,木,3,1233,船橋校舎,英語ⅡB
数学科,後期,木,3,1233,船橋校舎,英語ⅡB
まちづくり工学科,後期,木,3,1233,船橋校舎,英語ⅡB
応用情報工学科,後期,木,3,1233,船橋校舎,英語ⅡB
一般教育,後期,木,3,1233,船橋校舎,英語ⅡB
土木工学科,後期,木,3,1234,船橋校舎,英語ⅡB
交通システム工学科,後期,木,3,1234,船橋校舎,英語ⅡB
交通システム工学科,後期,木,3,1234,船橋校舎,英語ⅡB
建築学科,後期,木,3,1234,船橋校舎,英語ⅡB
海洋建築工学科,後期,木,3,1234,船橋校舎,英語ⅡB
機械工学科,後期,木,3,1234,船橋校舎,英語ⅡB
精密機械工学科,後期,木,3,1234,船橋校舎,英語ⅡB
航空宇宙工学科,後期,木,3,1234,船橋校舎,英語ⅡB
電気工学科,後期,木,3,1234,船橋校舎,英語ⅡB
電子工学科,後期,木,3,1234,船橋校舎,英語ⅡB
物質応用化学科,後期,木,3,1234,船橋校舎,英語ⅡB
物理学科,後期,木,3,1234,船橋校舎,英語ⅡB
数学科,後期,木,3,1234,船橋校舎,英語ⅡB
まちづくり工学科,後期,木,3,1234,船橋校舎,英語ⅡB
応用情報工学科,後期,木,3,1234,船橋校舎,英語ⅡB
一般教育,後期,木,3,1234,船橋校舎,英語ⅡB
交通システム工学科,後期,木,3,1325,船橋校舎,交通システムプロジェクト演習↓連続２時限
交通システム工学科,後期,木,3,1325,船橋校舎,交通システムプロジェクト演習↓連続２時限
土木工学科,後期,木,3,1424,船橋校舎,英語ⅢB
交通システム工学科,後期,木,3,1424,船橋校舎,英語ⅢB
交通システム工学科,後期,木,3,1424,船橋校舎,英語ⅢB
建築学科,後期,木,3,1424,船橋校舎,英語ⅢB
海洋建築工学科,後期,木,3,1424,船橋校舎,英語ⅢB
機械工学科,後期,木,3,1424,船橋校舎,英語ⅢB
精密機械工学科,後期,木,3,1424,船橋校舎,英語ⅢB
航空宇宙工学科,後期,木,3,1424,船橋校舎,英語ⅢB
電気工学科,後期,木,3,1424,船橋校舎,英語ⅢB
電子工学科,後期,木,3,1424,船橋校舎,英語ⅢB
物質応用化学科,後期,木,3,1424,船橋校舎,英語ⅢB
物理学科,後期,木,3,1424,船橋校舎,英語ⅢB
数学科,後期,木,3,1424,船橋校舎,英語ⅢB
まちづくり工学科,後期,木,3,1424,船橋校舎,英語ⅢB
応用情報工学科,後期,木,3,1424,船橋校舎,英語ⅢB
一般教育,後期,木,3,1424,船橋校舎,英語ⅢB
土木工学科,後期,木,3,1431,船橋校舎,英語ⅢB
交通システム工学科,後期,木,3,1431,船橋校舎,英語ⅢB
交通システム工学科,後期,木,3,1431,船橋校舎,英語ⅢB
建築学科,後期,木,3,1431,船橋校舎,英語ⅢB
海洋建築工学科,後期,木,3,1431,船橋校舎,英語ⅢB
機械工学科,後期,木,3,1431,船橋校舎,英語ⅢB
精密機械工学科,後期,木,3,1431,船橋校舎,英語ⅢB
航空宇宙工学科,後期,木,3,1431,船橋校舎,英語ⅢB
電気工学科,後期,木,3,1431,船橋校舎,英語ⅢB
電子工学科,後期,木,3,1431,船橋校舎,英語ⅢB
物質応用化学科,後期,木,3,1431,船橋校舎,英語ⅢB
物理学科,後期,木,3,1431,船橋校舎,英語ⅢB
数学科,後期,木,3,1431,船橋校舎,英語ⅢB
まちづくり工学科,後期,木,3,1431,船橋校舎,英語ⅢB
応用情報工学科,後期,木,3,1431,船橋校舎,英語ⅢB
一般教育,後期,木,3,1431,船橋校舎,英語ⅢB
土木工学科,後期,木,3,1432,船橋校舎,英語ⅢB
交通システム工学科,後期,木,3,1432,船橋校舎,英語ⅢB
交通システム工学科,後期,木,3,1432,船橋校舎,英語ⅢB
建築学科,後期,木,3,1432,船橋校舎,英語ⅢB
海洋建築工学科,後期,木,3,1432,船橋校舎,英語ⅢB
機械工学科,後期,木,3,1432,船橋校舎,英語ⅢB
精密機械工学科,後期,木,3,1432,船橋校舎,英語ⅢB
航空宇宙工学科,後期,木,3,1432,船橋校舎,英語ⅢB
電気工学科,後期,木,3,1432,船橋校舎,英語ⅢB
電子工学科,後期,木,3,1432,船橋校舎,英語ⅢB
物質応用化学科,後期,木,3,1432,船橋校舎,英語ⅢB
物理学科,後期,木,3,1432,船橋校舎,英語ⅢB
数学科,後期,木,3,1432,船橋校舎,英語ⅢB
まちづくり工学科,後期,木,3,1432,船橋校舎,英語ⅢB
応用情報工学科,後期,木,3,1432,船橋校舎,英語ⅢB
一般教育,後期,木,3,1432,船橋校舎,英語ⅢB
航空宇宙工学科,後期,木,3,1434,船橋校舎,伝熱工学Ⅱ
交通システム工学科,後期,木,3,1441,船橋校舎,微分積分学Ⅱ {1}
交通システム工学科,後期,木,3,1441,船橋校舎,微分積分学Ⅱ {1}
交通システム工学科,後期,木,3,1442,船橋校舎,微分積分学Ⅱ {2}
交通システム工学科,後期,木,3,1442,船橋校舎,微分積分学Ⅱ {2}
海洋建築工学専攻,後期,木,3,1452,船橋校舎,海洋建築工学特別講義Ⅰ 寄付講座
電子工学専攻,後期,木,3,1454,船橋校舎,通信理論特論
航空宇宙工学専攻,後期,木,3,1455,船橋校舎,宇宙環境工学
応用情報工学科,後期,木,3,221,船橋校舎,情報工学実験Ⅱ↓連続２時限【年間】
物質応用化学科,後期,木,3,341,船橋校舎,化学実験↓連続２時限
物質応用化学科,後期,木,3,342,船橋校舎,化学実験↓連続２時限
電子工学科,後期,木,3,403,船橋校舎,電子工学実験Ⅱ {1}{未来}↓連続２時限【年間】
応用情報工学科,後期,木,3,624,船橋校舎,物理学Ⅱ演習
応用情報工学科,後期,木,3,625,船橋校舎,物理学Ⅱ演習
応用情報工学科,後期,木,3,634,船橋校舎,物理学Ⅱ演習
機械工学科,後期,木,3,641,船橋校舎,機械設計製図ⅠB {A}{未来}↓連続２時限
機械工学科,後期,木,3,642,船橋校舎,機械設計製図ⅠB {A}{未来}↓連続２時限
機械工学科,後期,木,3,644,船橋校舎,機械設計製図ⅠB {A}{未来}↓連続２時限
物質応用化学科,後期,木,3,819,船橋校舎,化学実験↓連続２時限
物質応用化学科,後期,木,3,826,船橋校舎,化学実験↓連続２時限
物質応用化学科,後期,木,3,829,船橋校舎,化学実験↓連続２時限
電気工学科,後期,木,3,941,船橋校舎,電気工学基礎実験 {A}↓連続２時限
機械工学科,後期,木,3,テクノ・工作技術センター,船橋校舎,機械工作実習B {B}{未来}↓連続２時限
土木工学科,後期,木,3,測量実習ｾﾝﾀｰ(演習室AB),船橋校舎,測量実習Ⅱ {2}↓連続２時限
物理学科,後期,木,3,階段教室(大),船橋校舎,物理数学Ⅰ
機械工学科,後期,木,3,131,駿河台校舎,計測工学
機械工学科,後期,木,3,141,駿河台校舎,流体力学・熱力学演習Ｂ
土木工学科,後期,木,3,144,駿河台校舎,水理学Ⅱ演習 {2}
土木工学科,後期,木,3,151,駿河台校舎,地盤力学Ⅱ演習 {1}
機械工学科,後期,木,3,154,駿河台校舎,流体力学・熱力学演習Ｂ
物質応用化学専攻,後期,木,3,831,駿河台校舎,応用化学特別講義Ⅲ ＊{隔週}↓連続２時限【後期隔週】
物理学科,後期,木,3,832,駿河台校舎,統計物理学Ⅲ
物質応用化学科,後期,木,3,851,駿河台校舎,物質応用化学キャリアデザイン
物質応用化学科,後期,木,3,852,駿河台校舎,物質応用化学キャリアデザイン
建築学科,後期,木,3,スタジオ（S701,駿河台校舎,建築設計Ⅱ {2}↓連続３時限
土木工学科,後期,木,4,S202,タワースコラ,応用生態工学
機械工学科,後期,木,4,S203,タワースコラ,FEM構造解析
土木工学科,後期,木,4,S204,タワースコラ,地盤工学Ⅱ
建築学科,後期,木,4,S301,タワースコラ,住環境計画
まちづくり工学科,後期,木,4,S302,タワースコラ,社会基盤デザイン
一般教育,後期,木,4,S304,タワースコラ,教）数学科教育法Ⅱ {数学科用}
電気工学専攻,後期,木,4,S406,タワースコラ,超伝導特論
土木工学科,後期,木,4,S501,タワースコラ,水質環境学及び演習↓連続２時限
物質応用化学科,後期,木,4,S502,タワースコラ,研究基礎実験↓連続２時限
数学科,後期,木,4,S504,タワースコラ,現代代数学Ⅱ
電気工学科,後期,木,4,S505,タワースコラ,情報ネットワーク
建築学専攻,後期,木,4,S602,タワースコラ,建築設備計画演習↓連続２時限
機械工学専攻,後期,木,4,S603,タワースコラ,熱工学特論Ⅲ
建築学科,後期,木,4,S702,タワースコラ,建築設計Ⅱ {2}↓連続３時限
建築学科,後期,木,4,S705）,タワースコラ,建築設計Ⅱ {2}↓連続３時限
精密機械工学科,後期,木,4,1011,船橋校舎,電気回路Ⅱ
電気工学科,後期,木,4,1013,船橋校舎,電気工学基礎実験 {A}↓連続２時限
土木工学科,後期,木,4,1021,船橋校舎,中国語Ⅱ
交通システム工学科,後期,木,4,1021,船橋校舎,中国語Ⅱ
交通システム工学科,後期,木,4,1021,船橋校舎,中国語Ⅱ
建築学科,後期,木,4,1021,船橋校舎,中国語Ⅱ
海洋建築工学科,後期,木,4,1021,船橋校舎,中国語Ⅱ
機械工学科,後期,木,4,1021,船橋校舎,中国語Ⅱ
精密機械工学科,後期,木,4,1021,船橋校舎,中国語Ⅱ
航空宇宙工学科,後期,木,4,1021,船橋校舎,中国語Ⅱ
電気工学科,後期,木,4,1021,船橋校舎,中国語Ⅱ
電子工学科,後期,木,4,1021,船橋校舎,中国語Ⅱ
物質応用化学科,後期,木,4,1021,船橋校舎,中国語Ⅱ
物理学科,後期,木,4,1021,船橋校舎,中国語Ⅱ
数学科,後期,木,4,1021,船橋校舎,中国語Ⅱ
まちづくり工学科,後期,木,4,1021,船橋校舎,中国語Ⅱ
応用情報工学科,後期,木,4,1021,船橋校舎,中国語Ⅱ
一般教育,後期,木,4,1021,船橋校舎,中国語Ⅱ
土木工学科,後期,木,4,1022,船橋校舎,中国語Ⅱ
交通システム工学科,後期,木,4,1022,船橋校舎,中国語Ⅱ
交通システム工学科,後期,木,4,1022,船橋校舎,中国語Ⅱ
建築学科,後期,木,4,1022,船橋校舎,中国語Ⅱ
海洋建築工学科,後期,木,4,1022,船橋校舎,中国語Ⅱ
機械工学科,後期,木,4,1022,船橋校舎,中国語Ⅱ
精密機械工学科,後期,木,4,1022,船橋校舎,中国語Ⅱ
航空宇宙工学科,後期,木,4,1022,船橋校舎,中国語Ⅱ
電気工学科,後期,木,4,1022,船橋校舎,中国語Ⅱ
電子工学科,後期,木,4,1022,船橋校舎,中国語Ⅱ
物質応用化学科,後期,木,4,1022,船橋校舎,中国語Ⅱ
物理学科,後期,木,4,1022,船橋校舎,中国語Ⅱ
数学科,後期,木,4,1022,船橋校舎,中国語Ⅱ
まちづくり工学科,後期,木,4,1022,船橋校舎,中国語Ⅱ
応用情報工学科,後期,木,4,1022,船橋校舎,中国語Ⅱ
一般教育,後期,木,4,1022,船橋校舎,中国語Ⅱ
数学科,後期,木,4,1023,船橋校舎,代数学幾何学Ｂ {1}↓連続２時限
数学科,後期,木,4,1031,船橋校舎,微分積分学Ｂ {2}↓連続２時限
土木工学科,後期,木,4,1032,船橋校舎,フランス語Ⅱ
交通システム工学科,後期,木,4,1032,船橋校舎,フランス語Ⅱ
交通システム工学科,後期,木,4,1032,船橋校舎,フランス語Ⅱ
建築学科,後期,木,4,1032,船橋校舎,フランス語Ⅱ
海洋建築工学科,後期,木,4,1032,船橋校舎,フランス語Ⅱ
機械工学科,後期,木,4,1032,船橋校舎,フランス語Ⅱ
精密機械工学科,後期,木,4,1032,船橋校舎,フランス語Ⅱ
航空宇宙工学科,後期,木,4,1032,船橋校舎,フランス語Ⅱ
電気工学科,後期,木,4,1032,船橋校舎,フランス語Ⅱ
電子工学科,後期,木,4,1032,船橋校舎,フランス語Ⅱ
物質応用化学科,後期,木,4,1032,船橋校舎,フランス語Ⅱ
物理学科,後期,木,4,1032,船橋校舎,フランス語Ⅱ
数学科,後期,木,4,1032,船橋校舎,フランス語Ⅱ
まちづくり工学科,後期,木,4,1032,船橋校舎,フランス語Ⅱ
応用情報工学科,後期,木,4,1032,船橋校舎,フランス語Ⅱ
一般教育,後期,木,4,1032,船橋校舎,フランス語Ⅱ
建築学科,後期,木,4,1041,船橋校舎,力と運動の物理学Ⅱ {A}
建築学科,後期,木,4,1042,船橋校舎,力と運動の物理学Ⅱ {B}
建築学科,後期,木,4,1043,船橋校舎,力と運動の物理学Ⅱ {C}
電子工学科,後期,木,4,1102,船橋校舎,電子工学実験Ⅰ {2}{未来}↓連続２時限【年間】
電子工学科,後期,木,4,1103,船橋校舎,電子工学実験Ⅲ {未来}↓連続２時限【年間】
精密機械工学科,後期,木,4,1131,船橋校舎,機械要素
応用情報工学科,後期,木,4,1132,船橋校舎,英語ⅠB
応用情報工学科,後期,木,4,1133,船橋校舎,英語ⅠB
応用情報工学科,後期,木,4,1141,船橋校舎,英語ⅠB
航空宇宙工学科,後期,木,4,1201,船橋校舎,航空宇宙力学シミュレーション
電子工学科,後期,木,4,1202,船橋校舎,計算機ソフトウェア及び演習↓連続２時限
航空宇宙工学科,後期,木,4,1204,船橋校舎,航空宇宙力学シミュレーション
電気工学科,後期,木,4,1221,船橋校舎,電気工学基礎実験 {A}↓連続２時限
土木工学科,後期,木,4,1222,船橋校舎,データの解析 {1}↓連続２時限
土木工学科,後期,木,4,1223,船橋校舎,データの解析 {1}↓連続２時限
土木工学科,後期,木,4,1231,船橋校舎,ドイツ語Ⅱ
交通システム工学科,後期,木,4,1231,船橋校舎,ドイツ語Ⅱ
交通システム工学科,後期,木,4,1231,船橋校舎,ドイツ語Ⅱ
建築学科,後期,木,4,1231,船橋校舎,ドイツ語Ⅱ
海洋建築工学科,後期,木,4,1231,船橋校舎,ドイツ語Ⅱ
機械工学科,後期,木,4,1231,船橋校舎,ドイツ語Ⅱ
精密機械工学科,後期,木,4,1231,船橋校舎,ドイツ語Ⅱ
航空宇宙工学科,後期,木,4,1231,船橋校舎,ドイツ語Ⅱ
電気工学科,後期,木,4,1231,船橋校舎,ドイツ語Ⅱ
電子工学科,後期,木,4,1231,船橋校舎,ドイツ語Ⅱ
物質応用化学科,後期,木,4,1231,船橋校舎,ドイツ語Ⅱ
物理学科,後期,木,4,1231,船橋校舎,ドイツ語Ⅱ
数学科,後期,木,4,1231,船橋校舎,ドイツ語Ⅱ
まちづくり工学科,後期,木,4,1231,船橋校舎,ドイツ語Ⅱ
応用情報工学科,後期,木,4,1231,船橋校舎,ドイツ語Ⅱ
一般教育,後期,木,4,1231,船橋校舎,ドイツ語Ⅱ
土木工学科,後期,木,4,1233,船橋校舎,ドイツ語Ⅱ
交通システム工学科,後期,木,4,1233,船橋校舎,ドイツ語Ⅱ
交通システム工学科,後期,木,4,1233,船橋校舎,ドイツ語Ⅱ
建築学科,後期,木,4,1233,船橋校舎,ドイツ語Ⅱ
海洋建築工学科,後期,木,4,1233,船橋校舎,ドイツ語Ⅱ
機械工学科,後期,木,4,1233,船橋校舎,ドイツ語Ⅱ
精密機械工学科,後期,木,4,1233,船橋校舎,ドイツ語Ⅱ
航空宇宙工学科,後期,木,4,1233,船橋校舎,ドイツ語Ⅱ
電気工学科,後期,木,4,1233,船橋校舎,ドイツ語Ⅱ
電子工学科,後期,木,4,1233,船橋校舎,ドイツ語Ⅱ
物質応用化学科,後期,木,4,1233,船橋校舎,ドイツ語Ⅱ
物理学科,後期,木,4,1233,船橋校舎,ドイツ語Ⅱ
数学科,後期,木,4,1233,船橋校舎,ドイツ語Ⅱ
まちづくり工学科,後期,木,4,1233,船橋校舎,ドイツ語Ⅱ
応用情報工学科,後期,木,4,1233,船橋校舎,ドイツ語Ⅱ
一般教育,後期,木,4,1233,船橋校舎,ドイツ語Ⅱ
一般教育,後期,木,4,1234,船橋校舎,英語特殊講義A
交通システム工学科,後期,木,4,1325,船橋校舎,交通システムプロジェクト演習↓連続２時限
交通システム工学科,後期,木,4,1325,船橋校舎,交通システムプロジェクト演習↓連続２時限
海洋建築工学科,後期,木,4,1326,船橋校舎,海洋建築工学キャリアスタディ
交通システム工学科,後期,木,4,1424,船橋校舎,交通制御
交通システム工学科,後期,木,4,1424,船橋校舎,交通制御
航空宇宙工学科,後期,木,4,1432,船橋校舎,工業数学Ⅳ
航空宇宙工学科,後期,木,4,1434,船橋校舎,工業数学Ⅰ
交通システム工学科,後期,木,4,1441,船橋校舎,数学演習Ⅱ {1}
交通システム工学科,後期,木,4,1441,船橋校舎,数学演習Ⅱ {1}
交通システム工学科,後期,木,4,1442,船橋校舎,数学演習Ⅱ {2}
交通システム工学科,後期,木,4,1442,船橋校舎,数学演習Ⅱ {2}
航空宇宙工学科,後期,木,4,1444,船橋校舎,航空宇宙力学シミュレーション
精密機械工学専攻,後期,木,4,1451,船橋校舎,安全設計工学特論 ＊ｻﾃﾗｲﾄ
海洋建築工学専攻,後期,木,4,1452,船橋校舎,ウォーターフロント計画特論 ＊
航空宇宙工学専攻,後期,木,4,1455,船橋校舎,流体力学特論Ⅱ
情報科学専攻,後期,木,4,1456,船橋校舎,情報メディア論
応用情報工学科,後期,木,4,221,船橋校舎,情報工学実験Ⅱ↓連続２時限【年間】
物質応用化学科,後期,木,4,341,船橋校舎,化学実験↓連続２時限
物質応用化学科,後期,木,4,342,船橋校舎,化学実験↓連続２時限
電子工学科,後期,木,4,403,船橋校舎,電子工学実験Ⅱ {1}{未来}↓連続２時限【年間】
機械工学科,後期,木,4,641,船橋校舎,機械設計製図ⅠB {A}{未来}↓連続２時限
機械工学科,後期,木,4,642,船橋校舎,機械設計製図ⅠB {A}{未来}↓連続２時限
機械工学科,後期,木,4,644,船橋校舎,機械設計製図ⅠB {A}{未来}↓連続２時限
物質応用化学科,後期,木,4,819,船橋校舎,化学実験↓連続２時限
物質応用化学科,後期,木,4,826,船橋校舎,化学実験↓連続２時限
物質応用化学科,後期,木,4,829,船橋校舎,化学実験↓連続２時限
電気工学科,後期,木,4,941,船橋校舎,電気工学基礎実験 {A}↓連続２時限
機械工学科,後期,木,4,テクノ・工作技術センター,船橋校舎,機械工作実習B {B}{未来}↓連続２時限
土木工学科,後期,木,4,測量実習ｾﾝﾀｰ(演習室AB),船橋校舎,測量実習Ⅱ {2}↓連続２時限
機械工学科,後期,木,4,134,駿河台校舎,電気の基礎Ⅰ
土木工学科,後期,木,4,144,駿河台校舎,地盤力学Ⅱ演習 {2}
土木工学科,後期,木,4,151,駿河台校舎,水理学Ⅱ演習 {1}
物質応用化学専攻,後期,木,4,831,駿河台校舎,応用化学特別講義Ⅲ ＊{隔週}↓連続２時限【後期隔週】
物質応用化学科,後期,木,4,851,駿河台校舎,研究基礎実験↓連続２時限
物質応用化学科,後期,木,4,852,駿河台校舎,研究基礎実験↓連続２時限
建築学科,後期,木,4,スタジオ（S701,駿河台校舎,建築設計Ⅱ {2}↓連続３時限
土木工学科,後期,木,5,S204,タワースコラ,水理学Ⅱ {再履修}
建築学科,後期,木,5,S303,タワースコラ,建築基礎構造
一般教育,後期,木,5,S304,タワースコラ,教）情報社会及び情報倫理
土木工学専攻,後期,木,5,S305,タワースコラ,土質力学特論
一般教育,後期,木,5,S306,タワースコラ,教）技術科教育法Ⅱ
建築学専攻,後期,木,5,S403,タワースコラ,建築構造計画演習Ⅱ↓連続２時限
量子理工学専攻,後期,木,5,S407,タワースコラ,量子科学フロンティア ｻﾃﾗｲﾄ
物質応用化学科,後期,木,5,S502,タワースコラ,研究基礎実験↓連続２時限
建築学専攻,後期,木,5,S602,タワースコラ,都市居住環境特論
一般教育,後期,木,5,1011,船橋校舎,教）物理学概論
一般教育,後期,木,5,1012,船橋校舎,教）数学科教育法Ⅳ
一般教育,後期,木,5,1013,船橋校舎,教）技術科教育法Ⅱ
土木工学科,後期,木,5,1021,船橋校舎,中国語Ⅱ
交通システム工学科,後期,木,5,1021,船橋校舎,中国語Ⅱ
交通システム工学科,後期,木,5,1021,船橋校舎,中国語Ⅱ
建築学科,後期,木,5,1021,船橋校舎,中国語Ⅱ
海洋建築工学科,後期,木,5,1021,船橋校舎,中国語Ⅱ
機械工学科,後期,木,5,1021,船橋校舎,中国語Ⅱ
精密機械工学科,後期,木,5,1021,船橋校舎,中国語Ⅱ
航空宇宙工学科,後期,木,5,1021,船橋校舎,中国語Ⅱ
電気工学科,後期,木,5,1021,船橋校舎,中国語Ⅱ
電子工学科,後期,木,5,1021,船橋校舎,中国語Ⅱ
物質応用化学科,後期,木,5,1021,船橋校舎,中国語Ⅱ
物理学科,後期,木,5,1021,船橋校舎,中国語Ⅱ
数学科,後期,木,5,1021,船橋校舎,中国語Ⅱ
まちづくり工学科,後期,木,5,1021,船橋校舎,中国語Ⅱ
応用情報工学科,後期,木,5,1021,船橋校舎,中国語Ⅱ
一般教育,後期,木,5,1021,船橋校舎,中国語Ⅱ
土木工学科,後期,木,5,1022,船橋校舎,中国語Ⅱ
交通システム工学科,後期,木,5,1022,船橋校舎,中国語Ⅱ
交通システム工学科,後期,木,5,1022,船橋校舎,中国語Ⅱ
建築学科,後期,木,5,1022,船橋校舎,中国語Ⅱ
海洋建築工学科,後期,木,5,1022,船橋校舎,中国語Ⅱ
機械工学科,後期,木,5,1022,船橋校舎,中国語Ⅱ
精密機械工学科,後期,木,5,1022,船橋校舎,中国語Ⅱ
航空宇宙工学科,後期,木,5,1022,船橋校舎,中国語Ⅱ
電気工学科,後期,木,5,1022,船橋校舎,中国語Ⅱ
電子工学科,後期,木,5,1022,船橋校舎,中国語Ⅱ
物質応用化学科,後期,木,5,1022,船橋校舎,中国語Ⅱ
物理学科,後期,木,5,1022,船橋校舎,中国語Ⅱ
数学科,後期,木,5,1022,船橋校舎,中国語Ⅱ
まちづくり工学科,後期,木,5,1022,船橋校舎,中国語Ⅱ
応用情報工学科,後期,木,5,1022,船橋校舎,中国語Ⅱ
一般教育,後期,木,5,1022,船橋校舎,中国語Ⅱ
土木工学科,後期,木,5,1023,船橋校舎,中国語Ⅱ
交通システム工学科,後期,木,5,1023,船橋校舎,中国語Ⅱ
交通システム工学科,後期,木,5,1023,船橋校舎,中国語Ⅱ
建築学科,後期,木,5,1023,船橋校舎,中国語Ⅱ
海洋建築工学科,後期,木,5,1023,船橋校舎,中国語Ⅱ
機械工学科,後期,木,5,1023,船橋校舎,中国語Ⅱ
精密機械工学科,後期,木,5,1023,船橋校舎,中国語Ⅱ
航空宇宙工学科,後期,木,5,1023,船橋校舎,中国語Ⅱ
電気工学科,後期,木,5,1023,船橋校舎,中国語Ⅱ
電子工学科,後期,木,5,1023,船橋校舎,中国語Ⅱ
物質応用化学科,後期,木,5,1023,船橋校舎,中国語Ⅱ
物理学科,後期,木,5,1023,船橋校舎,中国語Ⅱ
数学科,後期,木,5,1023,船橋校舎,中国語Ⅱ
まちづくり工学科,後期,木,5,1023,船橋校舎,中国語Ⅱ
応用情報工学科,後期,木,5,1023,船橋校舎,中国語Ⅱ
一般教育,後期,木,5,1023,船橋校舎,中国語Ⅱ
土木工学科,後期,木,5,1032,船橋校舎,フランス語Ⅱ
交通システム工学科,後期,木,5,1032,船橋校舎,フランス語Ⅱ
交通システム工学科,後期,木,5,1032,船橋校舎,フランス語Ⅱ
建築学科,後期,木,5,1032,船橋校舎,フランス語Ⅱ
海洋建築工学科,後期,木,5,1032,船橋校舎,フランス語Ⅱ
機械工学科,後期,木,5,1032,船橋校舎,フランス語Ⅱ
精密機械工学科,後期,木,5,1032,船橋校舎,フランス語Ⅱ
航空宇宙工学科,後期,木,5,1032,船橋校舎,フランス語Ⅱ
電気工学科,後期,木,5,1032,船橋校舎,フランス語Ⅱ
電子工学科,後期,木,5,1032,船橋校舎,フランス語Ⅱ
物質応用化学科,後期,木,5,1032,船橋校舎,フランス語Ⅱ
物理学科,後期,木,5,1032,船橋校舎,フランス語Ⅱ
数学科,後期,木,5,1032,船橋校舎,フランス語Ⅱ
まちづくり工学科,後期,木,5,1032,船橋校舎,フランス語Ⅱ
応用情報工学科,後期,木,5,1032,船橋校舎,フランス語Ⅱ
一般教育,後期,木,5,1032,船橋校舎,フランス語Ⅱ
一般教育,後期,木,5,1041,船橋校舎,電気と磁気の物理学
交通システム工学科,後期,木,5,1141,船橋校舎,英語ⅠB
交通システム工学科,後期,木,5,1141,船橋校舎,英語ⅠB
交通システム工学科,後期,木,5,1142,船橋校舎,英語ⅠB
交通システム工学科,後期,木,5,1142,船橋校舎,英語ⅠB
交通システム工学科,後期,木,5,1143,船橋校舎,英語ⅠB
交通システム工学科,後期,木,5,1143,船橋校舎,英語ⅠB
土木工学科,後期,木,5,1231,船橋校舎,ドイツ語Ⅱ
交通システム工学科,後期,木,5,1231,船橋校舎,ドイツ語Ⅱ
交通システム工学科,後期,木,5,1231,船橋校舎,ドイツ語Ⅱ
建築学科,後期,木,5,1231,船橋校舎,ドイツ語Ⅱ
海洋建築工学科,後期,木,5,1231,船橋校舎,ドイツ語Ⅱ
機械工学科,後期,木,5,1231,船橋校舎,ドイツ語Ⅱ
精密機械工学科,後期,木,5,1231,船橋校舎,ドイツ語Ⅱ
航空宇宙工学科,後期,木,5,1231,船橋校舎,ドイツ語Ⅱ
電気工学科,後期,木,5,1231,船橋校舎,ドイツ語Ⅱ
電子工学科,後期,木,5,1231,船橋校舎,ドイツ語Ⅱ
物質応用化学科,後期,木,5,1231,船橋校舎,ドイツ語Ⅱ
物理学科,後期,木,5,1231,船橋校舎,ドイツ語Ⅱ
数学科,後期,木,5,1231,船橋校舎,ドイツ語Ⅱ
まちづくり工学科,後期,木,5,1231,船橋校舎,ドイツ語Ⅱ
応用情報工学科,後期,木,5,1231,船橋校舎,ドイツ語Ⅱ
一般教育,後期,木,5,1231,船橋校舎,ドイツ語Ⅱ
土木工学科,後期,木,5,1233,船橋校舎,ドイツ語Ⅱ
交通システム工学科,後期,木,5,1233,船橋校舎,ドイツ語Ⅱ
交通システム工学科,後期,木,5,1233,船橋校舎,ドイツ語Ⅱ
建築学科,後期,木,5,1233,船橋校舎,ドイツ語Ⅱ
海洋建築工学科,後期,木,5,1233,船橋校舎,ドイツ語Ⅱ
機械工学科,後期,木,5,1233,船橋校舎,ドイツ語Ⅱ
精密機械工学科,後期,木,5,1233,船橋校舎,ドイツ語Ⅱ
航空宇宙工学科,後期,木,5,1233,船橋校舎,ドイツ語Ⅱ
電気工学科,後期,木,5,1233,船橋校舎,ドイツ語Ⅱ
電子工学科,後期,木,5,1233,船橋校舎,ドイツ語Ⅱ
物質応用化学科,後期,木,5,1233,船橋校舎,ドイツ語Ⅱ
物理学科,後期,木,5,1233,船橋校舎,ドイツ語Ⅱ
数学科,後期,木,5,1233,船橋校舎,ドイツ語Ⅱ
まちづくり工学科,後期,木,5,1233,船橋校舎,ドイツ語Ⅱ
応用情報工学科,後期,木,5,1233,船橋校舎,ドイツ語Ⅱ
一般教育,後期,木,5,1233,船橋校舎,ドイツ語Ⅱ
一般教育,後期,木,5,1421,船橋校舎,教）現代教職論 {数学科用}
海洋建築工学専攻,後期,木,5,1452,船橋校舎,海洋環境工学特論Ⅱ(海洋化学生物環境)
電子工学専攻,後期,木,5,1454,船橋校舎,電子物理計測・分析
一般教育,後期,木,5,1456,船橋校舎,教）理科教育法Ⅳ
航空宇宙工学科,後期,木,5,341,船橋校舎,航空宇宙工学工房演習Ⅴ {未来}
一般教育,後期,木,5,131,駿河台校舎,物理学Ⅰ {再履修}
一般教育,後期,木,5,134,駿河台校舎,社会学 {I群}
一般教育,後期,木,5,143,駿河台校舎,学）博物館資料保存論
物質応用化学科,後期,木,5,851,駿河台校舎,研究基礎実験↓連続２時限
物質応用化学科,後期,木,5,852,駿河台校舎,研究基礎実験↓連続２時限
まちづくり工学専攻,後期,木,6,S1201,タワースコラ,都市デザイン特論 △
一般教育,後期,木,6,S202,タワースコラ,教）情報と職業
土木工学科,後期,木,6,S204,タワースコラ,水理学Ⅱ演習 {再履修}
まちづくり工学科,後期,木,6,S306,タワースコラ,工業総論
一般教育,後期,木,6,S306,タワースコラ,教）工業概論
建築学専攻,後期,木,6,S403,タワースコラ,建築構造計画演習Ⅱ↓連続２時限
電気工学専攻,後期,木,6,S502,タワースコラ,画像処理特論 △
海洋建築工学専攻,後期,木,6,1452,船橋校舎,海洋工学特論Ⅳ
精密機械工学専攻,後期,木,6,1453,船橋校舎,エネルギー変換工学特論Ⅱ △
航空宇宙工学専攻,後期,木,6,1455,船橋校舎,宇宙環境工学 △
一般教育,後期,木,6,143,駿河台校舎,学）博物館教育論
土木工学科,後期,水,1,S201,タワースコラ,English Communication Ⅱ
交通システム工学科,後期,水,1,S201,タワースコラ,English Communication Ⅱ
交通システム工学科,後期,水,1,S201,タワースコラ,English Communication Ⅱ
建築学科,後期,水,1,S201,タワースコラ,English Communication Ⅱ
海洋建築工学科,後期,水,1,S201,タワースコラ,English Communication Ⅱ
機械工学科,後期,水,1,S201,タワースコラ,English Communication Ⅱ
精密機械工学科,後期,水,1,S201,タワースコラ,English Communication Ⅱ
航空宇宙工学科,後期,水,1,S201,タワースコラ,English Communication Ⅱ
電気工学科,後期,水,1,S201,タワースコラ,English Communication Ⅱ
電子工学科,後期,水,1,S201,タワースコラ,English Communication Ⅱ
物質応用化学科,後期,水,1,S201,タワースコラ,English Communication Ⅱ
物理学科,後期,水,1,S201,タワースコラ,English Communication Ⅱ
数学科,後期,水,1,S201,タワースコラ,English Communication Ⅱ
まちづくり工学科,後期,水,1,S201,タワースコラ,English Communication Ⅱ
応用情報工学科,後期,水,1,S201,タワースコラ,English Communication Ⅱ
一般教育,後期,水,1,S201,タワースコラ,English Communication Ⅱ
まちづくり工学科,後期,水,1,S203,タワースコラ,建築構法Ⅱ
建築学科,後期,水,1,S204,タワースコラ,構造力学Ⅱ {1}
機械工学科,後期,水,1,S301,タワースコラ,先進自動車ｼｽﾃﾑ
建築学科,後期,水,1,S302,タワースコラ,建築積算・生産管理
土木工学専攻,後期,水,1,S305,タワースコラ,水環境学特論
機械工学科,後期,水,1,S401,タワースコラ,流体工学Ⅰ
土木工学科,後期,水,1,S402,タワースコラ,English Communication Ⅱ
交通システム工学科,後期,水,1,S402,タワースコラ,English Communication Ⅱ
交通システム工学科,後期,水,1,S402,タワースコラ,English Communication Ⅱ
建築学科,後期,水,1,S402,タワースコラ,English Communication Ⅱ
海洋建築工学科,後期,水,1,S402,タワースコラ,English Communication Ⅱ
機械工学科,後期,水,1,S402,タワースコラ,English Communication Ⅱ
精密機械工学科,後期,水,1,S402,タワースコラ,English Communication Ⅱ
航空宇宙工学科,後期,水,1,S402,タワースコラ,English Communication Ⅱ
電気工学科,後期,水,1,S402,タワースコラ,English Communication Ⅱ
電子工学科,後期,水,1,S402,タワースコラ,English Communication Ⅱ
物質応用化学科,後期,水,1,S402,タワースコラ,English Communication Ⅱ
物理学科,後期,水,1,S402,タワースコラ,English Communication Ⅱ
数学科,後期,水,1,S402,タワースコラ,English Communication Ⅱ
まちづくり工学科,後期,水,1,S402,タワースコラ,English Communication Ⅱ
応用情報工学科,後期,水,1,S402,タワースコラ,English Communication Ⅱ
一般教育,後期,水,1,S402,タワースコラ,English Communication Ⅱ
土木工学科,後期,水,1,S404,タワースコラ,英語ⅢB
交通システム工学科,後期,水,1,S404,タワースコラ,英語ⅢB
交通システム工学科,後期,水,1,S404,タワースコラ,英語ⅢB
建築学科,後期,水,1,S404,タワースコラ,英語ⅢB
海洋建築工学科,後期,水,1,S404,タワースコラ,英語ⅢB
機械工学科,後期,水,1,S404,タワースコラ,英語ⅢB
精密機械工学科,後期,水,1,S404,タワースコラ,英語ⅢB
航空宇宙工学科,後期,水,1,S404,タワースコラ,英語ⅢB
電気工学科,後期,水,1,S404,タワースコラ,英語ⅢB
電子工学科,後期,水,1,S404,タワースコラ,英語ⅢB
物質応用化学科,後期,水,1,S404,タワースコラ,英語ⅢB
物理学科,後期,水,1,S404,タワースコラ,英語ⅢB
数学科,後期,水,1,S404,タワースコラ,英語ⅢB
まちづくり工学科,後期,水,1,S404,タワースコラ,英語ⅢB
応用情報工学科,後期,水,1,S404,タワースコラ,英語ⅢB
一般教育,後期,水,1,S404,タワースコラ,英語ⅢB
土木工学科,後期,水,1,S405,タワースコラ,English Communication Ⅱ
交通システム工学科,後期,水,1,S405,タワースコラ,English Communication Ⅱ
交通システム工学科,後期,水,1,S405,タワースコラ,English Communication Ⅱ
建築学科,後期,水,1,S405,タワースコラ,English Communication Ⅱ
海洋建築工学科,後期,水,1,S405,タワースコラ,English Communication Ⅱ
機械工学科,後期,水,1,S405,タワースコラ,English Communication Ⅱ
精密機械工学科,後期,水,1,S405,タワースコラ,English Communication Ⅱ
航空宇宙工学科,後期,水,1,S405,タワースコラ,English Communication Ⅱ
電気工学科,後期,水,1,S405,タワースコラ,English Communication Ⅱ
電子工学科,後期,水,1,S405,タワースコラ,English Communication Ⅱ
物質応用化学科,後期,水,1,S405,タワースコラ,English Communication Ⅱ
物理学科,後期,水,1,S405,タワースコラ,English Communication Ⅱ
数学科,後期,水,1,S405,タワースコラ,English Communication Ⅱ
まちづくり工学科,後期,水,1,S405,タワースコラ,English Communication Ⅱ
応用情報工学科,後期,水,1,S405,タワースコラ,English Communication Ⅱ
一般教育,後期,水,1,S405,タワースコラ,English Communication Ⅱ
物理学専攻,後期,水,1,S406,タワースコラ,磁気流体力学Ⅱ
交通システム工学専攻,後期,水,1,S407,タワースコラ,コンクリート工学特論
土木工学科,後期,水,1,S501,タワースコラ,英語ⅢB
交通システム工学科,後期,水,1,S501,タワースコラ,英語ⅢB
交通システム工学科,後期,水,1,S501,タワースコラ,英語ⅢB
建築学科,後期,水,1,S501,タワースコラ,英語ⅢB
海洋建築工学科,後期,水,1,S501,タワースコラ,英語ⅢB
機械工学科,後期,水,1,S501,タワースコラ,英語ⅢB
精密機械工学科,後期,水,1,S501,タワースコラ,英語ⅢB
航空宇宙工学科,後期,水,1,S501,タワースコラ,英語ⅢB
電気工学科,後期,水,1,S501,タワースコラ,英語ⅢB
電子工学科,後期,水,1,S501,タワースコラ,英語ⅢB
物質応用化学科,後期,水,1,S501,タワースコラ,英語ⅢB
物理学科,後期,水,1,S501,タワースコラ,英語ⅢB
数学科,後期,水,1,S501,タワースコラ,英語ⅢB
まちづくり工学科,後期,水,1,S501,タワースコラ,英語ⅢB
応用情報工学科,後期,水,1,S501,タワースコラ,英語ⅢB
一般教育,後期,水,1,S501,タワースコラ,英語ⅢB
電気工学科,後期,水,1,S505,タワースコラ,電気工学キャリアデザイン
機械工学専攻,後期,水,1,S601,タワースコラ,混相流体力学
物質応用化学科,後期,水,1,1011,船橋校舎,力と運動の物理学Ⅱ {A}
応用情報工学科,後期,水,1,1012,船橋校舎,数値計算法
土木工学科,後期,水,1,1021,船橋校舎,健康の科学
交通システム工学科,後期,水,1,1021,船橋校舎,健康の科学
交通システム工学科,後期,水,1,1021,船橋校舎,健康の科学
建築学科,後期,水,1,1021,船橋校舎,健康の科学
海洋建築工学科,後期,水,1,1021,船橋校舎,健康の科学
機械工学科,後期,水,1,1021,船橋校舎,健康の科学
精密機械工学科,後期,水,1,1021,船橋校舎,健康の科学
航空宇宙工学科,後期,水,1,1021,船橋校舎,健康の科学
電気工学科,後期,水,1,1021,船橋校舎,健康の科学
電子工学科,後期,水,1,1021,船橋校舎,健康の科学
物質応用化学科,後期,水,1,1021,船橋校舎,健康の科学
物理学科,後期,水,1,1021,船橋校舎,健康の科学
数学科,後期,水,1,1021,船橋校舎,健康の科学
まちづくり工学科,後期,水,1,1021,船橋校舎,健康の科学
応用情報工学科,後期,水,1,1021,船橋校舎,健康の科学
一般教育,後期,水,1,1021,船橋校舎,健康の科学
物理学科,後期,水,1,1031,船橋校舎,物理学Ⅱ {1}
精密機械工学科,後期,水,1,1041,船橋校舎,工作実習実験Ⅱ {1}{未来}↓連続２時限
精密機械工学科,後期,水,1,1043,船橋校舎,工作実習実験Ⅰ {2}{未来}↓連続２時限
土木工学科,後期,水,1,105,船橋校舎,基礎物理学実験 {年間隔週}↓連続２時限【年間隔週】
交通システム工学科,後期,水,1,105,船橋校舎,基礎物理学実験 {年間隔週}↓連続２時限【年間隔週】
交通システム工学科,後期,水,1,105,船橋校舎,基礎物理学実験 {年間隔週}↓連続２時限【年間隔週】
建築学科,後期,水,1,105,船橋校舎,基礎物理学実験 {年間隔週}↓連続２時限【年間隔週】
海洋建築工学科,後期,水,1,105,船橋校舎,基礎物理学実験 {年間隔週}↓連続２時限【年間隔週】
機械工学科,後期,水,1,105,船橋校舎,基礎物理学実験 {年間隔週}↓連続２時限【年間隔週】
精密機械工学科,後期,水,1,105,船橋校舎,基礎物理学実験 {年間隔週}↓連続２時限【年間隔週】
航空宇宙工学科,後期,水,1,105,船橋校舎,基礎物理学実験 {年間隔週}↓連続２時限【年間隔週】
電気工学科,後期,水,1,105,船橋校舎,基礎物理学実験 {年間隔週}↓連続２時限【年間隔週】
電子工学科,後期,水,1,105,船橋校舎,基礎物理学実験 {年間隔週}↓連続２時限【年間隔週】
物質応用化学科,後期,水,1,105,船橋校舎,基礎物理学実験 {年間隔週}↓連続２時限【年間隔週】
物理学科,後期,水,1,105,船橋校舎,基礎物理学実験 {年間隔週}↓連続２時限【年間隔週】
数学科,後期,水,1,105,船橋校舎,基礎物理学実験 {年間隔週}↓連続２時限【年間隔週】
まちづくり工学科,後期,水,1,105,船橋校舎,基礎物理学実験 {年間隔週}↓連続２時限【年間隔週】
応用情報工学科,後期,水,1,105,船橋校舎,基礎物理学実験 {年間隔週}↓連続２時限【年間隔週】
一般教育,後期,水,1,105,船橋校舎,基礎物理学実験 {年間隔週}↓連続２時限【年間隔週】
土木工学科,後期,水,1,113,船橋校舎,基礎物理学実験 {年間隔週}↓連続２時限【年間隔週】
交通システム工学科,後期,水,1,113,船橋校舎,基礎物理学実験 {年間隔週}↓連続２時限【年間隔週】
交通システム工学科,後期,水,1,113,船橋校舎,基礎物理学実験 {年間隔週}↓連続２時限【年間隔週】
建築学科,後期,水,1,113,船橋校舎,基礎物理学実験 {年間隔週}↓連続２時限【年間隔週】
海洋建築工学科,後期,水,1,113,船橋校舎,基礎物理学実験 {年間隔週}↓連続２時限【年間隔週】
機械工学科,後期,水,1,113,船橋校舎,基礎物理学実験 {年間隔週}↓連続２時限【年間隔週】
精密機械工学科,後期,水,1,113,船橋校舎,基礎物理学実験 {年間隔週}↓連続２時限【年間隔週】
航空宇宙工学科,後期,水,1,113,船橋校舎,基礎物理学実験 {年間隔週}↓連続２時限【年間隔週】
電気工学科,後期,水,1,113,船橋校舎,基礎物理学実験 {年間隔週}↓連続２時限【年間隔週】
電子工学科,後期,水,1,113,船橋校舎,基礎物理学実験 {年間隔週}↓連続２時限【年間隔週】
物質応用化学科,後期,水,1,113,船橋校舎,基礎物理学実験 {年間隔週}↓連続２時限【年間隔週】
物理学科,後期,水,1,113,船橋校舎,基礎物理学実験 {年間隔週}↓連続２時限【年間隔週】
数学科,後期,水,1,113,船橋校舎,基礎物理学実験 {年間隔週}↓連続２時限【年間隔週】
まちづくり工学科,後期,水,1,113,船橋校舎,基礎物理学実験 {年間隔週}↓連続２時限【年間隔週】
応用情報工学科,後期,水,1,113,船橋校舎,基礎物理学実験 {年間隔週}↓連続２時限【年間隔週】
一般教育,後期,水,1,113,船橋校舎,基礎物理学実験 {年間隔週}↓連続２時限【年間隔週】
数学科,後期,水,1,1131,船橋校舎,英語ⅠB
数学科,後期,水,1,1132,船橋校舎,英語ⅠB
数学科,後期,水,1,1133,船橋校舎,英語ⅠB
電子工学科,後期,水,1,1141,船橋校舎,線形代数学Ⅱ
応用情報工学科,後期,水,1,1201,船橋校舎,Ｃプログラミング及び演習↓連続２時限
精密機械工学科,後期,水,1,1202,船橋校舎,工作実習実験Ⅰ {2}{未来}↓連続２時限
電子工学科,後期,水,1,1221,船橋校舎,電磁気学Ⅱ及び演習 {1}{未来}↓連続２時限
電子工学科,後期,水,1,1224,船橋校舎,電磁気学Ⅱ及び演習 {2}{未来}↓連続２時限
電子工学科,後期,水,1,1231,船橋校舎,電磁気学Ⅱ及び演習 {1}{未来}↓連続２時限
電子工学科,後期,水,1,1232,船橋校舎,電磁気学Ⅱ及び演習 {2}{未来}↓連続２時限
土木工学科,後期,水,1,134,船橋校舎,基礎物理学実験 {年間隔週}↓連続２時限【年間隔週】
交通システム工学科,後期,水,1,134,船橋校舎,基礎物理学実験 {年間隔週}↓連続２時限【年間隔週】
交通システム工学科,後期,水,1,134,船橋校舎,基礎物理学実験 {年間隔週}↓連続２時限【年間隔週】
建築学科,後期,水,1,134,船橋校舎,基礎物理学実験 {年間隔週}↓連続２時限【年間隔週】
海洋建築工学科,後期,水,1,134,船橋校舎,基礎物理学実験 {年間隔週}↓連続２時限【年間隔週】
機械工学科,後期,水,1,134,船橋校舎,基礎物理学実験 {年間隔週}↓連続２時限【年間隔週】
精密機械工学科,後期,水,1,134,船橋校舎,基礎物理学実験 {年間隔週}↓連続２時限【年間隔週】
航空宇宙工学科,後期,水,1,134,船橋校舎,基礎物理学実験 {年間隔週}↓連続２時限【年間隔週】
電気工学科,後期,水,1,134,船橋校舎,基礎物理学実験 {年間隔週}↓連続２時限【年間隔週】
電子工学科,後期,水,1,134,船橋校舎,基礎物理学実験 {年間隔週}↓連続２時限【年間隔週】
物質応用化学科,後期,水,1,134,船橋校舎,基礎物理学実験 {年間隔週}↓連続２時限【年間隔週】
物理学科,後期,水,1,134,船橋校舎,基礎物理学実験 {年間隔週}↓連続２時限【年間隔週】
数学科,後期,水,1,134,船橋校舎,基礎物理学実験 {年間隔週}↓連続２時限【年間隔週】
まちづくり工学科,後期,水,1,134,船橋校舎,基礎物理学実験 {年間隔週}↓連続２時限【年間隔週】
応用情報工学科,後期,水,1,134,船橋校舎,基礎物理学実験 {年間隔週}↓連続２時限【年間隔週】
一般教育,後期,水,1,134,船橋校舎,基礎物理学実験 {年間隔週}↓連続２時限【年間隔週】
海洋建築工学科,後期,水,1,1421,船橋校舎,建築構造及び材料Ⅰ
交通システム工学科,後期,水,1,1423,船橋校舎,プロジェクトマネジメント
交通システム工学科,後期,水,1,1423,船橋校舎,プロジェクトマネジメント
交通システム工学科,後期,水,1,1424,船橋校舎,交通生理 ・心理学
交通システム工学科,後期,水,1,1424,船橋校舎,交通生理 ・心理学
応用情報工学科,後期,水,1,1424,船橋校舎,Ｃプログラミング及び演習↓連続２時限
土木工学科,後期,水,1,143,船橋校舎,基礎物理学実験 {年間隔週}↓連続２時限【年間隔週】
交通システム工学科,後期,水,1,143,船橋校舎,基礎物理学実験 {年間隔週}↓連続２時限【年間隔週】
交通システム工学科,後期,水,1,143,船橋校舎,基礎物理学実験 {年間隔週}↓連続２時限【年間隔週】
建築学科,後期,水,1,143,船橋校舎,基礎物理学実験 {年間隔週}↓連続２時限【年間隔週】
海洋建築工学科,後期,水,1,143,船橋校舎,基礎物理学実験 {年間隔週}↓連続２時限【年間隔週】
機械工学科,後期,水,1,143,船橋校舎,基礎物理学実験 {年間隔週}↓連続２時限【年間隔週】
精密機械工学科,後期,水,1,143,船橋校舎,基礎物理学実験 {年間隔週}↓連続２時限【年間隔週】
航空宇宙工学科,後期,水,1,143,船橋校舎,基礎物理学実験 {年間隔週}↓連続２時限【年間隔週】
電気工学科,後期,水,1,143,船橋校舎,基礎物理学実験 {年間隔週}↓連続２時限【年間隔週】
電子工学科,後期,水,1,143,船橋校舎,基礎物理学実験 {年間隔週}↓連続２時限【年間隔週】
物質応用化学科,後期,水,1,143,船橋校舎,基礎物理学実験 {年間隔週}↓連続２時限【年間隔週】
物理学科,後期,水,1,143,船橋校舎,基礎物理学実験 {年間隔週}↓連続２時限【年間隔週】
数学科,後期,水,1,143,船橋校舎,基礎物理学実験 {年間隔週}↓連続２時限【年間隔週】
まちづくり工学科,後期,水,1,143,船橋校舎,基礎物理学実験 {年間隔週}↓連続２時限【年間隔週】
応用情報工学科,後期,水,1,143,船橋校舎,基礎物理学実験 {年間隔週}↓連続２時限【年間隔週】
一般教育,後期,水,1,143,船橋校舎,基礎物理学実験 {年間隔週}↓連続２時限【年間隔週】
航空宇宙工学科,後期,水,1,1431,船橋校舎,制御工学Ⅱ
土木工学科,後期,水,1,144,船橋校舎,基礎物理学実験 {年間隔週}↓連続２時限【年間隔週】
交通システム工学科,後期,水,1,144,船橋校舎,基礎物理学実験 {年間隔週}↓連続２時限【年間隔週】
交通システム工学科,後期,水,1,144,船橋校舎,基礎物理学実験 {年間隔週}↓連続２時限【年間隔週】
建築学科,後期,水,1,144,船橋校舎,基礎物理学実験 {年間隔週}↓連続２時限【年間隔週】
海洋建築工学科,後期,水,1,144,船橋校舎,基礎物理学実験 {年間隔週}↓連続２時限【年間隔週】
機械工学科,後期,水,1,144,船橋校舎,基礎物理学実験 {年間隔週}↓連続２時限【年間隔週】
精密機械工学科,後期,水,1,144,船橋校舎,基礎物理学実験 {年間隔週}↓連続２時限【年間隔週】
航空宇宙工学科,後期,水,1,144,船橋校舎,基礎物理学実験 {年間隔週}↓連続２時限【年間隔週】
電気工学科,後期,水,1,144,船橋校舎,基礎物理学実験 {年間隔週}↓連続２時限【年間隔週】
電子工学科,後期,水,1,144,船橋校舎,基礎物理学実験 {年間隔週}↓連続２時限【年間隔週】
物質応用化学科,後期,水,1,144,船橋校舎,基礎物理学実験 {年間隔週}↓連続２時限【年間隔週】
物理学科,後期,水,1,144,船橋校舎,基礎物理学実験 {年間隔週}↓連続２時限【年間隔週】
数学科,後期,水,1,144,船橋校舎,基礎物理学実験 {年間隔週}↓連続２時限【年間隔週】
まちづくり工学科,後期,水,1,144,船橋校舎,基礎物理学実験 {年間隔週}↓連続２時限【年間隔週】
応用情報工学科,後期,水,1,144,船橋校舎,基礎物理学実験 {年間隔週}↓連続２時限【年間隔週】
一般教育,後期,水,1,144,船橋校舎,基礎物理学実験 {年間隔週}↓連続２時限【年間隔週】
電子工学科,後期,水,1,1441,船橋校舎,光通信工学
応用情報工学科,後期,水,1,1442,船橋校舎,特殊無線概論
航空宇宙工学科,後期,水,1,1443,船橋校舎,熱力学Ⅱ及び演習↓連続２時限
応用情報工学科,後期,水,1,1444,船橋校舎,オペレーティングシステム
航空宇宙工学専攻,後期,水,1,1455,船橋校舎,航空宇宙制御論Ⅰ
電子工学科,後期,水,1,1458,船橋校舎,電磁気学Ⅰ及び演習 {再}{未来}↓連続２時限
土木工学科,後期,水,1,341,船橋校舎,基礎化学実験 {年間隔週}↓連続２時限【年間隔週】
交通システム工学科,後期,水,1,341,船橋校舎,基礎化学実験 {年間隔週}↓連続２時限【年間隔週】
交通システム工学科,後期,水,1,341,船橋校舎,基礎化学実験 {年間隔週}↓連続２時限【年間隔週】
建築学科,後期,水,1,341,船橋校舎,基礎化学実験 {年間隔週}↓連続２時限【年間隔週】
海洋建築工学科,後期,水,1,341,船橋校舎,基礎化学実験 {年間隔週}↓連続２時限【年間隔週】
機械工学科,後期,水,1,341,船橋校舎,基礎化学実験 {年間隔週}↓連続２時限【年間隔週】
精密機械工学科,後期,水,1,341,船橋校舎,基礎化学実験 {年間隔週}↓連続２時限【年間隔週】
航空宇宙工学科,後期,水,1,341,船橋校舎,基礎化学実験 {年間隔週}↓連続２時限【年間隔週】
電気工学科,後期,水,1,341,船橋校舎,基礎化学実験 {年間隔週}↓連続２時限【年間隔週】
電子工学科,後期,水,1,341,船橋校舎,基礎化学実験 {年間隔週}↓連続２時限【年間隔週】
物質応用化学科,後期,水,1,341,船橋校舎,基礎化学実験 {年間隔週}↓連続２時限【年間隔週】
物理学科,後期,水,1,341,船橋校舎,基礎化学実験 {年間隔週}↓連続２時限【年間隔週】
数学科,後期,水,1,341,船橋校舎,基礎化学実験 {年間隔週}↓連続２時限【年間隔週】
まちづくり工学科,後期,水,1,341,船橋校舎,基礎化学実験 {年間隔週}↓連続２時限【年間隔週】
応用情報工学科,後期,水,1,341,船橋校舎,基礎化学実験 {年間隔週}↓連続２時限【年間隔週】
一般教育,後期,水,1,341,船橋校舎,基礎化学実験 {年間隔週}↓連続２時限【年間隔週】
土木工学科,後期,水,1,342,船橋校舎,基礎化学実験 {年間隔週}↓連続２時限【年間隔週】
交通システム工学科,後期,水,1,342,船橋校舎,基礎化学実験 {年間隔週}↓連続２時限【年間隔週】
交通システム工学科,後期,水,1,342,船橋校舎,基礎化学実験 {年間隔週}↓連続２時限【年間隔週】
建築学科,後期,水,1,342,船橋校舎,基礎化学実験 {年間隔週}↓連続２時限【年間隔週】
海洋建築工学科,後期,水,1,342,船橋校舎,基礎化学実験 {年間隔週}↓連続２時限【年間隔週】
機械工学科,後期,水,1,342,船橋校舎,基礎化学実験 {年間隔週}↓連続２時限【年間隔週】
精密機械工学科,後期,水,1,342,船橋校舎,基礎化学実験 {年間隔週}↓連続２時限【年間隔週】
航空宇宙工学科,後期,水,1,342,船橋校舎,基礎化学実験 {年間隔週}↓連続２時限【年間隔週】
電気工学科,後期,水,1,342,船橋校舎,基礎化学実験 {年間隔週}↓連続２時限【年間隔週】
電子工学科,後期,水,1,342,船橋校舎,基礎化学実験 {年間隔週}↓連続２時限【年間隔週】
物質応用化学科,後期,水,1,342,船橋校舎,基礎化学実験 {年間隔週}↓連続２時限【年間隔週】
物理学科,後期,水,1,342,船橋校舎,基礎化学実験 {年間隔週}↓連続２時限【年間隔週】
数学科,後期,水,1,342,船橋校舎,基礎化学実験 {年間隔週}↓連続２時限【年間隔週】
まちづくり工学科,後期,水,1,342,船橋校舎,基礎化学実験 {年間隔週}↓連続２時限【年間隔週】
応用情報工学科,後期,水,1,342,船橋校舎,基礎化学実験 {年間隔週}↓連続２時限【年間隔週】
一般教育,後期,水,1,342,船橋校舎,基礎化学実験 {年間隔週}↓連続２時限【年間隔週】
海洋建築工学科,後期,水,1,5号館製図室,船橋校舎,建築計画及び演習↓連続２時限
土木工学科,後期,水,1,819,船橋校舎,基礎化学実験 {年間隔週}↓連続２時限【年間隔週】
交通システム工学科,後期,水,1,819,船橋校舎,基礎化学実験 {年間隔週}↓連続２時限【年間隔週】
交通システム工学科,後期,水,1,819,船橋校舎,基礎化学実験 {年間隔週}↓連続２時限【年間隔週】
建築学科,後期,水,1,819,船橋校舎,基礎化学実験 {年間隔週}↓連続２時限【年間隔週】
海洋建築工学科,後期,水,1,819,船橋校舎,基礎化学実験 {年間隔週}↓連続２時限【年間隔週】
機械工学科,後期,水,1,819,船橋校舎,基礎化学実験 {年間隔週}↓連続２時限【年間隔週】
精密機械工学科,後期,水,1,819,船橋校舎,基礎化学実験 {年間隔週}↓連続２時限【年間隔週】
航空宇宙工学科,後期,水,1,819,船橋校舎,基礎化学実験 {年間隔週}↓連続２時限【年間隔週】
電気工学科,後期,水,1,819,船橋校舎,基礎化学実験 {年間隔週}↓連続２時限【年間隔週】
電子工学科,後期,水,1,819,船橋校舎,基礎化学実験 {年間隔週}↓連続２時限【年間隔週】
物質応用化学科,後期,水,1,819,船橋校舎,基礎化学実験 {年間隔週}↓連続２時限【年間隔週】
物理学科,後期,水,1,819,船橋校舎,基礎化学実験 {年間隔週}↓連続２時限【年間隔週】
数学科,後期,水,1,819,船橋校舎,基礎化学実験 {年間隔週}↓連続２時限【年間隔週】
まちづくり工学科,後期,水,1,819,船橋校舎,基礎化学実験 {年間隔週}↓連続２時限【年間隔週】
応用情報工学科,後期,水,1,819,船橋校舎,基礎化学実験 {年間隔週}↓連続２時限【年間隔週】
一般教育,後期,水,1,819,船橋校舎,基礎化学実験 {年間隔週}↓連続２時限【年間隔週】
土木工学科,後期,水,1,826,船橋校舎,基礎化学実験 {年間隔週}↓連続２時限【年間隔週】
交通システム工学科,後期,水,1,826,船橋校舎,基礎化学実験 {年間隔週}↓連続２時限【年間隔週】
交通システム工学科,後期,水,1,826,船橋校舎,基礎化学実験 {年間隔週}↓連続２時限【年間隔週】
建築学科,後期,水,1,826,船橋校舎,基礎化学実験 {年間隔週}↓連続２時限【年間隔週】
海洋建築工学科,後期,水,1,826,船橋校舎,基礎化学実験 {年間隔週}↓連続２時限【年間隔週】
機械工学科,後期,水,1,826,船橋校舎,基礎化学実験 {年間隔週}↓連続２時限【年間隔週】
精密機械工学科,後期,水,1,826,船橋校舎,基礎化学実験 {年間隔週}↓連続２時限【年間隔週】
航空宇宙工学科,後期,水,1,826,船橋校舎,基礎化学実験 {年間隔週}↓連続２時限【年間隔週】
電気工学科,後期,水,1,826,船橋校舎,基礎化学実験 {年間隔週}↓連続２時限【年間隔週】
電子工学科,後期,水,1,826,船橋校舎,基礎化学実験 {年間隔週}↓連続２時限【年間隔週】
物質応用化学科,後期,水,1,826,船橋校舎,基礎化学実験 {年間隔週}↓連続２時限【年間隔週】
物理学科,後期,水,1,826,船橋校舎,基礎化学実験 {年間隔週}↓連続２時限【年間隔週】
数学科,後期,水,1,826,船橋校舎,基礎化学実験 {年間隔週}↓連続２時限【年間隔週】
まちづくり工学科,後期,水,1,826,船橋校舎,基礎化学実験 {年間隔週}↓連続２時限【年間隔週】
応用情報工学科,後期,水,1,826,船橋校舎,基礎化学実験 {年間隔週}↓連続２時限【年間隔週】
一般教育,後期,水,1,826,船橋校舎,基礎化学実験 {年間隔週}↓連続２時限【年間隔週】
土木工学科,後期,水,1,829,船橋校舎,基礎化学実験 {年間隔週}↓連続２時限【年間隔週】
交通システム工学科,後期,水,1,829,船橋校舎,基礎化学実験 {年間隔週}↓連続２時限【年間隔週】
交通システム工学科,後期,水,1,829,船橋校舎,基礎化学実験 {年間隔週}↓連続２時限【年間隔週】
建築学科,後期,水,1,829,船橋校舎,基礎化学実験 {年間隔週}↓連続２時限【年間隔週】
海洋建築工学科,後期,水,1,829,船橋校舎,基礎化学実験 {年間隔週}↓連続２時限【年間隔週】
機械工学科,後期,水,1,829,船橋校舎,基礎化学実験 {年間隔週}↓連続２時限【年間隔週】
精密機械工学科,後期,水,1,829,船橋校舎,基礎化学実験 {年間隔週}↓連続２時限【年間隔週】
航空宇宙工学科,後期,水,1,829,船橋校舎,基礎化学実験 {年間隔週}↓連続２時限【年間隔週】
電気工学科,後期,水,1,829,船橋校舎,基礎化学実験 {年間隔週}↓連続２時限【年間隔週】
電子工学科,後期,水,1,829,船橋校舎,基礎化学実験 {年間隔週}↓連続２時限【年間隔週】
物質応用化学科,後期,水,1,829,船橋校舎,基礎化学実験 {年間隔週}↓連続２時限【年間隔週】
物理学科,後期,水,1,829,船橋校舎,基礎化学実験 {年間隔週}↓連続２時限【年間隔週】
数学科,後期,水,1,829,船橋校舎,基礎化学実験 {年間隔週}↓連続２時限【年間隔週】
まちづくり工学科,後期,水,1,829,船橋校舎,基礎化学実験 {年間隔週}↓連続２時限【年間隔週】
応用情報工学科,後期,水,1,829,船橋校舎,基礎化学実験 {年間隔週}↓連続２時限【年間隔週】
一般教育,後期,水,1,829,船橋校舎,基礎化学実験 {年間隔週}↓連続２時限【年間隔週】
物理学科,後期,水,1,131,駿河台校舎,物性物理学Ⅱ
土木工学科,後期,水,1,132,駿河台校舎,英語ⅢB
交通システム工学科,後期,水,1,132,駿河台校舎,英語ⅢB
交通システム工学科,後期,水,1,132,駿河台校舎,英語ⅢB
建築学科,後期,水,1,132,駿河台校舎,英語ⅢB
海洋建築工学科,後期,水,1,132,駿河台校舎,英語ⅢB
機械工学科,後期,水,1,132,駿河台校舎,英語ⅢB
精密機械工学科,後期,水,1,132,駿河台校舎,英語ⅢB
航空宇宙工学科,後期,水,1,132,駿河台校舎,英語ⅢB
電気工学科,後期,水,1,132,駿河台校舎,英語ⅢB
電子工学科,後期,水,1,132,駿河台校舎,英語ⅢB
物質応用化学科,後期,水,1,132,駿河台校舎,英語ⅢB
物理学科,後期,水,1,132,駿河台校舎,英語ⅢB
数学科,後期,水,1,132,駿河台校舎,英語ⅢB
まちづくり工学科,後期,水,1,132,駿河台校舎,英語ⅢB
応用情報工学科,後期,水,1,132,駿河台校舎,英語ⅢB
一般教育,後期,水,1,132,駿河台校舎,英語ⅢB
土木工学科,後期,水,1,133,駿河台校舎,英語ⅢB
交通システム工学科,後期,水,1,133,駿河台校舎,英語ⅢB
交通システム工学科,後期,水,1,133,駿河台校舎,英語ⅢB
建築学科,後期,水,1,133,駿河台校舎,英語ⅢB
海洋建築工学科,後期,水,1,133,駿河台校舎,英語ⅢB
機械工学科,後期,水,1,133,駿河台校舎,英語ⅢB
精密機械工学科,後期,水,1,133,駿河台校舎,英語ⅢB
航空宇宙工学科,後期,水,1,133,駿河台校舎,英語ⅢB
電気工学科,後期,水,1,133,駿河台校舎,英語ⅢB
電子工学科,後期,水,1,133,駿河台校舎,英語ⅢB
物質応用化学科,後期,水,1,133,駿河台校舎,英語ⅢB
物理学科,後期,水,1,133,駿河台校舎,英語ⅢB
数学科,後期,水,1,133,駿河台校舎,英語ⅢB
まちづくり工学科,後期,水,1,133,駿河台校舎,英語ⅢB
応用情報工学科,後期,水,1,133,駿河台校舎,英語ⅢB
一般教育,後期,水,1,133,駿河台校舎,英語ⅢB
土木工学科,後期,水,1,134,駿河台校舎,英語ⅢB
交通システム工学科,後期,水,1,134,駿河台校舎,英語ⅢB
交通システム工学科,後期,水,1,134,駿河台校舎,英語ⅢB
建築学科,後期,水,1,134,駿河台校舎,英語ⅢB
海洋建築工学科,後期,水,1,134,駿河台校舎,英語ⅢB
機械工学科,後期,水,1,134,駿河台校舎,英語ⅢB
精密機械工学科,後期,水,1,134,駿河台校舎,英語ⅢB
航空宇宙工学科,後期,水,1,134,駿河台校舎,英語ⅢB
電気工学科,後期,水,1,134,駿河台校舎,英語ⅢB
電子工学科,後期,水,1,134,駿河台校舎,英語ⅢB
物質応用化学科,後期,水,1,134,駿河台校舎,英語ⅢB
物理学科,後期,水,1,134,駿河台校舎,英語ⅢB
数学科,後期,水,1,134,駿河台校舎,英語ⅢB
まちづくり工学科,後期,水,1,134,駿河台校舎,英語ⅢB
応用情報工学科,後期,水,1,134,駿河台校舎,英語ⅢB
一般教育,後期,水,1,134,駿河台校舎,英語ⅢB
土木工学科,後期,水,1,142,駿河台校舎,英語ⅢB
交通システム工学科,後期,水,1,142,駿河台校舎,英語ⅢB
交通システム工学科,後期,水,1,142,駿河台校舎,英語ⅢB
建築学科,後期,水,1,142,駿河台校舎,英語ⅢB
海洋建築工学科,後期,水,1,142,駿河台校舎,英語ⅢB
機械工学科,後期,水,1,142,駿河台校舎,英語ⅢB
精密機械工学科,後期,水,1,142,駿河台校舎,英語ⅢB
航空宇宙工学科,後期,水,1,142,駿河台校舎,英語ⅢB
電気工学科,後期,水,1,142,駿河台校舎,英語ⅢB
電子工学科,後期,水,1,142,駿河台校舎,英語ⅢB
物質応用化学科,後期,水,1,142,駿河台校舎,英語ⅢB
物理学科,後期,水,1,142,駿河台校舎,英語ⅢB
数学科,後期,水,1,142,駿河台校舎,英語ⅢB
まちづくり工学科,後期,水,1,142,駿河台校舎,英語ⅢB
応用情報工学科,後期,水,1,142,駿河台校舎,英語ⅢB
一般教育,後期,水,1,142,駿河台校舎,英語ⅢB
土木工学科,後期,水,1,144,駿河台校舎,応用力学Ⅱ {1}
数学科,後期,水,1,152,駿河台校舎,教育数学
物質応用化学専攻,後期,水,1,831,駿河台校舎,環境化学特論
物質応用化学科,後期,水,1,841,駿河台校舎,分子構造決定法 {B}
物理学専攻,後期,水,1,842,駿河台校舎,一般相対論Ⅱ
物質応用化学科,後期,水,1,843,駿河台校舎,量論化学工学Ⅱ {A}
物質応用化学科,後期,水,1,851,駿河台校舎,高分子材料 {A}
物質応用化学科,後期,水,1,852,駿河台校舎,生命有機化学Ⅰ {B}
土木工学科,後期,水,2,S101,タワースコラ,土木工学総合演習
一般教育,後期,水,2,S201,タワースコラ,英語特殊講義A
まちづくり工学科,後期,水,2,S202,タワースコラ,建設マネジメント
土木工学科,後期,水,2,S203,タワースコラ,科学技術史 {III群}
交通システム工学科,後期,水,2,S203,タワースコラ,科学技術史 {III群}
交通システム工学科,後期,水,2,S203,タワースコラ,科学技術史 {III群}
建築学科,後期,水,2,S203,タワースコラ,科学技術史 {III群}
海洋建築工学科,後期,水,2,S203,タワースコラ,科学技術史 {III群}
機械工学科,後期,水,2,S203,タワースコラ,科学技術史 {III群}
精密機械工学科,後期,水,2,S203,タワースコラ,科学技術史 {III群}
航空宇宙工学科,後期,水,2,S203,タワースコラ,科学技術史 {III群}
電気工学科,後期,水,2,S203,タワースコラ,科学技術史 {III群}
電子工学科,後期,水,2,S203,タワースコラ,科学技術史 {III群}
物質応用化学科,後期,水,2,S203,タワースコラ,科学技術史 {III群}
物理学科,後期,水,2,S203,タワースコラ,科学技術史 {III群}
数学科,後期,水,2,S203,タワースコラ,科学技術史 {III群}
まちづくり工学科,後期,水,2,S203,タワースコラ,科学技術史 {III群}
応用情報工学科,後期,水,2,S203,タワースコラ,科学技術史 {III群}
一般教育,後期,水,2,S203,タワースコラ,科学技術史 {III群}
建築学科,後期,水,2,S204,タワースコラ,構造力学演習Ⅱ {1}
機械工学科,後期,水,2,S301,タワースコラ,振動工学
土木工学科,後期,水,2,S302,タワースコラ,日本国憲法 {I群}
交通システム工学科,後期,水,2,S302,タワースコラ,日本国憲法 {I群}
交通システム工学科,後期,水,2,S302,タワースコラ,日本国憲法 {I群}
建築学科,後期,水,2,S302,タワースコラ,日本国憲法 {I群}
海洋建築工学科,後期,水,2,S302,タワースコラ,日本国憲法 {I群}
機械工学科,後期,水,2,S302,タワースコラ,日本国憲法 {I群}
精密機械工学科,後期,水,2,S302,タワースコラ,日本国憲法 {I群}
航空宇宙工学科,後期,水,2,S302,タワースコラ,日本国憲法 {I群}
電気工学科,後期,水,2,S302,タワースコラ,日本国憲法 {I群}
電子工学科,後期,水,2,S302,タワースコラ,日本国憲法 {I群}
物質応用化学科,後期,水,2,S302,タワースコラ,日本国憲法 {I群}
物理学科,後期,水,2,S302,タワースコラ,日本国憲法 {I群}
数学科,後期,水,2,S302,タワースコラ,日本国憲法 {I群}
まちづくり工学科,後期,水,2,S302,タワースコラ,日本国憲法 {I群}
応用情報工学科,後期,水,2,S302,タワースコラ,日本国憲法 {I群}
一般教育,後期,水,2,S302,タワースコラ,日本国憲法 {I群}
土木工学科,後期,水,2,S303,タワースコラ,倫理学 {I群}
交通システム工学科,後期,水,2,S303,タワースコラ,倫理学 {I群}
交通システム工学科,後期,水,2,S303,タワースコラ,倫理学 {I群}
建築学科,後期,水,2,S303,タワースコラ,倫理学 {I群}
海洋建築工学科,後期,水,2,S303,タワースコラ,倫理学 {I群}
機械工学科,後期,水,2,S303,タワースコラ,倫理学 {I群}
精密機械工学科,後期,水,2,S303,タワースコラ,倫理学 {I群}
航空宇宙工学科,後期,水,2,S303,タワースコラ,倫理学 {I群}
電気工学科,後期,水,2,S303,タワースコラ,倫理学 {I群}
電子工学科,後期,水,2,S303,タワースコラ,倫理学 {I群}
物質応用化学科,後期,水,2,S303,タワースコラ,倫理学 {I群}
物理学科,後期,水,2,S303,タワースコラ,倫理学 {I群}
数学科,後期,水,2,S303,タワースコラ,倫理学 {I群}
まちづくり工学科,後期,水,2,S303,タワースコラ,倫理学 {I群}
応用情報工学科,後期,水,2,S303,タワースコラ,倫理学 {I群}
一般教育,後期,水,2,S303,タワースコラ,倫理学 {I群}
土木工学科,後期,水,2,S304,タワースコラ,哲学 {II群}
交通システム工学科,後期,水,2,S304,タワースコラ,哲学 {II群}
交通システム工学科,後期,水,2,S304,タワースコラ,哲学 {II群}
建築学科,後期,水,2,S304,タワースコラ,哲学 {II群}
海洋建築工学科,後期,水,2,S304,タワースコラ,哲学 {II群}
機械工学科,後期,水,2,S304,タワースコラ,哲学 {II群}
精密機械工学科,後期,水,2,S304,タワースコラ,哲学 {II群}
航空宇宙工学科,後期,水,2,S304,タワースコラ,哲学 {II群}
電気工学科,後期,水,2,S304,タワースコラ,哲学 {II群}
電子工学科,後期,水,2,S304,タワースコラ,哲学 {II群}
物質応用化学科,後期,水,2,S304,タワースコラ,哲学 {II群}
物理学科,後期,水,2,S304,タワースコラ,哲学 {II群}
数学科,後期,水,2,S304,タワースコラ,哲学 {II群}
まちづくり工学科,後期,水,2,S304,タワースコラ,哲学 {II群}
応用情報工学科,後期,水,2,S304,タワースコラ,哲学 {II群}
一般教育,後期,水,2,S304,タワースコラ,哲学 {II群}
土木工学科,後期,水,2,S401,タワースコラ,土木工学総合演習
一般教育,後期,水,2,S402,タワースコラ,健康の科学
建築学専攻,後期,水,2,S403,タワースコラ,鉄筋コンクリート工学特論Ⅱ
土木工学科,後期,水,2,S404,タワースコラ,科学技術と人間 {III群}
交通システム工学科,後期,水,2,S404,タワースコラ,科学技術と人間 {III群}
交通システム工学科,後期,水,2,S404,タワースコラ,科学技術と人間 {III群}
建築学科,後期,水,2,S404,タワースコラ,科学技術と人間 {III群}
海洋建築工学科,後期,水,2,S404,タワースコラ,科学技術と人間 {III群}
機械工学科,後期,水,2,S404,タワースコラ,科学技術と人間 {III群}
精密機械工学科,後期,水,2,S404,タワースコラ,科学技術と人間 {III群}
航空宇宙工学科,後期,水,2,S404,タワースコラ,科学技術と人間 {III群}
電気工学科,後期,水,2,S404,タワースコラ,科学技術と人間 {III群}
電子工学科,後期,水,2,S404,タワースコラ,科学技術と人間 {III群}
物質応用化学科,後期,水,2,S404,タワースコラ,科学技術と人間 {III群}
物理学科,後期,水,2,S404,タワースコラ,科学技術と人間 {III群}
数学科,後期,水,2,S404,タワースコラ,科学技術と人間 {III群}
まちづくり工学科,後期,水,2,S404,タワースコラ,科学技術と人間 {III群}
応用情報工学科,後期,水,2,S404,タワースコラ,科学技術と人間 {III群}
一般教育,後期,水,2,S404,タワースコラ,科学技術と人間 {III群}
土木工学科,後期,水,2,S405,タワースコラ,ことばと文化 {I群}
交通システム工学科,後期,水,2,S405,タワースコラ,ことばと文化 {I群}
交通システム工学科,後期,水,2,S405,タワースコラ,ことばと文化 {I群}
建築学科,後期,水,2,S405,タワースコラ,ことばと文化 {I群}
海洋建築工学科,後期,水,2,S405,タワースコラ,ことばと文化 {I群}
機械工学科,後期,水,2,S405,タワースコラ,ことばと文化 {I群}
精密機械工学科,後期,水,2,S405,タワースコラ,ことばと文化 {I群}
航空宇宙工学科,後期,水,2,S405,タワースコラ,ことばと文化 {I群}
電気工学科,後期,水,2,S405,タワースコラ,ことばと文化 {I群}
電子工学科,後期,水,2,S405,タワースコラ,ことばと文化 {I群}
物質応用化学科,後期,水,2,S405,タワースコラ,ことばと文化 {I群}
物理学科,後期,水,2,S405,タワースコラ,ことばと文化 {I群}
数学科,後期,水,2,S405,タワースコラ,ことばと文化 {I群}
まちづくり工学科,後期,水,2,S405,タワースコラ,ことばと文化 {I群}
応用情報工学科,後期,水,2,S405,タワースコラ,ことばと文化 {I群}
一般教育,後期,水,2,S405,タワースコラ,ことばと文化 {I群}
土木工学専攻,後期,水,2,S407,タワースコラ,交通プロジェクト評価特論 {同時開講}
交通システム工学専攻,後期,水,2,S407,タワースコラ,交通プロジェクト評価特論 {同時開講}
一般教育,後期,水,2,S501,タワースコラ,英語特殊講義B
土木工学科,後期,水,2,S504,タワースコラ,日本語表現の基礎 {II群}
交通システム工学科,後期,水,2,S504,タワースコラ,日本語表現の基礎 {II群}
交通システム工学科,後期,水,2,S504,タワースコラ,日本語表現の基礎 {II群}
建築学科,後期,水,2,S504,タワースコラ,日本語表現の基礎 {II群}
海洋建築工学科,後期,水,2,S504,タワースコラ,日本語表現の基礎 {II群}
機械工学科,後期,水,2,S504,タワースコラ,日本語表現の基礎 {II群}
精密機械工学科,後期,水,2,S504,タワースコラ,日本語表現の基礎 {II群}
航空宇宙工学科,後期,水,2,S504,タワースコラ,日本語表現の基礎 {II群}
電気工学科,後期,水,2,S504,タワースコラ,日本語表現の基礎 {II群}
電子工学科,後期,水,2,S504,タワースコラ,日本語表現の基礎 {II群}
物質応用化学科,後期,水,2,S504,タワースコラ,日本語表現の基礎 {II群}
物理学科,後期,水,2,S504,タワースコラ,日本語表現の基礎 {II群}
数学科,後期,水,2,S504,タワースコラ,日本語表現の基礎 {II群}
まちづくり工学科,後期,水,2,S504,タワースコラ,日本語表現の基礎 {II群}
応用情報工学科,後期,水,2,S504,タワースコラ,日本語表現の基礎 {II群}
一般教育,後期,水,2,S504,タワースコラ,日本語表現の基礎 {II群}
物理学科,後期,水,2,S505,タワースコラ,電磁気学Ⅱ
機械工学専攻,後期,水,2,S601,タワースコラ,熱機関特論Ⅱ
電気工学専攻,後期,水,2,S602,タワースコラ,電磁波工学特論
量子理工学専攻,後期,水,2,S603,タワースコラ,プラズマ科学
建築学専攻,後期,水,2,S604,タワースコラ,建築計画特論Ⅰ
建築学科,後期,水,2,S702,タワースコラ,建築設計Ⅳ↓連続３時限
建築学科,後期,水,2,S705）,タワースコラ,建築設計Ⅳ↓連続３時限
物質応用化学科,後期,水,2,1011,船橋校舎,微分積分学Ⅱ {A}
物質応用化学科,後期,水,2,1012,船橋校舎,微分積分学Ⅱ {B}
交通システム工学科,後期,水,2,1013,船橋校舎,数理統計学
交通システム工学科,後期,水,2,1013,船橋校舎,数理統計学
航空宇宙工学科,後期,水,2,1021,船橋校舎,熱力学と流体力学の基礎
物理学科,後期,水,2,1031,船橋校舎,物理学Ⅱ演習
物理学科,後期,水,2,1032,船橋校舎,物理学Ⅱ演習
精密機械工学科,後期,水,2,1041,船橋校舎,工作実習実験Ⅱ {1}{未来}↓連続２時限
精密機械工学科,後期,水,2,1043,船橋校舎,工作実習実験Ⅰ {2}{未来}↓連続２時限
土木工学科,後期,水,2,105,船橋校舎,基礎物理学実験 {年間隔週}↓連続２時限【年間隔週】
交通システム工学科,後期,水,2,105,船橋校舎,基礎物理学実験 {年間隔週}↓連続２時限【年間隔週】
交通システム工学科,後期,水,2,105,船橋校舎,基礎物理学実験 {年間隔週}↓連続２時限【年間隔週】
建築学科,後期,水,2,105,船橋校舎,基礎物理学実験 {年間隔週}↓連続２時限【年間隔週】
海洋建築工学科,後期,水,2,105,船橋校舎,基礎物理学実験 {年間隔週}↓連続２時限【年間隔週】
機械工学科,後期,水,2,105,船橋校舎,基礎物理学実験 {年間隔週}↓連続２時限【年間隔週】
精密機械工学科,後期,水,2,105,船橋校舎,基礎物理学実験 {年間隔週}↓連続２時限【年間隔週】
航空宇宙工学科,後期,水,2,105,船橋校舎,基礎物理学実験 {年間隔週}↓連続２時限【年間隔週】
電気工学科,後期,水,2,105,船橋校舎,基礎物理学実験 {年間隔週}↓連続２時限【年間隔週】
電子工学科,後期,水,2,105,船橋校舎,基礎物理学実験 {年間隔週}↓連続２時限【年間隔週】
物質応用化学科,後期,水,2,105,船橋校舎,基礎物理学実験 {年間隔週}↓連続２時限【年間隔週】
物理学科,後期,水,2,105,船橋校舎,基礎物理学実験 {年間隔週}↓連続２時限【年間隔週】
数学科,後期,水,2,105,船橋校舎,基礎物理学実験 {年間隔週}↓連続２時限【年間隔週】
まちづくり工学科,後期,水,2,105,船橋校舎,基礎物理学実験 {年間隔週}↓連続２時限【年間隔週】
応用情報工学科,後期,水,2,105,船橋校舎,基礎物理学実験 {年間隔週}↓連続２時限【年間隔週】
一般教育,後期,水,2,105,船橋校舎,基礎物理学実験 {年間隔週}↓連続２時限【年間隔週】
土木工学科,後期,水,2,113,船橋校舎,基礎物理学実験 {年間隔週}↓連続２時限【年間隔週】
交通システム工学科,後期,水,2,113,船橋校舎,基礎物理学実験 {年間隔週}↓連続２時限【年間隔週】
交通システム工学科,後期,水,2,113,船橋校舎,基礎物理学実験 {年間隔週}↓連続２時限【年間隔週】
建築学科,後期,水,2,113,船橋校舎,基礎物理学実験 {年間隔週}↓連続２時限【年間隔週】
海洋建築工学科,後期,水,2,113,船橋校舎,基礎物理学実験 {年間隔週}↓連続２時限【年間隔週】
機械工学科,後期,水,2,113,船橋校舎,基礎物理学実験 {年間隔週}↓連続２時限【年間隔週】
精密機械工学科,後期,水,2,113,船橋校舎,基礎物理学実験 {年間隔週}↓連続２時限【年間隔週】
航空宇宙工学科,後期,水,2,113,船橋校舎,基礎物理学実験 {年間隔週}↓連続２時限【年間隔週】
電気工学科,後期,水,2,113,船橋校舎,基礎物理学実験 {年間隔週}↓連続２時限【年間隔週】
電子工学科,後期,水,2,113,船橋校舎,基礎物理学実験 {年間隔週}↓連続２時限【年間隔週】
物質応用化学科,後期,水,2,113,船橋校舎,基礎物理学実験 {年間隔週}↓連続２時限【年間隔週】
物理学科,後期,水,2,113,船橋校舎,基礎物理学実験 {年間隔週}↓連続２時限【年間隔週】
数学科,後期,水,2,113,船橋校舎,基礎物理学実験 {年間隔週}↓連続２時限【年間隔週】
まちづくり工学科,後期,水,2,113,船橋校舎,基礎物理学実験 {年間隔週}↓連続２時限【年間隔週】
応用情報工学科,後期,水,2,113,船橋校舎,基礎物理学実験 {年間隔週}↓連続２時限【年間隔週】
一般教育,後期,水,2,113,船橋校舎,基礎物理学実験 {年間隔週}↓連続２時限【年間隔週】
土木工学科,後期,水,2,1131,船橋校舎,英語ⅡB
交通システム工学科,後期,水,2,1131,船橋校舎,英語ⅡB
交通システム工学科,後期,水,2,1131,船橋校舎,英語ⅡB
建築学科,後期,水,2,1131,船橋校舎,英語ⅡB
海洋建築工学科,後期,水,2,1131,船橋校舎,英語ⅡB
機械工学科,後期,水,2,1131,船橋校舎,英語ⅡB
精密機械工学科,後期,水,2,1131,船橋校舎,英語ⅡB
航空宇宙工学科,後期,水,2,1131,船橋校舎,英語ⅡB
電気工学科,後期,水,2,1131,船橋校舎,英語ⅡB
電子工学科,後期,水,2,1131,船橋校舎,英語ⅡB
物質応用化学科,後期,水,2,1131,船橋校舎,英語ⅡB
物理学科,後期,水,2,1131,船橋校舎,英語ⅡB
数学科,後期,水,2,1131,船橋校舎,英語ⅡB
まちづくり工学科,後期,水,2,1131,船橋校舎,英語ⅡB
応用情報工学科,後期,水,2,1131,船橋校舎,英語ⅡB
一般教育,後期,水,2,1131,船橋校舎,英語ⅡB
土木工学科,後期,水,2,1132,船橋校舎,英語ⅡB
交通システム工学科,後期,水,2,1132,船橋校舎,英語ⅡB
交通システム工学科,後期,水,2,1132,船橋校舎,英語ⅡB
建築学科,後期,水,2,1132,船橋校舎,英語ⅡB
海洋建築工学科,後期,水,2,1132,船橋校舎,英語ⅡB
機械工学科,後期,水,2,1132,船橋校舎,英語ⅡB
精密機械工学科,後期,水,2,1132,船橋校舎,英語ⅡB
航空宇宙工学科,後期,水,2,1132,船橋校舎,英語ⅡB
電気工学科,後期,水,2,1132,船橋校舎,英語ⅡB
電子工学科,後期,水,2,1132,船橋校舎,英語ⅡB
物質応用化学科,後期,水,2,1132,船橋校舎,英語ⅡB
物理学科,後期,水,2,1132,船橋校舎,英語ⅡB
数学科,後期,水,2,1132,船橋校舎,英語ⅡB
まちづくり工学科,後期,水,2,1132,船橋校舎,英語ⅡB
応用情報工学科,後期,水,2,1132,船橋校舎,英語ⅡB
一般教育,後期,水,2,1132,船橋校舎,英語ⅡB
土木工学科,後期,水,2,1133,船橋校舎,英語ⅡB
交通システム工学科,後期,水,2,1133,船橋校舎,英語ⅡB
交通システム工学科,後期,水,2,1133,船橋校舎,英語ⅡB
建築学科,後期,水,2,1133,船橋校舎,英語ⅡB
海洋建築工学科,後期,水,2,1133,船橋校舎,英語ⅡB
機械工学科,後期,水,2,1133,船橋校舎,英語ⅡB
精密機械工学科,後期,水,2,1133,船橋校舎,英語ⅡB
航空宇宙工学科,後期,水,2,1133,船橋校舎,英語ⅡB
電気工学科,後期,水,2,1133,船橋校舎,英語ⅡB
電子工学科,後期,水,2,1133,船橋校舎,英語ⅡB
物質応用化学科,後期,水,2,1133,船橋校舎,英語ⅡB
物理学科,後期,水,2,1133,船橋校舎,英語ⅡB
数学科,後期,水,2,1133,船橋校舎,英語ⅡB
まちづくり工学科,後期,水,2,1133,船橋校舎,英語ⅡB
応用情報工学科,後期,水,2,1133,船橋校舎,英語ⅡB
一般教育,後期,水,2,1133,船橋校舎,英語ⅡB
土木工学科,後期,水,2,1141,船橋校舎,英語ⅡB
交通システム工学科,後期,水,2,1141,船橋校舎,英語ⅡB
交通システム工学科,後期,水,2,1141,船橋校舎,英語ⅡB
建築学科,後期,水,2,1141,船橋校舎,英語ⅡB
海洋建築工学科,後期,水,2,1141,船橋校舎,英語ⅡB
機械工学科,後期,水,2,1141,船橋校舎,英語ⅡB
精密機械工学科,後期,水,2,1141,船橋校舎,英語ⅡB
航空宇宙工学科,後期,水,2,1141,船橋校舎,英語ⅡB
電気工学科,後期,水,2,1141,船橋校舎,英語ⅡB
電子工学科,後期,水,2,1141,船橋校舎,英語ⅡB
物質応用化学科,後期,水,2,1141,船橋校舎,英語ⅡB
物理学科,後期,水,2,1141,船橋校舎,英語ⅡB
数学科,後期,水,2,1141,船橋校舎,英語ⅡB
まちづくり工学科,後期,水,2,1141,船橋校舎,英語ⅡB
応用情報工学科,後期,水,2,1141,船橋校舎,英語ⅡB
一般教育,後期,水,2,1141,船橋校舎,英語ⅡB
土木工学科,後期,水,2,1142,船橋校舎,英語ⅡB
交通システム工学科,後期,水,2,1142,船橋校舎,英語ⅡB
交通システム工学科,後期,水,2,1142,船橋校舎,英語ⅡB
建築学科,後期,水,2,1142,船橋校舎,英語ⅡB
海洋建築工学科,後期,水,2,1142,船橋校舎,英語ⅡB
機械工学科,後期,水,2,1142,船橋校舎,英語ⅡB
精密機械工学科,後期,水,2,1142,船橋校舎,英語ⅡB
航空宇宙工学科,後期,水,2,1142,船橋校舎,英語ⅡB
電気工学科,後期,水,2,1142,船橋校舎,英語ⅡB
電子工学科,後期,水,2,1142,船橋校舎,英語ⅡB
物質応用化学科,後期,水,2,1142,船橋校舎,英語ⅡB
物理学科,後期,水,2,1142,船橋校舎,英語ⅡB
数学科,後期,水,2,1142,船橋校舎,英語ⅡB
まちづくり工学科,後期,水,2,1142,船橋校舎,英語ⅡB
応用情報工学科,後期,水,2,1142,船橋校舎,英語ⅡB
一般教育,後期,水,2,1142,船橋校舎,英語ⅡB
応用情報工学科,後期,水,2,1201,船橋校舎,Ｃプログラミング及び演習↓連続２時限
精密機械工学科,後期,水,2,1202,船橋校舎,工作実習実験Ⅰ {2}{未来}↓連続２時限
交通システム工学科,後期,水,2,1211,船橋校舎,ユニバーサルデザイン
交通システム工学科,後期,水,2,1211,船橋校舎,ユニバーサルデザイン
電子工学科,後期,水,2,1221,船橋校舎,電磁気学Ⅱ及び演習 {1}{未来}↓連続２時限
交通システム工学科,後期,水,2,1223,船橋校舎,ユニバーサルデザイン
交通システム工学科,後期,水,2,1223,船橋校舎,ユニバーサルデザイン
電子工学科,後期,水,2,1224,船橋校舎,電磁気学Ⅱ及び演習 {2}{未来}↓連続２時限
電子工学科,後期,水,2,1231,船橋校舎,電磁気学Ⅱ及び演習 {1}{未来}↓連続２時限
電子工学科,後期,水,2,1232,船橋校舎,電磁気学Ⅱ及び演習 {2}{未来}↓連続２時限
土木工学科,後期,水,2,1233,船橋校舎,英語ⅡB
交通システム工学科,後期,水,2,1233,船橋校舎,英語ⅡB
交通システム工学科,後期,水,2,1233,船橋校舎,英語ⅡB
建築学科,後期,水,2,1233,船橋校舎,英語ⅡB
海洋建築工学科,後期,水,2,1233,船橋校舎,英語ⅡB
機械工学科,後期,水,2,1233,船橋校舎,英語ⅡB
精密機械工学科,後期,水,2,1233,船橋校舎,英語ⅡB
航空宇宙工学科,後期,水,2,1233,船橋校舎,英語ⅡB
電気工学科,後期,水,2,1233,船橋校舎,英語ⅡB
電子工学科,後期,水,2,1233,船橋校舎,英語ⅡB
物質応用化学科,後期,水,2,1233,船橋校舎,英語ⅡB
物理学科,後期,水,2,1233,船橋校舎,英語ⅡB
数学科,後期,水,2,1233,船橋校舎,英語ⅡB
まちづくり工学科,後期,水,2,1233,船橋校舎,英語ⅡB
応用情報工学科,後期,水,2,1233,船橋校舎,英語ⅡB
一般教育,後期,水,2,1233,船橋校舎,英語ⅡB
土木工学科,後期,水,2,1234,船橋校舎,英語ⅡB
交通システム工学科,後期,水,2,1234,船橋校舎,英語ⅡB
交通システム工学科,後期,水,2,1234,船橋校舎,英語ⅡB
建築学科,後期,水,2,1234,船橋校舎,英語ⅡB
海洋建築工学科,後期,水,2,1234,船橋校舎,英語ⅡB
機械工学科,後期,水,2,1234,船橋校舎,英語ⅡB
精密機械工学科,後期,水,2,1234,船橋校舎,英語ⅡB
航空宇宙工学科,後期,水,2,1234,船橋校舎,英語ⅡB
電気工学科,後期,水,2,1234,船橋校舎,英語ⅡB
電子工学科,後期,水,2,1234,船橋校舎,英語ⅡB
物質応用化学科,後期,水,2,1234,船橋校舎,英語ⅡB
物理学科,後期,水,2,1234,船橋校舎,英語ⅡB
数学科,後期,水,2,1234,船橋校舎,英語ⅡB
まちづくり工学科,後期,水,2,1234,船橋校舎,英語ⅡB
応用情報工学科,後期,水,2,1234,船橋校舎,英語ⅡB
一般教育,後期,水,2,1234,船橋校舎,英語ⅡB
電子工学科,後期,水,2,1326,船橋校舎,情報ネットワーク基礎 {共同開講}
応用情報工学科,後期,水,2,1326,船橋校舎,情報ネットワーク基礎 {共同開講}
土木工学科,後期,水,2,134,船橋校舎,基礎物理学実験 {年間隔週}↓連続２時限【年間隔週】
交通システム工学科,後期,水,2,134,船橋校舎,基礎物理学実験 {年間隔週}↓連続２時限【年間隔週】
交通システム工学科,後期,水,2,134,船橋校舎,基礎物理学実験 {年間隔週}↓連続２時限【年間隔週】
建築学科,後期,水,2,134,船橋校舎,基礎物理学実験 {年間隔週}↓連続２時限【年間隔週】
海洋建築工学科,後期,水,2,134,船橋校舎,基礎物理学実験 {年間隔週}↓連続２時限【年間隔週】
機械工学科,後期,水,2,134,船橋校舎,基礎物理学実験 {年間隔週}↓連続２時限【年間隔週】
精密機械工学科,後期,水,2,134,船橋校舎,基礎物理学実験 {年間隔週}↓連続２時限【年間隔週】
航空宇宙工学科,後期,水,2,134,船橋校舎,基礎物理学実験 {年間隔週}↓連続２時限【年間隔週】
電気工学科,後期,水,2,134,船橋校舎,基礎物理学実験 {年間隔週}↓連続２時限【年間隔週】
電子工学科,後期,水,2,134,船橋校舎,基礎物理学実験 {年間隔週}↓連続２時限【年間隔週】
物質応用化学科,後期,水,2,134,船橋校舎,基礎物理学実験 {年間隔週}↓連続２時限【年間隔週】
物理学科,後期,水,2,134,船橋校舎,基礎物理学実験 {年間隔週}↓連続２時限【年間隔週】
数学科,後期,水,2,134,船橋校舎,基礎物理学実験 {年間隔週}↓連続２時限【年間隔週】
まちづくり工学科,後期,水,2,134,船橋校舎,基礎物理学実験 {年間隔週}↓連続２時限【年間隔週】
応用情報工学科,後期,水,2,134,船橋校舎,基礎物理学実験 {年間隔週}↓連続２時限【年間隔週】
一般教育,後期,水,2,134,船橋校舎,基礎物理学実験 {年間隔週}↓連続２時限【年間隔週】
海洋建築工学科,後期,水,2,1421,船橋校舎,海洋資源と開発技術
物理学科,後期,水,2,1421,船橋校舎,物理学Ⅱ演習
まちづくり工学科,後期,水,2,1423,船橋校舎,測量学
交通システム工学科,後期,水,2,1424,船橋校舎,都市衛生・防災
交通システム工学科,後期,水,2,1424,船橋校舎,都市衛生・防災
応用情報工学科,後期,水,2,1424,船橋校舎,Ｃプログラミング及び演習↓連続２時限
土木工学科,後期,水,2,143,船橋校舎,基礎物理学実験 {年間隔週}↓連続２時限【年間隔週】
交通システム工学科,後期,水,2,143,船橋校舎,基礎物理学実験 {年間隔週}↓連続２時限【年間隔週】
交通システム工学科,後期,水,2,143,船橋校舎,基礎物理学実験 {年間隔週}↓連続２時限【年間隔週】
建築学科,後期,水,2,143,船橋校舎,基礎物理学実験 {年間隔週}↓連続２時限【年間隔週】
海洋建築工学科,後期,水,2,143,船橋校舎,基礎物理学実験 {年間隔週}↓連続２時限【年間隔週】
機械工学科,後期,水,2,143,船橋校舎,基礎物理学実験 {年間隔週}↓連続２時限【年間隔週】
精密機械工学科,後期,水,2,143,船橋校舎,基礎物理学実験 {年間隔週}↓連続２時限【年間隔週】
航空宇宙工学科,後期,水,2,143,船橋校舎,基礎物理学実験 {年間隔週}↓連続２時限【年間隔週】
電気工学科,後期,水,2,143,船橋校舎,基礎物理学実験 {年間隔週}↓連続２時限【年間隔週】
電子工学科,後期,水,2,143,船橋校舎,基礎物理学実験 {年間隔週}↓連続２時限【年間隔週】
物質応用化学科,後期,水,2,143,船橋校舎,基礎物理学実験 {年間隔週}↓連続２時限【年間隔週】
物理学科,後期,水,2,143,船橋校舎,基礎物理学実験 {年間隔週}↓連続２時限【年間隔週】
数学科,後期,水,2,143,船橋校舎,基礎物理学実験 {年間隔週}↓連続２時限【年間隔週】
まちづくり工学科,後期,水,2,143,船橋校舎,基礎物理学実験 {年間隔週}↓連続２時限【年間隔週】
応用情報工学科,後期,水,2,143,船橋校舎,基礎物理学実験 {年間隔週}↓連続２時限【年間隔週】
一般教育,後期,水,2,143,船橋校舎,基礎物理学実験 {年間隔週}↓連続２時限【年間隔週】
航空宇宙工学科,後期,水,2,1431,船橋校舎,反応性流体力学
数学科,後期,水,2,1432,船橋校舎,力と運動の物理学Ⅱ {1}
数学科,後期,水,2,1433,船橋校舎,力と運動の物理学Ⅱ {2}
建築学科,後期,水,2,1434,船橋校舎,デザイン基礎Ⅱ {1}↓連続３時限
土木工学科,後期,水,2,144,船橋校舎,基礎物理学実験 {年間隔週}↓連続２時限【年間隔週】
交通システム工学科,後期,水,2,144,船橋校舎,基礎物理学実験 {年間隔週}↓連続２時限【年間隔週】
交通システム工学科,後期,水,2,144,船橋校舎,基礎物理学実験 {年間隔週}↓連続２時限【年間隔週】
建築学科,後期,水,2,144,船橋校舎,基礎物理学実験 {年間隔週}↓連続２時限【年間隔週】
海洋建築工学科,後期,水,2,144,船橋校舎,基礎物理学実験 {年間隔週}↓連続２時限【年間隔週】
機械工学科,後期,水,2,144,船橋校舎,基礎物理学実験 {年間隔週}↓連続２時限【年間隔週】
精密機械工学科,後期,水,2,144,船橋校舎,基礎物理学実験 {年間隔週}↓連続２時限【年間隔週】
航空宇宙工学科,後期,水,2,144,船橋校舎,基礎物理学実験 {年間隔週}↓連続２時限【年間隔週】
電気工学科,後期,水,2,144,船橋校舎,基礎物理学実験 {年間隔週}↓連続２時限【年間隔週】
電子工学科,後期,水,2,144,船橋校舎,基礎物理学実験 {年間隔週}↓連続２時限【年間隔週】
物質応用化学科,後期,水,2,144,船橋校舎,基礎物理学実験 {年間隔週}↓連続２時限【年間隔週】
物理学科,後期,水,2,144,船橋校舎,基礎物理学実験 {年間隔週}↓連続２時限【年間隔週】
数学科,後期,水,2,144,船橋校舎,基礎物理学実験 {年間隔週}↓連続２時限【年間隔週】
まちづくり工学科,後期,水,2,144,船橋校舎,基礎物理学実験 {年間隔週}↓連続２時限【年間隔週】
応用情報工学科,後期,水,2,144,船橋校舎,基礎物理学実験 {年間隔週}↓連続２時限【年間隔週】
一般教育,後期,水,2,144,船橋校舎,基礎物理学実験 {年間隔週}↓連続２時限【年間隔週】
交通システム工学科,後期,水,2,1441,船橋校舎,ユニバーサルデザイン
交通システム工学科,後期,水,2,1441,船橋校舎,ユニバーサルデザイン
海洋建築工学科,後期,水,2,1442,船橋校舎,構造力学及び演習Ⅰ↓連続２時限
航空宇宙工学科,後期,水,2,1443,船橋校舎,熱力学Ⅱ及び演習↓連続２時限
応用情報工学科,後期,水,2,1444,船橋校舎,パターン認識
海洋建築工学専攻,後期,水,2,1452,船橋校舎,沿岸防災計画特論
精密機械工学専攻,後期,水,2,1453,船橋校舎,システム工学特論Ⅱ ＊
電子工学専攻,後期,水,2,1454,船橋校舎,制御基礎論
航空宇宙工学専攻,後期,水,2,1455,船橋校舎,応用流体力学特論Ⅱ
情報科学専攻,後期,水,2,1456,船橋校舎,人工知能Ⅱ
電子工学科,後期,水,2,1458,船橋校舎,電磁気学Ⅰ及び演習 {再}{未来}↓連続２時限
建築学科,後期,水,2,14号館製図室,船橋校舎,デザイン基礎Ⅱ {1}↓連続３時限
土木工学科,後期,水,2,341,船橋校舎,基礎化学実験 {年間隔週}↓連続２時限【年間隔週】
交通システム工学科,後期,水,2,341,船橋校舎,基礎化学実験 {年間隔週}↓連続２時限【年間隔週】
交通システム工学科,後期,水,2,341,船橋校舎,基礎化学実験 {年間隔週}↓連続２時限【年間隔週】
建築学科,後期,水,2,341,船橋校舎,基礎化学実験 {年間隔週}↓連続２時限【年間隔週】
海洋建築工学科,後期,水,2,341,船橋校舎,基礎化学実験 {年間隔週}↓連続２時限【年間隔週】
機械工学科,後期,水,2,341,船橋校舎,基礎化学実験 {年間隔週}↓連続２時限【年間隔週】
精密機械工学科,後期,水,2,341,船橋校舎,基礎化学実験 {年間隔週}↓連続２時限【年間隔週】
航空宇宙工学科,後期,水,2,341,船橋校舎,基礎化学実験 {年間隔週}↓連続２時限【年間隔週】
電気工学科,後期,水,2,341,船橋校舎,基礎化学実験 {年間隔週}↓連続２時限【年間隔週】
電子工学科,後期,水,2,341,船橋校舎,基礎化学実験 {年間隔週}↓連続２時限【年間隔週】
物質応用化学科,後期,水,2,341,船橋校舎,基礎化学実験 {年間隔週}↓連続２時限【年間隔週】
物理学科,後期,水,2,341,船橋校舎,基礎化学実験 {年間隔週}↓連続２時限【年間隔週】
数学科,後期,水,2,341,船橋校舎,基礎化学実験 {年間隔週}↓連続２時限【年間隔週】
まちづくり工学科,後期,水,2,341,船橋校舎,基礎化学実験 {年間隔週}↓連続２時限【年間隔週】
応用情報工学科,後期,水,2,341,船橋校舎,基礎化学実験 {年間隔週}↓連続２時限【年間隔週】
一般教育,後期,水,2,341,船橋校舎,基礎化学実験 {年間隔週}↓連続２時限【年間隔週】
土木工学科,後期,水,2,342,船橋校舎,基礎化学実験 {年間隔週}↓連続２時限【年間隔週】
交通システム工学科,後期,水,2,342,船橋校舎,基礎化学実験 {年間隔週}↓連続２時限【年間隔週】
交通システム工学科,後期,水,2,342,船橋校舎,基礎化学実験 {年間隔週}↓連続２時限【年間隔週】
建築学科,後期,水,2,342,船橋校舎,基礎化学実験 {年間隔週}↓連続２時限【年間隔週】
海洋建築工学科,後期,水,2,342,船橋校舎,基礎化学実験 {年間隔週}↓連続２時限【年間隔週】
機械工学科,後期,水,2,342,船橋校舎,基礎化学実験 {年間隔週}↓連続２時限【年間隔週】
精密機械工学科,後期,水,2,342,船橋校舎,基礎化学実験 {年間隔週}↓連続２時限【年間隔週】
航空宇宙工学科,後期,水,2,342,船橋校舎,基礎化学実験 {年間隔週}↓連続２時限【年間隔週】
電気工学科,後期,水,2,342,船橋校舎,基礎化学実験 {年間隔週}↓連続２時限【年間隔週】
電子工学科,後期,水,2,342,船橋校舎,基礎化学実験 {年間隔週}↓連続２時限【年間隔週】
物質応用化学科,後期,水,2,342,船橋校舎,基礎化学実験 {年間隔週}↓連続２時限【年間隔週】
物理学科,後期,水,2,342,船橋校舎,基礎化学実験 {年間隔週}↓連続２時限【年間隔週】
数学科,後期,水,2,342,船橋校舎,基礎化学実験 {年間隔週}↓連続２時限【年間隔週】
まちづくり工学科,後期,水,2,342,船橋校舎,基礎化学実験 {年間隔週}↓連続２時限【年間隔週】
応用情報工学科,後期,水,2,342,船橋校舎,基礎化学実験 {年間隔週}↓連続２時限【年間隔週】
一般教育,後期,水,2,342,船橋校舎,基礎化学実験 {年間隔週}↓連続２時限【年間隔週】
海洋建築工学科,後期,水,2,5号館製図室,船橋校舎,建築計画及び演習↓連続２時限
精密機械工学科,後期,水,2,633,船橋校舎,微分方程式の基礎Ⅱ
土木工学科,後期,水,2,819,船橋校舎,基礎化学実験 {年間隔週}↓連続２時限【年間隔週】
交通システム工学科,後期,水,2,819,船橋校舎,基礎化学実験 {年間隔週}↓連続２時限【年間隔週】
交通システム工学科,後期,水,2,819,船橋校舎,基礎化学実験 {年間隔週}↓連続２時限【年間隔週】
建築学科,後期,水,2,819,船橋校舎,基礎化学実験 {年間隔週}↓連続２時限【年間隔週】
海洋建築工学科,後期,水,2,819,船橋校舎,基礎化学実験 {年間隔週}↓連続２時限【年間隔週】
機械工学科,後期,水,2,819,船橋校舎,基礎化学実験 {年間隔週}↓連続２時限【年間隔週】
精密機械工学科,後期,水,2,819,船橋校舎,基礎化学実験 {年間隔週}↓連続２時限【年間隔週】
航空宇宙工学科,後期,水,2,819,船橋校舎,基礎化学実験 {年間隔週}↓連続２時限【年間隔週】
電気工学科,後期,水,2,819,船橋校舎,基礎化学実験 {年間隔週}↓連続２時限【年間隔週】
電子工学科,後期,水,2,819,船橋校舎,基礎化学実験 {年間隔週}↓連続２時限【年間隔週】
物質応用化学科,後期,水,2,819,船橋校舎,基礎化学実験 {年間隔週}↓連続２時限【年間隔週】
物理学科,後期,水,2,819,船橋校舎,基礎化学実験 {年間隔週}↓連続２時限【年間隔週】
数学科,後期,水,2,819,船橋校舎,基礎化学実験 {年間隔週}↓連続２時限【年間隔週】
まちづくり工学科,後期,水,2,819,船橋校舎,基礎化学実験 {年間隔週}↓連続２時限【年間隔週】
応用情報工学科,後期,水,2,819,船橋校舎,基礎化学実験 {年間隔週}↓連続２時限【年間隔週】
一般教育,後期,水,2,819,船橋校舎,基礎化学実験 {年間隔週}↓連続２時限【年間隔週】
土木工学科,後期,水,2,826,船橋校舎,基礎化学実験 {年間隔週}↓連続２時限【年間隔週】
交通システム工学科,後期,水,2,826,船橋校舎,基礎化学実験 {年間隔週}↓連続２時限【年間隔週】
交通システム工学科,後期,水,2,826,船橋校舎,基礎化学実験 {年間隔週}↓連続２時限【年間隔週】
建築学科,後期,水,2,826,船橋校舎,基礎化学実験 {年間隔週}↓連続２時限【年間隔週】
海洋建築工学科,後期,水,2,826,船橋校舎,基礎化学実験 {年間隔週}↓連続２時限【年間隔週】
機械工学科,後期,水,2,826,船橋校舎,基礎化学実験 {年間隔週}↓連続２時限【年間隔週】
精密機械工学科,後期,水,2,826,船橋校舎,基礎化学実験 {年間隔週}↓連続２時限【年間隔週】
航空宇宙工学科,後期,水,2,826,船橋校舎,基礎化学実験 {年間隔週}↓連続２時限【年間隔週】
電気工学科,後期,水,2,826,船橋校舎,基礎化学実験 {年間隔週}↓連続２時限【年間隔週】
電子工学科,後期,水,2,826,船橋校舎,基礎化学実験 {年間隔週}↓連続２時限【年間隔週】
物質応用化学科,後期,水,2,826,船橋校舎,基礎化学実験 {年間隔週}↓連続２時限【年間隔週】
物理学科,後期,水,2,826,船橋校舎,基礎化学実験 {年間隔週}↓連続２時限【年間隔週】
数学科,後期,水,2,826,船橋校舎,基礎化学実験 {年間隔週}↓連続２時限【年間隔週】
まちづくり工学科,後期,水,2,826,船橋校舎,基礎化学実験 {年間隔週}↓連続２時限【年間隔週】
応用情報工学科,後期,水,2,826,船橋校舎,基礎化学実験 {年間隔週}↓連続２時限【年間隔週】
一般教育,後期,水,2,826,船橋校舎,基礎化学実験 {年間隔週}↓連続２時限【年間隔週】
土木工学科,後期,水,2,829,船橋校舎,基礎化学実験 {年間隔週}↓連続２時限【年間隔週】
交通システム工学科,後期,水,2,829,船橋校舎,基礎化学実験 {年間隔週}↓連続２時限【年間隔週】
交通システム工学科,後期,水,2,829,船橋校舎,基礎化学実験 {年間隔週}↓連続２時限【年間隔週】
建築学科,後期,水,2,829,船橋校舎,基礎化学実験 {年間隔週}↓連続２時限【年間隔週】
海洋建築工学科,後期,水,2,829,船橋校舎,基礎化学実験 {年間隔週}↓連続２時限【年間隔週】
機械工学科,後期,水,2,829,船橋校舎,基礎化学実験 {年間隔週}↓連続２時限【年間隔週】
精密機械工学科,後期,水,2,829,船橋校舎,基礎化学実験 {年間隔週}↓連続２時限【年間隔週】
航空宇宙工学科,後期,水,2,829,船橋校舎,基礎化学実験 {年間隔週}↓連続２時限【年間隔週】
電気工学科,後期,水,2,829,船橋校舎,基礎化学実験 {年間隔週}↓連続２時限【年間隔週】
電子工学科,後期,水,2,829,船橋校舎,基礎化学実験 {年間隔週}↓連続２時限【年間隔週】
物質応用化学科,後期,水,2,829,船橋校舎,基礎化学実験 {年間隔週}↓連続２時限【年間隔週】
物理学科,後期,水,2,829,船橋校舎,基礎化学実験 {年間隔週}↓連続２時限【年間隔週】
数学科,後期,水,2,829,船橋校舎,基礎化学実験 {年間隔週}↓連続２時限【年間隔週】
まちづくり工学科,後期,水,2,829,船橋校舎,基礎化学実験 {年間隔週}↓連続２時限【年間隔週】
応用情報工学科,後期,水,2,829,船橋校舎,基礎化学実験 {年間隔週}↓連続２時限【年間隔週】
一般教育,後期,水,2,829,船橋校舎,基礎化学実験 {年間隔週}↓連続２時限【年間隔週】
土木工学科,後期,水,2,134,駿河台校舎,知的財産権論 {III群}
交通システム工学科,後期,水,2,134,駿河台校舎,知的財産権論 {III群}
交通システム工学科,後期,水,2,134,駿河台校舎,知的財産権論 {III群}
建築学科,後期,水,2,134,駿河台校舎,知的財産権論 {III群}
海洋建築工学科,後期,水,2,134,駿河台校舎,知的財産権論 {III群}
機械工学科,後期,水,2,134,駿河台校舎,知的財産権論 {III群}
精密機械工学科,後期,水,2,134,駿河台校舎,知的財産権論 {III群}
航空宇宙工学科,後期,水,2,134,駿河台校舎,知的財産権論 {III群}
電気工学科,後期,水,2,134,駿河台校舎,知的財産権論 {III群}
電子工学科,後期,水,2,134,駿河台校舎,知的財産権論 {III群}
物質応用化学科,後期,水,2,134,駿河台校舎,知的財産権論 {III群}
物理学科,後期,水,2,134,駿河台校舎,知的財産権論 {III群}
数学科,後期,水,2,134,駿河台校舎,知的財産権論 {III群}
まちづくり工学科,後期,水,2,134,駿河台校舎,知的財産権論 {III群}
応用情報工学科,後期,水,2,134,駿河台校舎,知的財産権論 {III群}
一般教育,後期,水,2,134,駿河台校舎,知的財産権論 {III群}
土木工学科,後期,水,2,143,駿河台校舎,経済学 {I群}
交通システム工学科,後期,水,2,143,駿河台校舎,経済学 {I群}
交通システム工学科,後期,水,2,143,駿河台校舎,経済学 {I群}
建築学科,後期,水,2,143,駿河台校舎,経済学 {I群}
海洋建築工学科,後期,水,2,143,駿河台校舎,経済学 {I群}
機械工学科,後期,水,2,143,駿河台校舎,経済学 {I群}
精密機械工学科,後期,水,2,143,駿河台校舎,経済学 {I群}
航空宇宙工学科,後期,水,2,143,駿河台校舎,経済学 {I群}
電気工学科,後期,水,2,143,駿河台校舎,経済学 {I群}
電子工学科,後期,水,2,143,駿河台校舎,経済学 {I群}
物質応用化学科,後期,水,2,143,駿河台校舎,経済学 {I群}
物理学科,後期,水,2,143,駿河台校舎,経済学 {I群}
数学科,後期,水,2,143,駿河台校舎,経済学 {I群}
まちづくり工学科,後期,水,2,143,駿河台校舎,経済学 {I群}
応用情報工学科,後期,水,2,143,駿河台校舎,経済学 {I群}
一般教育,後期,水,2,143,駿河台校舎,経済学 {I群}
土木工学科,後期,水,2,151,駿河台校舎,応用力学Ⅱ {2}
物質応用化学専攻,後期,水,2,831,駿河台校舎,無機材料化学特論
物理学専攻,後期,水,2,832,駿河台校舎,電磁力学
物質応用化学科,後期,水,2,841,駿河台校舎,分子構造決定法 {A}
物理学専攻,後期,水,2,842,駿河台校舎,場の理論特論Ⅱ {同時開講}
量子理工学専攻,後期,水,2,842,駿河台校舎,場の理論特論Ⅱ {同時開講}
物質応用化学科,後期,水,2,843,駿河台校舎,生命有機化学Ⅰ {A}
物質応用化学科,後期,水,2,851,駿河台校舎,高分子材料 {B}
物質応用化学科,後期,水,2,852,駿河台校舎,量論化学工学Ⅱ {B}
建築学科,後期,水,2,スタジオ（S701,駿河台校舎,建築設計Ⅳ↓連続３時限
土木工学科,後期,水,3,S101,タワースコラ,橋の力学とデザイン
まちづくり工学専攻,後期,水,3,S1201,タワースコラ,都市デザイン特論 ＊
土木工学科,後期,水,3,S201,タワースコラ,English Communication Ⅱ
交通システム工学科,後期,水,3,S201,タワースコラ,English Communication Ⅱ
交通システム工学科,後期,水,3,S201,タワースコラ,English Communication Ⅱ
建築学科,後期,水,3,S201,タワースコラ,English Communication Ⅱ
海洋建築工学科,後期,水,3,S201,タワースコラ,English Communication Ⅱ
機械工学科,後期,水,3,S201,タワースコラ,English Communication Ⅱ
精密機械工学科,後期,水,3,S201,タワースコラ,English Communication Ⅱ
航空宇宙工学科,後期,水,3,S201,タワースコラ,English Communication Ⅱ
電気工学科,後期,水,3,S201,タワースコラ,English Communication Ⅱ
電子工学科,後期,水,3,S201,タワースコラ,English Communication Ⅱ
物質応用化学科,後期,水,3,S201,タワースコラ,English Communication Ⅱ
物理学科,後期,水,3,S201,タワースコラ,English Communication Ⅱ
数学科,後期,水,3,S201,タワースコラ,English Communication Ⅱ
まちづくり工学科,後期,水,3,S201,タワースコラ,English Communication Ⅱ
応用情報工学科,後期,水,3,S201,タワースコラ,English Communication Ⅱ
一般教育,後期,水,3,S201,タワースコラ,English Communication Ⅱ
機械工学科,後期,水,3,S202,タワースコラ,流体力学Ⅱ {B}
電気工学科,後期,水,3,S203,タワースコラ,電気機器Ⅰ {A}
建築学科,後期,水,3,S204,タワースコラ,建築史Ⅱ {1}
建築学科,後期,水,3,S301,タワースコラ,建築構法Ⅰ {2}
電気工学科,後期,水,3,S302,タワースコラ,ｴﾚｸﾄﾛﾆｸｽ計測 {B}
土木工学科,後期,水,3,S304,タワースコラ,英語ⅢB
交通システム工学科,後期,水,3,S304,タワースコラ,英語ⅢB
交通システム工学科,後期,水,3,S304,タワースコラ,英語ⅢB
建築学科,後期,水,3,S304,タワースコラ,英語ⅢB
海洋建築工学科,後期,水,3,S304,タワースコラ,英語ⅢB
機械工学科,後期,水,3,S304,タワースコラ,英語ⅢB
精密機械工学科,後期,水,3,S304,タワースコラ,英語ⅢB
航空宇宙工学科,後期,水,3,S304,タワースコラ,英語ⅢB
電気工学科,後期,水,3,S304,タワースコラ,英語ⅢB
電子工学科,後期,水,3,S304,タワースコラ,英語ⅢB
物質応用化学科,後期,水,3,S304,タワースコラ,英語ⅢB
物理学科,後期,水,3,S304,タワースコラ,英語ⅢB
数学科,後期,水,3,S304,タワースコラ,英語ⅢB
まちづくり工学科,後期,水,3,S304,タワースコラ,英語ⅢB
応用情報工学科,後期,水,3,S304,タワースコラ,英語ⅢB
一般教育,後期,水,3,S304,タワースコラ,英語ⅢB
土木工学専攻,後期,水,3,S305,タワースコラ,社会資本制度特論
機械工学科,後期,水,3,S401,タワースコラ,熱流体工学
土木工学科,後期,水,3,S402,タワースコラ,English Communication Ⅱ
交通システム工学科,後期,水,3,S402,タワースコラ,English Communication Ⅱ
交通システム工学科,後期,水,3,S402,タワースコラ,English Communication Ⅱ
建築学科,後期,水,3,S402,タワースコラ,English Communication Ⅱ
海洋建築工学科,後期,水,3,S402,タワースコラ,English Communication Ⅱ
機械工学科,後期,水,3,S402,タワースコラ,English Communication Ⅱ
精密機械工学科,後期,水,3,S402,タワースコラ,English Communication Ⅱ
航空宇宙工学科,後期,水,3,S402,タワースコラ,English Communication Ⅱ
電気工学科,後期,水,3,S402,タワースコラ,English Communication Ⅱ
電子工学科,後期,水,3,S402,タワースコラ,English Communication Ⅱ
物質応用化学科,後期,水,3,S402,タワースコラ,English Communication Ⅱ
物理学科,後期,水,3,S402,タワースコラ,English Communication Ⅱ
数学科,後期,水,3,S402,タワースコラ,English Communication Ⅱ
まちづくり工学科,後期,水,3,S402,タワースコラ,English Communication Ⅱ
応用情報工学科,後期,水,3,S402,タワースコラ,English Communication Ⅱ
一般教育,後期,水,3,S402,タワースコラ,English Communication Ⅱ
物理学科,後期,水,3,S403,タワースコラ,電磁気学演習↓連続２時限
物理学科,後期,水,3,S404,タワースコラ,電磁気学演習↓連続２時限
まちづくり工学科,後期,水,3,S405,タワースコラ,住宅・都市のユニバーサルデザイン演習↓連続２時限
機械工学専攻,後期,水,3,S406,タワースコラ,流体工学特論Ⅱ
交通システム工学専攻,後期,水,3,S407,タワースコラ,交通流理論
電気工学専攻,後期,水,3,S502,タワースコラ,電子回路ＣＡＤ特論 ＊
数学科,後期,水,3,S504,タワースコラ,数学総合演習
機械工学科,後期,水,3,S505,タワースコラ,熱力学Ⅱ {A}
量子理工学専攻,後期,水,3,S603,タワースコラ,計測工学特論
土木工学科,後期,水,3,S604,タワースコラ,English Communication Ⅱ
交通システム工学科,後期,水,3,S604,タワースコラ,English Communication Ⅱ
交通システム工学科,後期,水,3,S604,タワースコラ,English Communication Ⅱ
建築学科,後期,水,3,S604,タワースコラ,English Communication Ⅱ
海洋建築工学科,後期,水,3,S604,タワースコラ,English Communication Ⅱ
機械工学科,後期,水,3,S604,タワースコラ,English Communication Ⅱ
精密機械工学科,後期,水,3,S604,タワースコラ,English Communication Ⅱ
航空宇宙工学科,後期,水,3,S604,タワースコラ,English Communication Ⅱ
電気工学科,後期,水,3,S604,タワースコラ,English Communication Ⅱ
電子工学科,後期,水,3,S604,タワースコラ,English Communication Ⅱ
物質応用化学科,後期,水,3,S604,タワースコラ,English Communication Ⅱ
物理学科,後期,水,3,S604,タワースコラ,English Communication Ⅱ
数学科,後期,水,3,S604,タワースコラ,English Communication Ⅱ
まちづくり工学科,後期,水,3,S604,タワースコラ,English Communication Ⅱ
応用情報工学科,後期,水,3,S604,タワースコラ,English Communication Ⅱ
一般教育,後期,水,3,S604,タワースコラ,English Communication Ⅱ
建築学科,後期,水,3,S702,タワースコラ,建築設計Ⅳ↓連続３時限
建築学科,後期,水,3,S705）,タワースコラ,建築設計Ⅳ↓連続３時限
まちづくり工学科,後期,水,3,まち製図室１～５,タワースコラ,住宅・都市のユニバーサルデザイン演習↓連続２時限
土木工学科,後期,水,3,1022,船橋校舎,健康の科学
交通システム工学科,後期,水,3,1022,船橋校舎,健康の科学
交通システム工学科,後期,水,3,1022,船橋校舎,健康の科学
建築学科,後期,水,3,1022,船橋校舎,健康の科学
海洋建築工学科,後期,水,3,1022,船橋校舎,健康の科学
機械工学科,後期,水,3,1022,船橋校舎,健康の科学
精密機械工学科,後期,水,3,1022,船橋校舎,健康の科学
航空宇宙工学科,後期,水,3,1022,船橋校舎,健康の科学
電気工学科,後期,水,3,1022,船橋校舎,健康の科学
電子工学科,後期,水,3,1022,船橋校舎,健康の科学
物質応用化学科,後期,水,3,1022,船橋校舎,健康の科学
物理学科,後期,水,3,1022,船橋校舎,健康の科学
数学科,後期,水,3,1022,船橋校舎,健康の科学
まちづくり工学科,後期,水,3,1022,船橋校舎,健康の科学
応用情報工学科,後期,水,3,1022,船橋校舎,健康の科学
一般教育,後期,水,3,1022,船橋校舎,健康の科学
応用情報工学科,後期,水,3,1032,船橋校舎,線形代数学Ⅱ
精密機械工学科,後期,水,3,1033,船橋校舎,工業熱力学
精密機械工学科,後期,水,3,1043,船橋校舎,材料学
電子工学科,後期,水,3,1102,船橋校舎,電子工学実験Ⅰ {1}{未来}↓連続２時限【年間】
物質応用化学科,後期,水,3,1112,船橋校舎,力と運動の物理学Ⅱ {B}
応用情報工学科,後期,水,3,1121,船橋校舎,データ構造とアルゴリズム及び演習【年間】
土木工学科,後期,水,3,1122,船橋校舎,英語ⅡB
交通システム工学科,後期,水,3,1122,船橋校舎,英語ⅡB
交通システム工学科,後期,水,3,1122,船橋校舎,英語ⅡB
建築学科,後期,水,3,1122,船橋校舎,英語ⅡB
海洋建築工学科,後期,水,3,1122,船橋校舎,英語ⅡB
機械工学科,後期,水,3,1122,船橋校舎,英語ⅡB
精密機械工学科,後期,水,3,1122,船橋校舎,英語ⅡB
航空宇宙工学科,後期,水,3,1122,船橋校舎,英語ⅡB
電気工学科,後期,水,3,1122,船橋校舎,英語ⅡB
電子工学科,後期,水,3,1122,船橋校舎,英語ⅡB
物質応用化学科,後期,水,3,1122,船橋校舎,英語ⅡB
物理学科,後期,水,3,1122,船橋校舎,英語ⅡB
数学科,後期,水,3,1122,船橋校舎,英語ⅡB
まちづくり工学科,後期,水,3,1122,船橋校舎,英語ⅡB
応用情報工学科,後期,水,3,1122,船橋校舎,英語ⅡB
一般教育,後期,水,3,1122,船橋校舎,英語ⅡB
土木工学科,後期,水,3,1131,船橋校舎,英語ⅡB
交通システム工学科,後期,水,3,1131,船橋校舎,英語ⅡB
交通システム工学科,後期,水,3,1131,船橋校舎,英語ⅡB
建築学科,後期,水,3,1131,船橋校舎,英語ⅡB
海洋建築工学科,後期,水,3,1131,船橋校舎,英語ⅡB
機械工学科,後期,水,3,1131,船橋校舎,英語ⅡB
精密機械工学科,後期,水,3,1131,船橋校舎,英語ⅡB
航空宇宙工学科,後期,水,3,1131,船橋校舎,英語ⅡB
電気工学科,後期,水,3,1131,船橋校舎,英語ⅡB
電子工学科,後期,水,3,1131,船橋校舎,英語ⅡB
物質応用化学科,後期,水,3,1131,船橋校舎,英語ⅡB
物理学科,後期,水,3,1131,船橋校舎,英語ⅡB
数学科,後期,水,3,1131,船橋校舎,英語ⅡB
まちづくり工学科,後期,水,3,1131,船橋校舎,英語ⅡB
応用情報工学科,後期,水,3,1131,船橋校舎,英語ⅡB
一般教育,後期,水,3,1131,船橋校舎,英語ⅡB
土木工学科,後期,水,3,1132,船橋校舎,英語ⅡB
交通システム工学科,後期,水,3,1132,船橋校舎,英語ⅡB
交通システム工学科,後期,水,3,1132,船橋校舎,英語ⅡB
建築学科,後期,水,3,1132,船橋校舎,英語ⅡB
海洋建築工学科,後期,水,3,1132,船橋校舎,英語ⅡB
機械工学科,後期,水,3,1132,船橋校舎,英語ⅡB
精密機械工学科,後期,水,3,1132,船橋校舎,英語ⅡB
航空宇宙工学科,後期,水,3,1132,船橋校舎,英語ⅡB
電気工学科,後期,水,3,1132,船橋校舎,英語ⅡB
電子工学科,後期,水,3,1132,船橋校舎,英語ⅡB
物質応用化学科,後期,水,3,1132,船橋校舎,英語ⅡB
物理学科,後期,水,3,1132,船橋校舎,英語ⅡB
数学科,後期,水,3,1132,船橋校舎,英語ⅡB
まちづくり工学科,後期,水,3,1132,船橋校舎,英語ⅡB
応用情報工学科,後期,水,3,1132,船橋校舎,英語ⅡB
一般教育,後期,水,3,1132,船橋校舎,英語ⅡB
土木工学科,後期,水,3,1133,船橋校舎,英語ⅡB
交通システム工学科,後期,水,3,1133,船橋校舎,英語ⅡB
交通システム工学科,後期,水,3,1133,船橋校舎,英語ⅡB
建築学科,後期,水,3,1133,船橋校舎,英語ⅡB
海洋建築工学科,後期,水,3,1133,船橋校舎,英語ⅡB
機械工学科,後期,水,3,1133,船橋校舎,英語ⅡB
精密機械工学科,後期,水,3,1133,船橋校舎,英語ⅡB
航空宇宙工学科,後期,水,3,1133,船橋校舎,英語ⅡB
電気工学科,後期,水,3,1133,船橋校舎,英語ⅡB
電子工学科,後期,水,3,1133,船橋校舎,英語ⅡB
物質応用化学科,後期,水,3,1133,船橋校舎,英語ⅡB
物理学科,後期,水,3,1133,船橋校舎,英語ⅡB
数学科,後期,水,3,1133,船橋校舎,英語ⅡB
まちづくり工学科,後期,水,3,1133,船橋校舎,英語ⅡB
応用情報工学科,後期,水,3,1133,船橋校舎,英語ⅡB
一般教育,後期,水,3,1133,船橋校舎,英語ⅡB
土木工学科,後期,水,3,1141,船橋校舎,英語ⅡB
交通システム工学科,後期,水,3,1141,船橋校舎,英語ⅡB
交通システム工学科,後期,水,3,1141,船橋校舎,英語ⅡB
建築学科,後期,水,3,1141,船橋校舎,英語ⅡB
海洋建築工学科,後期,水,3,1141,船橋校舎,英語ⅡB
機械工学科,後期,水,3,1141,船橋校舎,英語ⅡB
精密機械工学科,後期,水,3,1141,船橋校舎,英語ⅡB
航空宇宙工学科,後期,水,3,1141,船橋校舎,英語ⅡB
電気工学科,後期,水,3,1141,船橋校舎,英語ⅡB
電子工学科,後期,水,3,1141,船橋校舎,英語ⅡB
物質応用化学科,後期,水,3,1141,船橋校舎,英語ⅡB
物理学科,後期,水,3,1141,船橋校舎,英語ⅡB
数学科,後期,水,3,1141,船橋校舎,英語ⅡB
まちづくり工学科,後期,水,3,1141,船橋校舎,英語ⅡB
応用情報工学科,後期,水,3,1141,船橋校舎,英語ⅡB
一般教育,後期,水,3,1141,船橋校舎,英語ⅡB
土木工学科,後期,水,3,1142,船橋校舎,英語ⅡB
交通システム工学科,後期,水,3,1142,船橋校舎,英語ⅡB
交通システム工学科,後期,水,3,1142,船橋校舎,英語ⅡB
建築学科,後期,水,3,1142,船橋校舎,英語ⅡB
海洋建築工学科,後期,水,3,1142,船橋校舎,英語ⅡB
機械工学科,後期,水,3,1142,船橋校舎,英語ⅡB
精密機械工学科,後期,水,3,1142,船橋校舎,英語ⅡB
航空宇宙工学科,後期,水,3,1142,船橋校舎,英語ⅡB
電気工学科,後期,水,3,1142,船橋校舎,英語ⅡB
電子工学科,後期,水,3,1142,船橋校舎,英語ⅡB
物質応用化学科,後期,水,3,1142,船橋校舎,英語ⅡB
物理学科,後期,水,3,1142,船橋校舎,英語ⅡB
数学科,後期,水,3,1142,船橋校舎,英語ⅡB
まちづくり工学科,後期,水,3,1142,船橋校舎,英語ⅡB
応用情報工学科,後期,水,3,1142,船橋校舎,英語ⅡB
一般教育,後期,水,3,1142,船橋校舎,英語ⅡB
土木工学科,後期,水,3,1143,船橋校舎,英語ⅡB
交通システム工学科,後期,水,3,1143,船橋校舎,英語ⅡB
交通システム工学科,後期,水,3,1143,船橋校舎,英語ⅡB
建築学科,後期,水,3,1143,船橋校舎,英語ⅡB
海洋建築工学科,後期,水,3,1143,船橋校舎,英語ⅡB
機械工学科,後期,水,3,1143,船橋校舎,英語ⅡB
精密機械工学科,後期,水,3,1143,船橋校舎,英語ⅡB
航空宇宙工学科,後期,水,3,1143,船橋校舎,英語ⅡB
電気工学科,後期,水,3,1143,船橋校舎,英語ⅡB
電子工学科,後期,水,3,1143,船橋校舎,英語ⅡB
物質応用化学科,後期,水,3,1143,船橋校舎,英語ⅡB
物理学科,後期,水,3,1143,船橋校舎,英語ⅡB
数学科,後期,水,3,1143,船橋校舎,英語ⅡB
まちづくり工学科,後期,水,3,1143,船橋校舎,英語ⅡB
応用情報工学科,後期,水,3,1143,船橋校舎,英語ⅡB
一般教育,後期,水,3,1143,船橋校舎,英語ⅡB
応用情報工学科,後期,水,3,1201,船橋校舎,データ構造とアルゴリズム及び演習【年間】
応用情報工学科,後期,水,3,1204,船橋校舎,データ構造とアルゴリズム及び演習【年間】
交通システム工学科,後期,水,3,1325,船橋校舎,都市計画
交通システム工学科,後期,水,3,1325,船橋校舎,都市計画
海洋建築工学科,後期,水,3,1326,船橋校舎,建築デザイン史
土木工学科,後期,水,3,1421,船橋校舎,微分積分学Ⅱ {A}
土木工学科,後期,水,3,1422,船橋校舎,微分積分学Ⅱ {B}
土木工学科,後期,水,3,1423,船橋校舎,測量学Ⅱ {C}
交通システム工学科,後期,水,3,1424,船橋校舎,環境・技術者倫理
交通システム工学科,後期,水,3,1424,船橋校舎,環境・技術者倫理
一般教育,後期,水,3,1431,船橋校舎,教）発達と学習 {数学科用}
電子工学科,後期,水,3,1432,船橋校舎,信号理論基礎
建築学科,後期,水,3,1434,船橋校舎,デザイン基礎Ⅱ {1}↓連続３時限
海洋建築工学科,後期,水,3,1442,船橋校舎,構造力学及び演習Ⅰ↓連続２時限
航空宇宙工学科,後期,水,3,1443,船橋校舎,航空宇宙材料Ⅰ
電子工学科,後期,水,3,1444,船橋校舎,ロボット工学 {共同開講}
応用情報工学科,後期,水,3,1444,船橋校舎,ロボット工学 {共同開講}
海洋建築工学専攻,後期,水,3,1452,船橋校舎,海洋環境マネジメント特論
精密機械工学専攻,後期,水,3,1453,船橋校舎,材料加工学特論Ⅱ ＊
電子工学専攻,後期,水,3,1454,船橋校舎,光工学特論 {同時開講}
情報科学専攻,後期,水,3,1454,船橋校舎,光工学特論 {同時開講}
建築学科,後期,水,3,14号館製図室,船橋校舎,デザイン基礎Ⅱ {1}↓連続３時限
応用情報工学科,後期,水,3,221,船橋校舎,情報工学実験Ⅲ↓連続２時限【年間】
航空宇宙工学科,後期,水,3,633,船橋校舎,基礎製図Ⅱ {未来}↓連続２時限
航空宇宙工学科,後期,水,3,641,船橋校舎,基礎製図Ⅱ {未来}↓連続２時限
航空宇宙工学科,後期,水,3,642,船橋校舎,基礎製図Ⅱ {未来}↓連続２時限
航空宇宙工学科,後期,水,3,644,船橋校舎,基礎製図Ⅱ {未来}↓連続２時限
まちづくり工学科,後期,水,3,測量実習センター演習室B,船橋校舎,測量実習Ⅱ↓連続２時限
精密機械工学科,後期,水,3,階段教室(大),船橋校舎,材料力学Ⅱ
物理学科,後期,水,3,0000,駿河台校舎,物理学実験Ⅰ {未来}↓連続２時限
物理学科,後期,水,3,0000,駿河台校舎,物理学実験Ⅱ {未来}↓連続２時限
物理学科,後期,水,3,0000,駿河台校舎,物理学プロジェクト実験 {未来}↓連続２時限
物理学科,後期,水,3,131,駿河台校舎,統計物理学演習↓連続２時限
物理学科,後期,水,3,132,駿河台校舎,電磁気学演習↓連続２時限
土木工学科,後期,水,3,133,駿河台校舎,英語ⅢB
交通システム工学科,後期,水,3,133,駿河台校舎,英語ⅢB
交通システム工学科,後期,水,3,133,駿河台校舎,英語ⅢB
建築学科,後期,水,3,133,駿河台校舎,英語ⅢB
海洋建築工学科,後期,水,3,133,駿河台校舎,英語ⅢB
機械工学科,後期,水,3,133,駿河台校舎,英語ⅢB
精密機械工学科,後期,水,3,133,駿河台校舎,英語ⅢB
航空宇宙工学科,後期,水,3,133,駿河台校舎,英語ⅢB
電気工学科,後期,水,3,133,駿河台校舎,英語ⅢB
電子工学科,後期,水,3,133,駿河台校舎,英語ⅢB
物質応用化学科,後期,水,3,133,駿河台校舎,英語ⅢB
物理学科,後期,水,3,133,駿河台校舎,英語ⅢB
数学科,後期,水,3,133,駿河台校舎,英語ⅢB
まちづくり工学科,後期,水,3,133,駿河台校舎,英語ⅢB
応用情報工学科,後期,水,3,133,駿河台校舎,英語ⅢB
一般教育,後期,水,3,133,駿河台校舎,英語ⅢB
物理学科,後期,水,3,141,駿河台校舎,統計物理学演習↓連続２時限
物理学科,後期,水,3,142,駿河台校舎,統計物理学演習↓連続２時限
数学科,後期,水,3,143,駿河台校舎,アルゴリズム数理Ｂ
土木工学科,後期,水,3,144,駿河台校舎,応用力学Ⅱ演習 {1}
土木工学科,後期,水,3,151,駿河台校舎,環境汚染学 {2}
一般教育,後期,水,3,154,駿河台校舎,地理学 {III群}
土木工学科,後期,水,3,171,駿河台校舎,英語ⅢB
交通システム工学科,後期,水,3,171,駿河台校舎,英語ⅢB
交通システム工学科,後期,水,3,171,駿河台校舎,英語ⅢB
建築学科,後期,水,3,171,駿河台校舎,英語ⅢB
海洋建築工学科,後期,水,3,171,駿河台校舎,英語ⅢB
機械工学科,後期,水,3,171,駿河台校舎,英語ⅢB
精密機械工学科,後期,水,3,171,駿河台校舎,英語ⅢB
航空宇宙工学科,後期,水,3,171,駿河台校舎,英語ⅢB
電気工学科,後期,水,3,171,駿河台校舎,英語ⅢB
電子工学科,後期,水,3,171,駿河台校舎,英語ⅢB
物質応用化学科,後期,水,3,171,駿河台校舎,英語ⅢB
物理学科,後期,水,3,171,駿河台校舎,英語ⅢB
数学科,後期,水,3,171,駿河台校舎,英語ⅢB
まちづくり工学科,後期,水,3,171,駿河台校舎,英語ⅢB
応用情報工学科,後期,水,3,171,駿河台校舎,英語ⅢB
一般教育,後期,水,3,171,駿河台校舎,英語ⅢB
電気工学科,後期,水,3,805A,駿河台校舎,回路デザイン実験 {A}↓連続２時限
電気工学科,後期,水,3,805A,駿河台校舎,電気工学実験Ⅱ {B}↓連続２時限
電気工学科,後期,水,3,811,駿河台校舎,回路デザイン実験 {A}↓連続２時限
電気工学科,後期,水,3,811,駿河台校舎,電気工学実験Ⅱ {B}↓連続２時限
電気工学科,後期,水,3,812,駿河台校舎,回路デザイン実験 {A}↓連続２時限
電気工学科,後期,水,3,812,駿河台校舎,電気工学実験Ⅱ {B}↓連続２時限
物質応用化学科,後期,水,3,843,駿河台校舎,専門化学実験Ⅳ↓連続３時限
物質応用化学科,後期,水,3,851,駿河台校舎,専門化学実験Ⅳ↓連続３時限
物質応用化学科,後期,水,3,852,駿河台校舎,流動・伝熱操作
建築学科,後期,水,3,スタジオ（S701,駿河台校舎,建築設計Ⅳ↓連続３時限
土木工学科,後期,水,4,S101,タワースコラ,設計システム論
機械工学科,後期,水,4,S202,タワースコラ,熱力学Ⅱ {B}
電気工学科,後期,水,4,S203,タワースコラ,ｴﾚｸﾄﾛﾆｸｽ計測 {A}
建築学科,後期,水,4,S204,タワースコラ,建築構法Ⅰ {1}
建築学科,後期,水,4,S301,タワースコラ,建築史Ⅱ {2}
電気工学科,後期,水,4,S302,タワースコラ,電気機器Ⅰ {B}
数学科,後期,水,4,S304,タワースコラ,数理情報論理学Ｂ {1}
土木工学専攻,後期,水,4,S305,タワースコラ,環境技術・低炭素事業論
数学専攻,後期,水,4,S306,タワースコラ,幾何学特論ⅠB
機械工学科,後期,水,4,S401,タワースコラ,ロボット工学
一般教育,後期,水,4,S402,タワースコラ,English Communication Ⅱ
物理学科,後期,水,4,S403,タワースコラ,電磁気学演習↓連続２時限
物理学科,後期,水,4,S404,タワースコラ,電磁気学演習↓連続２時限
まちづくり工学科,後期,水,4,S405,タワースコラ,住宅・都市のユニバーサルデザイン演習↓連続２時限
建築学専攻,後期,水,4,S406,タワースコラ,建築保存修復学特論
交通システム工学専攻,後期,水,4,S407,タワースコラ,交通システム政策特論
一般教育,後期,水,4,S502,タワースコラ,教）数学科教育法Ⅳ {数学科用}
機械工学科,後期,水,4,S505,タワースコラ,流体力学Ⅱ {A}
機械工学専攻,後期,水,4,S601,タワースコラ,塑性加工学特論Ⅱ
電気工学専攻,後期,水,4,S603,タワースコラ,電子デバイス特論 ＊
建築学科,後期,水,4,S702,タワースコラ,建築設計Ⅳ↓連続３時限
建築学科,後期,水,4,S705）,タワースコラ,建築設計Ⅳ↓連続３時限
まちづくり工学科,後期,水,4,まち製図室１～５,タワースコラ,住宅・都市のユニバーサルデザイン演習↓連続２時限
土木工学科,後期,水,4,1021,船橋校舎,フランス語Ⅱ
交通システム工学科,後期,水,4,1021,船橋校舎,フランス語Ⅱ
交通システム工学科,後期,水,4,1021,船橋校舎,フランス語Ⅱ
建築学科,後期,水,4,1021,船橋校舎,フランス語Ⅱ
海洋建築工学科,後期,水,4,1021,船橋校舎,フランス語Ⅱ
機械工学科,後期,水,4,1021,船橋校舎,フランス語Ⅱ
精密機械工学科,後期,水,4,1021,船橋校舎,フランス語Ⅱ
航空宇宙工学科,後期,水,4,1021,船橋校舎,フランス語Ⅱ
電気工学科,後期,水,4,1021,船橋校舎,フランス語Ⅱ
電子工学科,後期,水,4,1021,船橋校舎,フランス語Ⅱ
物質応用化学科,後期,水,4,1021,船橋校舎,フランス語Ⅱ
物理学科,後期,水,4,1021,船橋校舎,フランス語Ⅱ
数学科,後期,水,4,1021,船橋校舎,フランス語Ⅱ
まちづくり工学科,後期,水,4,1021,船橋校舎,フランス語Ⅱ
応用情報工学科,後期,水,4,1021,船橋校舎,フランス語Ⅱ
一般教育,後期,水,4,1021,船橋校舎,フランス語Ⅱ
土木工学科,後期,水,4,1023,船橋校舎,中国語Ⅱ
交通システム工学科,後期,水,4,1023,船橋校舎,中国語Ⅱ
交通システム工学科,後期,水,4,1023,船橋校舎,中国語Ⅱ
建築学科,後期,水,4,1023,船橋校舎,中国語Ⅱ
海洋建築工学科,後期,水,4,1023,船橋校舎,中国語Ⅱ
機械工学科,後期,水,4,1023,船橋校舎,中国語Ⅱ
精密機械工学科,後期,水,4,1023,船橋校舎,中国語Ⅱ
航空宇宙工学科,後期,水,4,1023,船橋校舎,中国語Ⅱ
電気工学科,後期,水,4,1023,船橋校舎,中国語Ⅱ
電子工学科,後期,水,4,1023,船橋校舎,中国語Ⅱ
物質応用化学科,後期,水,4,1023,船橋校舎,中国語Ⅱ
物理学科,後期,水,4,1023,船橋校舎,中国語Ⅱ
数学科,後期,水,4,1023,船橋校舎,中国語Ⅱ
まちづくり工学科,後期,水,4,1023,船橋校舎,中国語Ⅱ
応用情報工学科,後期,水,4,1023,船橋校舎,中国語Ⅱ
一般教育,後期,水,4,1023,船橋校舎,中国語Ⅱ
土木工学科,後期,水,4,1031,船橋校舎,中国語Ⅱ
交通システム工学科,後期,水,4,1031,船橋校舎,中国語Ⅱ
交通システム工学科,後期,水,4,1031,船橋校舎,中国語Ⅱ
建築学科,後期,水,4,1031,船橋校舎,中国語Ⅱ
海洋建築工学科,後期,水,4,1031,船橋校舎,中国語Ⅱ
機械工学科,後期,水,4,1031,船橋校舎,中国語Ⅱ
精密機械工学科,後期,水,4,1031,船橋校舎,中国語Ⅱ
航空宇宙工学科,後期,水,4,1031,船橋校舎,中国語Ⅱ
電気工学科,後期,水,4,1031,船橋校舎,中国語Ⅱ
電子工学科,後期,水,4,1031,船橋校舎,中国語Ⅱ
物質応用化学科,後期,水,4,1031,船橋校舎,中国語Ⅱ
物理学科,後期,水,4,1031,船橋校舎,中国語Ⅱ
数学科,後期,水,4,1031,船橋校舎,中国語Ⅱ
まちづくり工学科,後期,水,4,1031,船橋校舎,中国語Ⅱ
応用情報工学科,後期,水,4,1031,船橋校舎,中国語Ⅱ
一般教育,後期,水,4,1031,船橋校舎,中国語Ⅱ
土木工学科,後期,水,4,1032,船橋校舎,中国語Ⅱ
交通システム工学科,後期,水,4,1032,船橋校舎,中国語Ⅱ
交通システム工学科,後期,水,4,1032,船橋校舎,中国語Ⅱ
建築学科,後期,水,4,1032,船橋校舎,中国語Ⅱ
海洋建築工学科,後期,水,4,1032,船橋校舎,中国語Ⅱ
機械工学科,後期,水,4,1032,船橋校舎,中国語Ⅱ
精密機械工学科,後期,水,4,1032,船橋校舎,中国語Ⅱ
航空宇宙工学科,後期,水,4,1032,船橋校舎,中国語Ⅱ
電気工学科,後期,水,4,1032,船橋校舎,中国語Ⅱ
電子工学科,後期,水,4,1032,船橋校舎,中国語Ⅱ
物質応用化学科,後期,水,4,1032,船橋校舎,中国語Ⅱ
物理学科,後期,水,4,1032,船橋校舎,中国語Ⅱ
数学科,後期,水,4,1032,船橋校舎,中国語Ⅱ
まちづくり工学科,後期,水,4,1032,船橋校舎,中国語Ⅱ
応用情報工学科,後期,水,4,1032,船橋校舎,中国語Ⅱ
一般教育,後期,水,4,1032,船橋校舎,中国語Ⅱ
精密機械工学科,後期,水,4,1033,船橋校舎,デジタル回路
電気工学科,後期,水,4,1041,船橋校舎,物理学Ⅰ演習
電気工学科,後期,水,4,1042,船橋校舎,物理学Ⅰ演習
精密機械工学科,後期,水,4,1043,船橋校舎,精密機械工学リテラシ
電子工学科,後期,水,4,1102,船橋校舎,電子工学実験Ⅰ {1}{未来}↓連続２時限【年間】
物質応用化学科,後期,水,4,1131,船橋校舎,英語ⅠB
物理学科,後期,水,4,1132,船橋校舎,線形代数学Ⅱ {2}
物理学科,後期,水,4,1133,船橋校舎,線形代数学Ⅱ {1}
物質応用化学科,後期,水,4,1141,船橋校舎,英語ⅠB
物質応用化学科,後期,水,4,1142,船橋校舎,英語ⅠB
物質応用化学科,後期,水,4,1143,船橋校舎,英語ⅠB
精密機械工学科,後期,水,4,1201,船橋校舎,精密機械工学リテラシ
精密機械工学科,後期,水,4,1202,船橋校舎,精密機械工学リテラシ
土木工学科,後期,水,4,1232,船橋校舎,ドイツ語Ⅱ
交通システム工学科,後期,水,4,1232,船橋校舎,ドイツ語Ⅱ
交通システム工学科,後期,水,4,1232,船橋校舎,ドイツ語Ⅱ
建築学科,後期,水,4,1232,船橋校舎,ドイツ語Ⅱ
海洋建築工学科,後期,水,4,1232,船橋校舎,ドイツ語Ⅱ
機械工学科,後期,水,4,1232,船橋校舎,ドイツ語Ⅱ
精密機械工学科,後期,水,4,1232,船橋校舎,ドイツ語Ⅱ
航空宇宙工学科,後期,水,4,1232,船橋校舎,ドイツ語Ⅱ
電気工学科,後期,水,4,1232,船橋校舎,ドイツ語Ⅱ
電子工学科,後期,水,4,1232,船橋校舎,ドイツ語Ⅱ
物質応用化学科,後期,水,4,1232,船橋校舎,ドイツ語Ⅱ
物理学科,後期,水,4,1232,船橋校舎,ドイツ語Ⅱ
数学科,後期,水,4,1232,船橋校舎,ドイツ語Ⅱ
まちづくり工学科,後期,水,4,1232,船橋校舎,ドイツ語Ⅱ
応用情報工学科,後期,水,4,1232,船橋校舎,ドイツ語Ⅱ
一般教育,後期,水,4,1232,船橋校舎,ドイツ語Ⅱ
土木工学科,後期,水,4,1233,船橋校舎,ドイツ語Ⅱ
交通システム工学科,後期,水,4,1233,船橋校舎,ドイツ語Ⅱ
交通システム工学科,後期,水,4,1233,船橋校舎,ドイツ語Ⅱ
建築学科,後期,水,4,1233,船橋校舎,ドイツ語Ⅱ
海洋建築工学科,後期,水,4,1233,船橋校舎,ドイツ語Ⅱ
機械工学科,後期,水,4,1233,船橋校舎,ドイツ語Ⅱ
精密機械工学科,後期,水,4,1233,船橋校舎,ドイツ語Ⅱ
航空宇宙工学科,後期,水,4,1233,船橋校舎,ドイツ語Ⅱ
電気工学科,後期,水,4,1233,船橋校舎,ドイツ語Ⅱ
電子工学科,後期,水,4,1233,船橋校舎,ドイツ語Ⅱ
物質応用化学科,後期,水,4,1233,船橋校舎,ドイツ語Ⅱ
物理学科,後期,水,4,1233,船橋校舎,ドイツ語Ⅱ
数学科,後期,水,4,1233,船橋校舎,ドイツ語Ⅱ
まちづくり工学科,後期,水,4,1233,船橋校舎,ドイツ語Ⅱ
応用情報工学科,後期,水,4,1233,船橋校舎,ドイツ語Ⅱ
一般教育,後期,水,4,1233,船橋校舎,ドイツ語Ⅱ
土木工学科,後期,水,4,1234,船橋校舎,ドイツ語Ⅱ
交通システム工学科,後期,水,4,1234,船橋校舎,ドイツ語Ⅱ
交通システム工学科,後期,水,4,1234,船橋校舎,ドイツ語Ⅱ
建築学科,後期,水,4,1234,船橋校舎,ドイツ語Ⅱ
海洋建築工学科,後期,水,4,1234,船橋校舎,ドイツ語Ⅱ
機械工学科,後期,水,4,1234,船橋校舎,ドイツ語Ⅱ
精密機械工学科,後期,水,4,1234,船橋校舎,ドイツ語Ⅱ
航空宇宙工学科,後期,水,4,1234,船橋校舎,ドイツ語Ⅱ
電気工学科,後期,水,4,1234,船橋校舎,ドイツ語Ⅱ
電子工学科,後期,水,4,1234,船橋校舎,ドイツ語Ⅱ
物質応用化学科,後期,水,4,1234,船橋校舎,ドイツ語Ⅱ
物理学科,後期,水,4,1234,船橋校舎,ドイツ語Ⅱ
数学科,後期,水,4,1234,船橋校舎,ドイツ語Ⅱ
まちづくり工学科,後期,水,4,1234,船橋校舎,ドイツ語Ⅱ
応用情報工学科,後期,水,4,1234,船橋校舎,ドイツ語Ⅱ
一般教育,後期,水,4,1234,船橋校舎,ドイツ語Ⅱ
土木工学科,後期,水,4,1325,船橋校舎,測量学Ⅱ {AB}
海洋建築工学科,後期,水,4,1326,船橋校舎,デザイン演習Ⅱ↓連続２時限
土木工学科,後期,水,4,1421,船橋校舎,微分積分学Ⅱ {C}
交通システム工学科,後期,水,4,1422,船橋校舎,基礎力学Ⅰ
交通システム工学科,後期,水,4,1422,船橋校舎,基礎力学Ⅰ
交通システム工学科,後期,水,4,1424,船橋校舎,交通安全
交通システム工学科,後期,水,4,1424,船橋校舎,交通安全
航空宇宙工学科,後期,水,4,1432,船橋校舎,航空宇宙工学特殊講義
建築学科,後期,水,4,1434,船橋校舎,デザイン基礎Ⅱ {1}↓連続３時限
精密機械工学専攻,後期,水,4,1453,船橋校舎,人間工学特論Ⅱ ＊
電子工学専攻,後期,水,4,1454,船橋校舎,パターン認識特論 {同時開講}
情報科学専攻,後期,水,4,1454,船橋校舎,パターン認識特論 {同時開講}
航空宇宙工学専攻,後期,水,4,1455,船橋校舎,飛行力学特論
建築学科,後期,水,4,14号館製図室,船橋校舎,デザイン基礎Ⅱ {1}↓連続３時限
応用情報工学科,後期,水,4,221,船橋校舎,情報工学実験Ⅲ↓連続２時限【年間】
海洋建築工学科,後期,水,4,521/2/3/4/5/7/8/9/10,船橋校舎,デザイン演習Ⅱ↓連続２時限
航空宇宙工学科,後期,水,4,633,船橋校舎,基礎製図Ⅱ {未来}↓連続２時限
航空宇宙工学科,後期,水,4,641,船橋校舎,基礎製図Ⅱ {未来}↓連続２時限
航空宇宙工学科,後期,水,4,642,船橋校舎,基礎製図Ⅱ {未来}↓連続２時限
航空宇宙工学科,後期,水,4,644,船橋校舎,基礎製図Ⅱ {未来}↓連続２時限
まちづくり工学科,後期,水,4,測量実習センター演習室B,船橋校舎,測量実習Ⅱ↓連続２時限
精密機械工学科,後期,水,4,階段教室(大),船橋校舎,工業力学Ⅱ
物理学科,後期,水,4,0000,駿河台校舎,物理学実験Ⅰ {未来}↓連続２時限
物理学科,後期,水,4,0000,駿河台校舎,物理学実験Ⅱ {未来}↓連続２時限
物理学科,後期,水,4,0000,駿河台校舎,物理学プロジェクト実験 {未来}↓連続２時限
物理学科,後期,水,4,131,駿河台校舎,統計物理学演習↓連続２時限
物理学科,後期,水,4,132,駿河台校舎,電磁気学演習↓連続２時限
物理学科,後期,水,4,141,駿河台校舎,統計物理学演習↓連続２時限
物理学科,後期,水,4,142,駿河台校舎,統計物理学演習↓連続２時限
数学科,後期,水,4,143,駿河台校舎,数理情報論理学Ｂ {2}
土木工学科,後期,水,4,144,駿河台校舎,環境汚染学 {1}
土木工学科,後期,水,4,151,駿河台校舎,応用力学Ⅱ演習 {2}
一般教育,後期,水,4,152,駿河台校舎,微分積分学Ⅱ
電気工学科,後期,水,4,805A,駿河台校舎,回路デザイン実験 {A}↓連続２時限
電気工学科,後期,水,4,805A,駿河台校舎,電気工学実験Ⅱ {B}↓連続２時限
電気工学科,後期,水,4,811,駿河台校舎,回路デザイン実験 {A}↓連続２時限
電気工学科,後期,水,4,811,駿河台校舎,電気工学実験Ⅱ {B}↓連続２時限
電気工学科,後期,水,4,812,駿河台校舎,回路デザイン実験 {A}↓連続２時限
電気工学科,後期,水,4,812,駿河台校舎,電気工学実験Ⅱ {B}↓連続２時限
物質応用化学専攻,後期,水,4,831,駿河台校舎,細胞生物学特論
物質応用化学科,後期,水,4,843,駿河台校舎,専門化学実験Ⅳ↓連続３時限
物質応用化学科,後期,水,4,851,駿河台校舎,専門化学実験Ⅳ↓連続３時限
建築学科,後期,水,4,スタジオ（S701,駿河台校舎,建築設計Ⅳ↓連続３時限
一般教育,後期,水,5,S202,タワースコラ,現代物理学 {III群}
一般教育,後期,水,5,S203,タワースコラ,教）数学科教育法Ⅱ {数学以外}
土木工学科,後期,水,5,S204,タワースコラ,地理学 {2}
土木工学専攻,後期,水,5,S305,タワースコラ,地震応答解析演習
機械工学科,後期,水,5,S401,タワースコラ,ガスタービン
建築学専攻,後期,水,5,S403,タワースコラ,建築構造特論Ⅲ
一般教育,後期,水,5,S504,タワースコラ,文学 {I群}
土木工学科,後期,水,5,S505,タワースコラ,コンクリート工学 {再履修}
電気工学専攻,後期,水,5,S602,タワースコラ,制御工学特論
物理学専攻,後期,水,5,S603,タワースコラ,量子力学特論 同時・ｶﾘ変
量子理工学専攻,後期,水,5,S603,タワースコラ,量子力学特論 {同時・ｶﾘ}
一般教育,後期,水,5,1011,船橋校舎,物理学Ⅰ {再履修}
航空宇宙工学科,後期,水,5,1012,船橋校舎,コンピュータプログラミングⅡ
土木工学科,後期,水,5,1021,船橋校舎,フランス語Ⅱ
交通システム工学科,後期,水,5,1021,船橋校舎,フランス語Ⅱ
交通システム工学科,後期,水,5,1021,船橋校舎,フランス語Ⅱ
建築学科,後期,水,5,1021,船橋校舎,フランス語Ⅱ
海洋建築工学科,後期,水,5,1021,船橋校舎,フランス語Ⅱ
機械工学科,後期,水,5,1021,船橋校舎,フランス語Ⅱ
精密機械工学科,後期,水,5,1021,船橋校舎,フランス語Ⅱ
航空宇宙工学科,後期,水,5,1021,船橋校舎,フランス語Ⅱ
電気工学科,後期,水,5,1021,船橋校舎,フランス語Ⅱ
電子工学科,後期,水,5,1021,船橋校舎,フランス語Ⅱ
物質応用化学科,後期,水,5,1021,船橋校舎,フランス語Ⅱ
物理学科,後期,水,5,1021,船橋校舎,フランス語Ⅱ
数学科,後期,水,5,1021,船橋校舎,フランス語Ⅱ
まちづくり工学科,後期,水,5,1021,船橋校舎,フランス語Ⅱ
応用情報工学科,後期,水,5,1021,船橋校舎,フランス語Ⅱ
一般教育,後期,水,5,1021,船橋校舎,フランス語Ⅱ
土木工学科,後期,水,5,1023,船橋校舎,中国語Ⅱ
交通システム工学科,後期,水,5,1023,船橋校舎,中国語Ⅱ
交通システム工学科,後期,水,5,1023,船橋校舎,中国語Ⅱ
建築学科,後期,水,5,1023,船橋校舎,中国語Ⅱ
海洋建築工学科,後期,水,5,1023,船橋校舎,中国語Ⅱ
機械工学科,後期,水,5,1023,船橋校舎,中国語Ⅱ
精密機械工学科,後期,水,5,1023,船橋校舎,中国語Ⅱ
航空宇宙工学科,後期,水,5,1023,船橋校舎,中国語Ⅱ
電気工学科,後期,水,5,1023,船橋校舎,中国語Ⅱ
電子工学科,後期,水,5,1023,船橋校舎,中国語Ⅱ
物質応用化学科,後期,水,5,1023,船橋校舎,中国語Ⅱ
物理学科,後期,水,5,1023,船橋校舎,中国語Ⅱ
数学科,後期,水,5,1023,船橋校舎,中国語Ⅱ
まちづくり工学科,後期,水,5,1023,船橋校舎,中国語Ⅱ
応用情報工学科,後期,水,5,1023,船橋校舎,中国語Ⅱ
一般教育,後期,水,5,1023,船橋校舎,中国語Ⅱ
土木工学科,後期,水,5,1031,船橋校舎,中国語Ⅱ
交通システム工学科,後期,水,5,1031,船橋校舎,中国語Ⅱ
交通システム工学科,後期,水,5,1031,船橋校舎,中国語Ⅱ
建築学科,後期,水,5,1031,船橋校舎,中国語Ⅱ
海洋建築工学科,後期,水,5,1031,船橋校舎,中国語Ⅱ
機械工学科,後期,水,5,1031,船橋校舎,中国語Ⅱ
精密機械工学科,後期,水,5,1031,船橋校舎,中国語Ⅱ
航空宇宙工学科,後期,水,5,1031,船橋校舎,中国語Ⅱ
電気工学科,後期,水,5,1031,船橋校舎,中国語Ⅱ
電子工学科,後期,水,5,1031,船橋校舎,中国語Ⅱ
物質応用化学科,後期,水,5,1031,船橋校舎,中国語Ⅱ
物理学科,後期,水,5,1031,船橋校舎,中国語Ⅱ
数学科,後期,水,5,1031,船橋校舎,中国語Ⅱ
まちづくり工学科,後期,水,5,1031,船橋校舎,中国語Ⅱ
応用情報工学科,後期,水,5,1031,船橋校舎,中国語Ⅱ
一般教育,後期,水,5,1031,船橋校舎,中国語Ⅱ
土木工学科,後期,水,5,1032,船橋校舎,中国語Ⅱ
交通システム工学科,後期,水,5,1032,船橋校舎,中国語Ⅱ
交通システム工学科,後期,水,5,1032,船橋校舎,中国語Ⅱ
建築学科,後期,水,5,1032,船橋校舎,中国語Ⅱ
海洋建築工学科,後期,水,5,1032,船橋校舎,中国語Ⅱ
機械工学科,後期,水,5,1032,船橋校舎,中国語Ⅱ
精密機械工学科,後期,水,5,1032,船橋校舎,中国語Ⅱ
航空宇宙工学科,後期,水,5,1032,船橋校舎,中国語Ⅱ
電気工学科,後期,水,5,1032,船橋校舎,中国語Ⅱ
電子工学科,後期,水,5,1032,船橋校舎,中国語Ⅱ
物質応用化学科,後期,水,5,1032,船橋校舎,中国語Ⅱ
物理学科,後期,水,5,1032,船橋校舎,中国語Ⅱ
数学科,後期,水,5,1032,船橋校舎,中国語Ⅱ
まちづくり工学科,後期,水,5,1032,船橋校舎,中国語Ⅱ
応用情報工学科,後期,水,5,1032,船橋校舎,中国語Ⅱ
一般教育,後期,水,5,1032,船橋校舎,中国語Ⅱ
一般教育,後期,水,5,1131,船橋校舎,力と運動の物理学Ⅰ {再履修}
一般教育,後期,水,5,1141,船橋校舎,電気と磁気の物理学
一般教育,後期,水,5,1143,船橋校舎,物質の変化と性質
航空宇宙工学科,後期,水,5,1201,船橋校舎,コンピュータプログラミングⅡ
航空宇宙工学科,後期,水,5,1204,船橋校舎,コンピュータプログラミングⅡ
土木工学科,後期,水,5,1232,船橋校舎,ドイツ語Ⅱ
交通システム工学科,後期,水,5,1232,船橋校舎,ドイツ語Ⅱ
交通システム工学科,後期,水,5,1232,船橋校舎,ドイツ語Ⅱ
建築学科,後期,水,5,1232,船橋校舎,ドイツ語Ⅱ
海洋建築工学科,後期,水,5,1232,船橋校舎,ドイツ語Ⅱ
機械工学科,後期,水,5,1232,船橋校舎,ドイツ語Ⅱ
精密機械工学科,後期,水,5,1232,船橋校舎,ドイツ語Ⅱ
航空宇宙工学科,後期,水,5,1232,船橋校舎,ドイツ語Ⅱ
電気工学科,後期,水,5,1232,船橋校舎,ドイツ語Ⅱ
電子工学科,後期,水,5,1232,船橋校舎,ドイツ語Ⅱ
物質応用化学科,後期,水,5,1232,船橋校舎,ドイツ語Ⅱ
物理学科,後期,水,5,1232,船橋校舎,ドイツ語Ⅱ
数学科,後期,水,5,1232,船橋校舎,ドイツ語Ⅱ
まちづくり工学科,後期,水,5,1232,船橋校舎,ドイツ語Ⅱ
応用情報工学科,後期,水,5,1232,船橋校舎,ドイツ語Ⅱ
一般教育,後期,水,5,1232,船橋校舎,ドイツ語Ⅱ
土木工学科,後期,水,5,1233,船橋校舎,ドイツ語Ⅱ
交通システム工学科,後期,水,5,1233,船橋校舎,ドイツ語Ⅱ
交通システム工学科,後期,水,5,1233,船橋校舎,ドイツ語Ⅱ
建築学科,後期,水,5,1233,船橋校舎,ドイツ語Ⅱ
海洋建築工学科,後期,水,5,1233,船橋校舎,ドイツ語Ⅱ
機械工学科,後期,水,5,1233,船橋校舎,ドイツ語Ⅱ
精密機械工学科,後期,水,5,1233,船橋校舎,ドイツ語Ⅱ
航空宇宙工学科,後期,水,5,1233,船橋校舎,ドイツ語Ⅱ
電気工学科,後期,水,5,1233,船橋校舎,ドイツ語Ⅱ
電子工学科,後期,水,5,1233,船橋校舎,ドイツ語Ⅱ
物質応用化学科,後期,水,5,1233,船橋校舎,ドイツ語Ⅱ
物理学科,後期,水,5,1233,船橋校舎,ドイツ語Ⅱ
数学科,後期,水,5,1233,船橋校舎,ドイツ語Ⅱ
まちづくり工学科,後期,水,5,1233,船橋校舎,ドイツ語Ⅱ
応用情報工学科,後期,水,5,1233,船橋校舎,ドイツ語Ⅱ
一般教育,後期,水,5,1233,船橋校舎,ドイツ語Ⅱ
土木工学科,後期,水,5,1234,船橋校舎,ドイツ語Ⅱ
交通システム工学科,後期,水,5,1234,船橋校舎,ドイツ語Ⅱ
交通システム工学科,後期,水,5,1234,船橋校舎,ドイツ語Ⅱ
建築学科,後期,水,5,1234,船橋校舎,ドイツ語Ⅱ
海洋建築工学科,後期,水,5,1234,船橋校舎,ドイツ語Ⅱ
機械工学科,後期,水,5,1234,船橋校舎,ドイツ語Ⅱ
精密機械工学科,後期,水,5,1234,船橋校舎,ドイツ語Ⅱ
航空宇宙工学科,後期,水,5,1234,船橋校舎,ドイツ語Ⅱ
電気工学科,後期,水,5,1234,船橋校舎,ドイツ語Ⅱ
電子工学科,後期,水,5,1234,船橋校舎,ドイツ語Ⅱ
物質応用化学科,後期,水,5,1234,船橋校舎,ドイツ語Ⅱ
物理学科,後期,水,5,1234,船橋校舎,ドイツ語Ⅱ
数学科,後期,水,5,1234,船橋校舎,ドイツ語Ⅱ
まちづくり工学科,後期,水,5,1234,船橋校舎,ドイツ語Ⅱ
応用情報工学科,後期,水,5,1234,船橋校舎,ドイツ語Ⅱ
一般教育,後期,水,5,1234,船橋校舎,ドイツ語Ⅱ
精密機械工学科,後期,水,5,1325,船橋校舎,特別講義
海洋建築工学科,後期,水,5,1326,船橋校舎,デザイン演習Ⅱ↓連続２時限
一般教育,後期,水,5,1421,船橋校舎,教）発達と学習 {数学以外}
一般教育,後期,水,5,1431,船橋校舎,学）博物館資料論
精密機械工学専攻,後期,水,5,1444,船橋校舎,精密機械工学特別講義 ＊
一般教育,後期,水,5,241,船橋校舎,教）情報科教育法Ⅱ
海洋建築工学科,後期,水,5,521/2/3/4/5/7/8/9/10,船橋校舎,デザイン演習Ⅱ↓連続２時限
一般教育,後期,水,5,131,駿河台校舎,数理統計学Ⅱ
一般教育,後期,水,5,143,駿河台校舎,学）生涯学習概論
一般教育,後期,水,5,152,駿河台校舎,数学演習Ⅱ
土木工学科,後期,水,5,154,駿河台校舎,砂防防災工学
物理学専攻,後期,水,5,842,駿河台校舎,科学史特論Ⅱ
物質応用化学科,後期,水,5,843,駿河台校舎,専門化学実験Ⅳ↓連続３時限
物質応用化学科,後期,水,5,851,駿河台校舎,専門化学実験Ⅳ↓連続３時限
一般教育,後期,水,6,S203,タワースコラ,教）代数学Ⅱ
土木工学専攻,後期,水,6,S305,タワースコラ,固体の有限要素法演習
物理学専攻,後期,水,6,S406,タワースコラ,プラズマ物理学特論Ⅱ △
交通システム工学専攻,後期,水,6,S407,タワースコラ,交通システム政策特論
物理学専攻,後期,水,6,S603,タワースコラ,一般相対論Ⅱ △
一般教育,後期,水,6,113,船橋校舎,教）理科教育法Ⅱ
一般教育,後期,水,6,1431,船橋校舎,学）博物館教育論
精密機械工学専攻,後期,水,6,1453,船橋校舎,精密機械工学特別講義
電子工学専攻,後期,水,6,1454,船橋校舎,光工学特論 △{同時}
情報科学専攻,後期,水,6,1454,船橋校舎,光工学特論 △{同時}
航空宇宙工学専攻,後期,水,6,1455,船橋校舎,極限環境材料学 △
機械工学科,後期,火,1,S101,タワースコラ,機械工学実験ⅡB↓連続２時限
機械工学科,後期,火,1,S1704/07/13/16,タワースコラ,機械工学実験ⅡB↓連続２時限
電気工学科,後期,火,1,S203,タワースコラ,回路の過渡応答 {B}
建築学科,後期,火,1,S301,タワースコラ,建築設備Ⅲ
建築学科,後期,火,1,S401,タワースコラ,応用力学Ⅱ {2}
土木工学科,後期,火,1,S405,タワースコラ,土質実験↓連続２時限
電気工学科,後期,火,1,S501,タワースコラ,ｺﾝﾋﾟｭｰﾀｼﾐｭﾚｰｼｮﾝⅠ {A}{ﾊｲ}
数学科,後期,火,1,S504,タワースコラ,複素解析学及び演習Ｂ↓連続２時限
機械工学専攻,後期,火,1,S601,タワースコラ,生産工学特論Ⅱ
電気工学専攻,後期,火,1,S602,タワースコラ,応用物性工学特論
量子理工学専攻,後期,火,1,S603,タワースコラ,量子力学Ⅱ
土木工学科,後期,火,1,1011,船橋校舎,力と運動の物理学Ⅱ {A}
土木工学科,後期,火,1,1012,船橋校舎,力と運動の物理学Ⅱ {B}
土木工学科,後期,火,1,1013,船橋校舎,力と運動の物理学Ⅱ {C}
航空宇宙工学科,後期,火,1,1021,船橋校舎,航空宇宙工学総合演習 {未来}
応用情報工学科,後期,火,1,1022,船橋校舎,人工知能
土木工学科,後期,火,1,1023,船橋校舎,健康の科学
交通システム工学科,後期,火,1,1023,船橋校舎,健康の科学
交通システム工学科,後期,火,1,1023,船橋校舎,健康の科学
建築学科,後期,火,1,1023,船橋校舎,健康の科学
海洋建築工学科,後期,火,1,1023,船橋校舎,健康の科学
機械工学科,後期,火,1,1023,船橋校舎,健康の科学
精密機械工学科,後期,火,1,1023,船橋校舎,健康の科学
航空宇宙工学科,後期,火,1,1023,船橋校舎,健康の科学
電気工学科,後期,火,1,1023,船橋校舎,健康の科学
電子工学科,後期,火,1,1023,船橋校舎,健康の科学
物質応用化学科,後期,火,1,1023,船橋校舎,健康の科学
物理学科,後期,火,1,1023,船橋校舎,健康の科学
数学科,後期,火,1,1023,船橋校舎,健康の科学
まちづくり工学科,後期,火,1,1023,船橋校舎,健康の科学
応用情報工学科,後期,火,1,1023,船橋校舎,健康の科学
一般教育,後期,火,1,1023,船橋校舎,健康の科学
精密機械工学科,後期,火,1,1031,船橋校舎,関数論の基礎Ⅱ
航空宇宙工学科,後期,火,1,1032,船橋校舎,英語ⅠB
まちづくり工学科,後期,火,1,1113,船橋校舎,物質の構造と状態
建築学科,後期,火,1,1131,船橋校舎,英語ⅠB
建築学科,後期,火,1,1132,船橋校舎,英語ⅠB
建築学科,後期,火,1,1133,船橋校舎,英語ⅠB
精密機械工学科,後期,火,1,1141,船橋校舎,線形代数学Ⅱ {1}
精密機械工学科,後期,火,1,1142,船橋校舎,線形代数学Ⅱ {2}
航空宇宙工学科,後期,火,1,1222,船橋校舎,英語ⅠB
建築学科,後期,火,1,1223,船橋校舎,英語ⅠB
交通システム工学科,後期,火,1,1325,船橋校舎,構造力学Ⅰ
交通システム工学科,後期,火,1,1325,船橋校舎,構造力学Ⅰ
海洋建築工学科,後期,火,1,1421,船橋校舎,構造力学及び演習Ⅲ↓連続２時限
交通システム工学科,後期,火,1,1423,船橋校舎,国際コミュニケーション論Ⅰ
交通システム工学科,後期,火,1,1423,船橋校舎,国際コミュニケーション論Ⅰ
交通システム工学科,後期,火,1,1424,船橋校舎,ロジスティクス概論
交通システム工学科,後期,火,1,1424,船橋校舎,ロジスティクス概論
航空宇宙工学科,後期,火,1,1431,船橋校舎,流体力学Ⅱ及び演習↓連続２時限
電気工学科,後期,火,1,1432,船橋校舎,電磁気の基礎 {A}
電気工学科,後期,火,1,1433,船橋校舎,電気回路の基礎 {B}
航空宇宙工学科,後期,火,1,1434,船橋校舎,英語ⅠB
電子工学科,後期,火,1,1441,船橋校舎,通信システム基礎
建築学科,後期,火,1,1444,船橋校舎,英語ⅠB
精密機械工学科,後期,火,1,633,船橋校舎,機械設計製図ⅠB {未来}↓連続２時限
精密機械工学科,後期,火,1,635,船橋校舎,機械設計製図ⅠB {未来}↓連続２時限
精密機械工学科,後期,火,1,641,船橋校舎,機械設計製図ⅠB {未来}↓連続２時限
精密機械工学科,後期,火,1,642,船橋校舎,機械設計製図ⅠB {未来}↓連続２時限
精密機械工学科,後期,火,1,644,船橋校舎,機械設計製図ⅠB {未来}↓連続２時限
土木工学科,後期,火,1,0000,駿河台校舎,材料実験↓連続２時限
土木工学科,後期,火,1,0000,駿河台校舎,水理実験↓連続２時限
土木工学科,後期,火,1,0000,駿河台校舎,水質実験↓連続２時限
物理学科,後期,火,1,141,駿河台校舎,物理学キャリアデザイン
数学科,後期,火,1,144,駿河台校舎,微分積分学Ｄ {2}↓連続２時限
数学科,後期,火,1,152,駿河台校舎,ソフトウェア概論Ｂ {1}↓連続２時限
機械工学科,後期,火,1,701752,駿河台校舎,機械工学実験ⅡB↓連続２時限
物質応用化学科,後期,火,1,843,駿河台校舎,化学熱力学 {B}
物質応用化学科,後期,火,1,851,駿河台校舎,量子化学
物質応用化学科,後期,火,1,852,駿河台校舎,無機化学Ⅱ {A}
機械工学科,後期,火,2,S101,タワースコラ,機械工学実験ⅡB↓連続２時限
まちづくり工学専攻,後期,火,2,S1201,タワースコラ,まちづくり特別講義
機械工学科,後期,火,2,S1704/07/13/16,タワースコラ,機械工学実験ⅡB↓連続２時限
電気工学科,後期,火,2,S202,タワースコラ,回路の過渡応答 {A}
物理学科,後期,火,2,S204,タワースコラ,量子力学Ⅰ
建築学科,後期,火,2,S301,タワースコラ,環境工学Ⅳ
まちづくり工学科,後期,火,2,S302,タワースコラ,都市デザイン
まちづくり工学科,後期,火,2,S304,タワースコラ,歴史・文化とまちづくり
建築学科,後期,火,2,S401,タワースコラ,応用力学演習Ⅱ {2}
建築学専攻,後期,火,2,S403,タワースコラ,建築環境工学特論Ⅲ
土木工学科,後期,火,2,S405,タワースコラ,土質実験↓連続２時限
電気工学科,後期,火,2,S501,タワースコラ,ｺﾝﾋﾟｭｰﾀｼﾐｭﾚｰｼｮﾝⅠ {B}{ﾊｲ}
土木工学専攻,後期,火,2,S502,タワースコラ,空間情報工学特論
数学科,後期,火,2,S504,タワースコラ,複素解析学及び演習Ｂ↓連続２時限
機械工学専攻,後期,火,2,S601,タワースコラ,自動車工学特論Ⅱ
数学専攻,後期,火,2,S602,タワースコラ,幾何学特論ⅡB
量子理工学専攻,後期,火,2,S603,タワースコラ,量子情報科学
電気工学専攻,後期,火,2,S604,タワースコラ,メディカルエレクトロニクス {共同開講}
電子工学専攻,後期,火,2,S604,タワースコラ,メディカルエレクトロニクス {同時開講}
情報科学専攻,後期,火,2,S604,タワースコラ,メディカルエレクトロニクス {同時開講}
建築学科,後期,火,2,S702,タワースコラ,建築設計Ⅱ {1}↓連続３時限
建築学科,後期,火,2,S705）,タワースコラ,建築設計Ⅱ {1}↓連続３時限
一般教育,後期,火,2,1011,船橋校舎,教）教育原論 {数学科用}
電子工学科,後期,火,2,1012,船橋校舎,システム工学 {共同開講}
応用情報工学科,後期,火,2,1012,船橋校舎,システム工学 {共同開講}
電子工学科,後期,火,2,1013,船橋校舎,電子計測システム
航空宇宙工学科,後期,火,2,1021,船橋校舎,電子回路 {未来}
航空宇宙工学科,後期,火,2,1022,船橋校舎,線形代数学Ⅱ {1}
航空宇宙工学科,後期,火,2,1023,船橋校舎,線形代数学Ⅱ {2}
まちづくり工学科,後期,火,2,1131,船橋校舎,英語ⅠB
精密機械工学科,後期,火,2,1133,船橋校舎,英語ⅠB
建築学科,後期,火,2,1141,船橋校舎,微分積分学Ⅱ {A}
建築学科,後期,火,2,1142,船橋校舎,微分積分学Ⅱ {B}
建築学科,後期,火,2,1143,船橋校舎,微分積分学Ⅱ {C}
精密機械工学科,後期,火,2,1202,船橋校舎,コンピュータグラフィクス
電子工学科,後期,火,2,1231,船橋校舎,回路理論Ⅱ {1}{未来}
電子工学科,後期,火,2,1232,船橋校舎,回路理論Ⅱ {2}{未来}
交通システム工学科,後期,火,2,1233,船橋校舎,物理学Ⅱ
交通システム工学科,後期,火,2,1233,船橋校舎,物理学Ⅱ
交通システム工学科,後期,火,2,1325,船橋校舎,構造力学演習
交通システム工学科,後期,火,2,1325,船橋校舎,構造力学演習
海洋建築工学科,後期,火,2,1421,船橋校舎,構造力学及び演習Ⅲ↓連続２時限
応用情報工学科,後期,火,2,1422,船橋校舎,キャリアデザイン入門【後期隔週】
海洋建築工学科,後期,火,2,1423,船橋校舎,海洋空間計画と関連法規
交通システム工学科,後期,火,2,1424,船橋校舎,マーケティング・リサーチ
交通システム工学科,後期,火,2,1424,船橋校舎,マーケティング・リサーチ
航空宇宙工学科,後期,火,2,1431,船橋校舎,流体力学Ⅱ及び演習↓連続２時限
電気工学科,後期,火,2,1432,船橋校舎,電気回路の基礎 {A}
電気工学科,後期,火,2,1433,船橋校舎,電磁気の基礎 {B}
まちづくり工学科,後期,火,2,1434,船橋校舎,英語ⅠB
電子工学科,後期,火,2,1441,船橋校舎,光・電子機能デバイス
精密機械工学科,後期,火,2,1442,船橋校舎,英語ⅠB
まちづくり工学科,後期,火,2,1443,船橋校舎,英語ⅠB
精密機械工学科,後期,火,2,1444,船橋校舎,英語ⅠB
海洋建築工学専攻,後期,火,2,1452,船橋校舎,親水環境計画特論 ＊
航空宇宙工学科,後期,火,2,1453,船橋校舎,ロケットエンジン
電子工学科,後期,火,2,1454,船橋校舎,回路理論Ⅰ {再}{未来}
航空宇宙工学専攻,後期,火,2,1455,船橋校舎,極限環境材料学
精密機械工学科,後期,火,2,633,船橋校舎,機械設計製図ⅠB {未来}↓連続２時限
精密機械工学科,後期,火,2,635,船橋校舎,機械設計製図ⅠB {未来}↓連続２時限
精密機械工学科,後期,火,2,641,船橋校舎,機械設計製図ⅠB {未来}↓連続２時限
精密機械工学科,後期,火,2,642,船橋校舎,機械設計製図ⅠB {未来}↓連続２時限
精密機械工学科,後期,火,2,644,船橋校舎,機械設計製図ⅠB {未来}↓連続２時限
土木工学科,後期,火,2,0000,駿河台校舎,材料実験↓連続２時限
土木工学科,後期,火,2,0000,駿河台校舎,水理実験↓連続２時限
土木工学科,後期,火,2,0000,駿河台校舎,水質実験↓連続２時限
一般教育,後期,火,2,131,駿河台校舎,関数論Ⅱ
物理学科,後期,火,2,141,駿河台校舎,計算物理学
数学科,後期,火,2,144,駿河台校舎,微分積分学Ｄ {2}↓連続２時限
数学科,後期,火,2,152,駿河台校舎,ソフトウェア概論Ｂ {1}↓連続２時限
機械工学科,後期,火,2,154,駿河台校舎,機械工作法Ⅱ
機械工学科,後期,火,2,701752,駿河台校舎,機械工学実験ⅡB↓連続２時限
物質応用化学専攻,後期,火,2,831,駿河台校舎,資源天然物化学特論
物質応用化学科,後期,火,2,843,駿河台校舎,無機化学Ⅱ {B}
物質応用化学科,後期,火,2,851,駿河台校舎,無機材料物性
物質応用化学科,後期,火,2,852,駿河台校舎,化学熱力学 {A}
建築学科,後期,火,2,スタジオ（S701,駿河台校舎,建築設計Ⅱ {1}↓連続３時限
機械工学科,後期,火,3,S101,タワースコラ,機械工学実験ⅠB {A}↓連続２時限
機械工学科,後期,火,3,S101,タワースコラ,機械工学実験ⅠA {B}↓連続２時限
機械工学科,後期,火,3,S101,タワースコラ,機械工学実験ⅡB↓連続２時限
まちづくり工学専攻,後期,火,3,S1201,タワースコラ,健康・医療とまちづくり特論
機械工学科,後期,火,3,S1704/07/13/16,タワースコラ,機械工学実験ⅡB↓連続２時限
電気工学科,後期,火,3,S202,タワースコラ,電子回路Ⅰ {A}
土木工学科,後期,火,3,S203,タワースコラ,景観・デザイン {1}
土木工学科,後期,火,3,S204,タワースコラ,景観・デザイン {1}
電気工学科,後期,火,3,S301,タワースコラ,電子回路Ⅰ {B}
建築学科,後期,火,3,S302,タワースコラ,対地震構造
建築学科,後期,火,3,S401,タワースコラ,環境工学Ⅱ {2}
物理学専攻,後期,火,3,S403,タワースコラ,数理情報学特論
量子理工学専攻,後期,火,3,S406,タワースコラ,非線形物理学
土木工学科,後期,火,3,S501,タワースコラ,プログラミングⅡ {2}
建築学科,後期,火,3,S502,タワースコラ,対地震構造
数学科,後期,火,3,S504,タワースコラ,現代解析学Ⅱ
電気工学科,後期,火,3,S505,タワースコラ,発変電工学Ⅰ
機械工学専攻,後期,火,3,S601,タワースコラ,弾塑性学Ⅱ
電気工学専攻,後期,火,3,S602,タワースコラ,物性科学特論
建築学科,後期,火,3,S702,タワースコラ,建築設計Ⅱ {1}↓連続３時限
建築学科,後期,火,3,S705）,タワースコラ,建築設計Ⅱ {1}↓連続３時限
電気工学科,後期,火,3,1011,船橋校舎,英語ⅠB
土木工学科,後期,火,3,1012,船橋校舎,倫理学 {I群}
交通システム工学科,後期,火,3,1012,船橋校舎,倫理学 {I群}
交通システム工学科,後期,火,3,1012,船橋校舎,倫理学 {I群}
建築学科,後期,火,3,1012,船橋校舎,倫理学 {I群}
海洋建築工学科,後期,火,3,1012,船橋校舎,倫理学 {I群}
機械工学科,後期,火,3,1012,船橋校舎,倫理学 {I群}
精密機械工学科,後期,火,3,1012,船橋校舎,倫理学 {I群}
航空宇宙工学科,後期,火,3,1012,船橋校舎,倫理学 {I群}
電気工学科,後期,火,3,1012,船橋校舎,倫理学 {I群}
電子工学科,後期,火,3,1012,船橋校舎,倫理学 {I群}
物質応用化学科,後期,火,3,1012,船橋校舎,倫理学 {I群}
物理学科,後期,火,3,1012,船橋校舎,倫理学 {I群}
数学科,後期,火,3,1012,船橋校舎,倫理学 {I群}
まちづくり工学科,後期,火,3,1012,船橋校舎,倫理学 {I群}
応用情報工学科,後期,火,3,1012,船橋校舎,倫理学 {I群}
一般教育,後期,火,3,1012,船橋校舎,倫理学 {I群}
土木工学科,後期,火,3,1013,船橋校舎,科学技術史 {III群}
交通システム工学科,後期,火,3,1013,船橋校舎,科学技術史 {III群}
交通システム工学科,後期,火,3,1013,船橋校舎,科学技術史 {III群}
建築学科,後期,火,3,1013,船橋校舎,科学技術史 {III群}
海洋建築工学科,後期,火,3,1013,船橋校舎,科学技術史 {III群}
機械工学科,後期,火,3,1013,船橋校舎,科学技術史 {III群}
精密機械工学科,後期,火,3,1013,船橋校舎,科学技術史 {III群}
航空宇宙工学科,後期,火,3,1013,船橋校舎,科学技術史 {III群}
電気工学科,後期,火,3,1013,船橋校舎,科学技術史 {III群}
電子工学科,後期,火,3,1013,船橋校舎,科学技術史 {III群}
物質応用化学科,後期,火,3,1013,船橋校舎,科学技術史 {III群}
物理学科,後期,火,3,1013,船橋校舎,科学技術史 {III群}
数学科,後期,火,3,1013,船橋校舎,科学技術史 {III群}
まちづくり工学科,後期,火,3,1013,船橋校舎,科学技術史 {III群}
応用情報工学科,後期,火,3,1013,船橋校舎,科学技術史 {III群}
一般教育,後期,火,3,1013,船橋校舎,科学技術史 {III群}
土木工学科,後期,火,3,1021,船橋校舎,ことばと文化 {I群}
交通システム工学科,後期,火,3,1021,船橋校舎,ことばと文化 {I群}
交通システム工学科,後期,火,3,1021,船橋校舎,ことばと文化 {I群}
建築学科,後期,火,3,1021,船橋校舎,ことばと文化 {I群}
海洋建築工学科,後期,火,3,1021,船橋校舎,ことばと文化 {I群}
機械工学科,後期,火,3,1021,船橋校舎,ことばと文化 {I群}
精密機械工学科,後期,火,3,1021,船橋校舎,ことばと文化 {I群}
航空宇宙工学科,後期,火,3,1021,船橋校舎,ことばと文化 {I群}
電気工学科,後期,火,3,1021,船橋校舎,ことばと文化 {I群}
電子工学科,後期,火,3,1021,船橋校舎,ことばと文化 {I群}
物質応用化学科,後期,火,3,1021,船橋校舎,ことばと文化 {I群}
物理学科,後期,火,3,1021,船橋校舎,ことばと文化 {I群}
数学科,後期,火,3,1021,船橋校舎,ことばと文化 {I群}
まちづくり工学科,後期,火,3,1021,船橋校舎,ことばと文化 {I群}
応用情報工学科,後期,火,3,1021,船橋校舎,ことばと文化 {I群}
一般教育,後期,火,3,1021,船橋校舎,ことばと文化 {I群}
土木工学科,後期,火,3,1022,船橋校舎,法学 {I群}
交通システム工学科,後期,火,3,1022,船橋校舎,法学 {I群}
交通システム工学科,後期,火,3,1022,船橋校舎,法学 {I群}
建築学科,後期,火,3,1022,船橋校舎,法学 {I群}
海洋建築工学科,後期,火,3,1022,船橋校舎,法学 {I群}
機械工学科,後期,火,3,1022,船橋校舎,法学 {I群}
精密機械工学科,後期,火,3,1022,船橋校舎,法学 {I群}
航空宇宙工学科,後期,火,3,1022,船橋校舎,法学 {I群}
電気工学科,後期,火,3,1022,船橋校舎,法学 {I群}
電子工学科,後期,火,3,1022,船橋校舎,法学 {I群}
物質応用化学科,後期,火,3,1022,船橋校舎,法学 {I群}
物理学科,後期,火,3,1022,船橋校舎,法学 {I群}
数学科,後期,火,3,1022,船橋校舎,法学 {I群}
まちづくり工学科,後期,火,3,1022,船橋校舎,法学 {I群}
応用情報工学科,後期,火,3,1022,船橋校舎,法学 {I群}
一般教育,後期,火,3,1022,船橋校舎,法学 {I群}
土木工学科,後期,火,3,1023,船橋校舎,経済学 {I群}
交通システム工学科,後期,火,3,1023,船橋校舎,経済学 {I群}
交通システム工学科,後期,火,3,1023,船橋校舎,経済学 {I群}
建築学科,後期,火,3,1023,船橋校舎,経済学 {I群}
海洋建築工学科,後期,火,3,1023,船橋校舎,経済学 {I群}
機械工学科,後期,火,3,1023,船橋校舎,経済学 {I群}
精密機械工学科,後期,火,3,1023,船橋校舎,経済学 {I群}
航空宇宙工学科,後期,火,3,1023,船橋校舎,経済学 {I群}
電気工学科,後期,火,3,1023,船橋校舎,経済学 {I群}
電子工学科,後期,火,3,1023,船橋校舎,経済学 {I群}
物質応用化学科,後期,火,3,1023,船橋校舎,経済学 {I群}
物理学科,後期,火,3,1023,船橋校舎,経済学 {I群}
数学科,後期,火,3,1023,船橋校舎,経済学 {I群}
まちづくり工学科,後期,火,3,1023,船橋校舎,経済学 {I群}
応用情報工学科,後期,火,3,1023,船橋校舎,経済学 {I群}
一般教育,後期,火,3,1023,船橋校舎,経済学 {I群}
土木工学科,後期,火,3,1031,船橋校舎,哲学 {II群}
交通システム工学科,後期,火,3,1031,船橋校舎,哲学 {II群}
交通システム工学科,後期,火,3,1031,船橋校舎,哲学 {II群}
建築学科,後期,火,3,1031,船橋校舎,哲学 {II群}
海洋建築工学科,後期,火,3,1031,船橋校舎,哲学 {II群}
機械工学科,後期,火,3,1031,船橋校舎,哲学 {II群}
精密機械工学科,後期,火,3,1031,船橋校舎,哲学 {II群}
航空宇宙工学科,後期,火,3,1031,船橋校舎,哲学 {II群}
電気工学科,後期,火,3,1031,船橋校舎,哲学 {II群}
電子工学科,後期,火,3,1031,船橋校舎,哲学 {II群}
物質応用化学科,後期,火,3,1031,船橋校舎,哲学 {II群}
物理学科,後期,火,3,1031,船橋校舎,哲学 {II群}
数学科,後期,火,3,1031,船橋校舎,哲学 {II群}
まちづくり工学科,後期,火,3,1031,船橋校舎,哲学 {II群}
応用情報工学科,後期,火,3,1031,船橋校舎,哲学 {II群}
一般教育,後期,火,3,1031,船橋校舎,哲学 {II群}
土木工学科,後期,火,3,1032,船橋校舎,感性芸術学 {II群}
交通システム工学科,後期,火,3,1032,船橋校舎,感性芸術学 {II群}
交通システム工学科,後期,火,3,1032,船橋校舎,感性芸術学 {II群}
建築学科,後期,火,3,1032,船橋校舎,感性芸術学 {II群}
海洋建築工学科,後期,火,3,1032,船橋校舎,感性芸術学 {II群}
機械工学科,後期,火,3,1032,船橋校舎,感性芸術学 {II群}
精密機械工学科,後期,火,3,1032,船橋校舎,感性芸術学 {II群}
航空宇宙工学科,後期,火,3,1032,船橋校舎,感性芸術学 {II群}
電気工学科,後期,火,3,1032,船橋校舎,感性芸術学 {II群}
電子工学科,後期,火,3,1032,船橋校舎,感性芸術学 {II群}
物質応用化学科,後期,火,3,1032,船橋校舎,感性芸術学 {II群}
物理学科,後期,火,3,1032,船橋校舎,感性芸術学 {II群}
数学科,後期,火,3,1032,船橋校舎,感性芸術学 {II群}
まちづくり工学科,後期,火,3,1032,船橋校舎,感性芸術学 {II群}
応用情報工学科,後期,火,3,1032,船橋校舎,感性芸術学 {II群}
一般教育,後期,火,3,1032,船橋校舎,感性芸術学 {II群}
土木工学科,後期,火,3,1033,船橋校舎,技術者倫理 {III群}
交通システム工学科,後期,火,3,1033,船橋校舎,技術者倫理 {III群}
交通システム工学科,後期,火,3,1033,船橋校舎,技術者倫理 {III群}
建築学科,後期,火,3,1033,船橋校舎,技術者倫理 {III群}
海洋建築工学科,後期,火,3,1033,船橋校舎,技術者倫理 {III群}
機械工学科,後期,火,3,1033,船橋校舎,技術者倫理 {III群}
精密機械工学科,後期,火,3,1033,船橋校舎,技術者倫理 {III群}
航空宇宙工学科,後期,火,3,1033,船橋校舎,技術者倫理 {III群}
電気工学科,後期,火,3,1033,船橋校舎,技術者倫理 {III群}
電子工学科,後期,火,3,1033,船橋校舎,技術者倫理 {III群}
物質応用化学科,後期,火,3,1033,船橋校舎,技術者倫理 {III群}
物理学科,後期,火,3,1033,船橋校舎,技術者倫理 {III群}
数学科,後期,火,3,1033,船橋校舎,技術者倫理 {III群}
まちづくり工学科,後期,火,3,1033,船橋校舎,技術者倫理 {III群}
応用情報工学科,後期,火,3,1033,船橋校舎,技術者倫理 {III群}
一般教育,後期,火,3,1033,船橋校舎,技術者倫理 {III群}
土木工学科,後期,火,3,1041,船橋校舎,日本語表現の基礎 {II群}
交通システム工学科,後期,火,3,1041,船橋校舎,日本語表現の基礎 {II群}
交通システム工学科,後期,火,3,1041,船橋校舎,日本語表現の基礎 {II群}
建築学科,後期,火,3,1041,船橋校舎,日本語表現の基礎 {II群}
海洋建築工学科,後期,火,3,1041,船橋校舎,日本語表現の基礎 {II群}
機械工学科,後期,火,3,1041,船橋校舎,日本語表現の基礎 {II群}
精密機械工学科,後期,火,3,1041,船橋校舎,日本語表現の基礎 {II群}
航空宇宙工学科,後期,火,3,1041,船橋校舎,日本語表現の基礎 {II群}
電気工学科,後期,火,3,1041,船橋校舎,日本語表現の基礎 {II群}
電子工学科,後期,火,3,1041,船橋校舎,日本語表現の基礎 {II群}
物質応用化学科,後期,火,3,1041,船橋校舎,日本語表現の基礎 {II群}
物理学科,後期,火,3,1041,船橋校舎,日本語表現の基礎 {II群}
数学科,後期,火,3,1041,船橋校舎,日本語表現の基礎 {II群}
まちづくり工学科,後期,火,3,1041,船橋校舎,日本語表現の基礎 {II群}
応用情報工学科,後期,火,3,1041,船橋校舎,日本語表現の基礎 {II群}
一般教育,後期,火,3,1041,船橋校舎,日本語表現の基礎 {II群}
土木工学科,後期,火,3,1042,船橋校舎,科学技術と人間 {III群}
交通システム工学科,後期,火,3,1042,船橋校舎,科学技術と人間 {III群}
交通システム工学科,後期,火,3,1042,船橋校舎,科学技術と人間 {III群}
建築学科,後期,火,3,1042,船橋校舎,科学技術と人間 {III群}
海洋建築工学科,後期,火,3,1042,船橋校舎,科学技術と人間 {III群}
機械工学科,後期,火,3,1042,船橋校舎,科学技術と人間 {III群}
精密機械工学科,後期,火,3,1042,船橋校舎,科学技術と人間 {III群}
航空宇宙工学科,後期,火,3,1042,船橋校舎,科学技術と人間 {III群}
電気工学科,後期,火,3,1042,船橋校舎,科学技術と人間 {III群}
電子工学科,後期,火,3,1042,船橋校舎,科学技術と人間 {III群}
物質応用化学科,後期,火,3,1042,船橋校舎,科学技術と人間 {III群}
物理学科,後期,火,3,1042,船橋校舎,科学技術と人間 {III群}
数学科,後期,火,3,1042,船橋校舎,科学技術と人間 {III群}
まちづくり工学科,後期,火,3,1042,船橋校舎,科学技術と人間 {III群}
応用情報工学科,後期,火,3,1042,船橋校舎,科学技術と人間 {III群}
一般教育,後期,火,3,1042,船橋校舎,科学技術と人間 {III群}
一般教育,後期,火,3,1043,船橋校舎,自然環境論
電子工学科,後期,火,3,1103,船橋校舎,電子工学実験Ⅲ {未来}↓連続２時限【年間】
電気工学科,後期,火,3,1131,船橋校舎,英語ⅠB
航空宇宙工学科,後期,火,3,1132,船橋校舎,物理学Ⅱ {1}
航空宇宙工学科,後期,火,3,1133,船橋校舎,物理学Ⅱ {2}
建築学科,後期,火,3,1142,船橋校舎,線形代数学Ⅱ {1}
建築学科,後期,火,3,1143,船橋校舎,線形代数学Ⅱ {2}
交通システム工学科,後期,火,3,1211,船橋校舎,ゼミナール【年間】
交通システム工学科,後期,火,3,1211,船橋校舎,ゼミナール【年間】
精密機械工学科,後期,火,3,1214,船橋校舎,電気電子実験Ⅰ {1}{未来}↓連続２時限
まちづくり工学科,後期,火,3,1231,船橋校舎,力と運動の物理学Ⅱ
まちづくり工学科,後期,火,3,1232,船橋校舎,力と運動の物理学Ⅱ
電気工学科,後期,火,3,1233,船橋校舎,英語ⅠB
電気工学科,後期,火,3,1234,船橋校舎,英語ⅠB
精密機械工学科,後期,火,3,1325,船橋校舎,制御システム
海洋建築工学科,後期,火,3,1421,船橋校舎,建築環境工学
精密機械工学科,後期,火,3,1422,船橋校舎,物理学Ⅱ {1}
精密機械工学科,後期,火,3,1423,船橋校舎,物理学Ⅱ {2}
交通システム工学科,後期,火,3,1424,船橋校舎,ゼミナール【年間】
交通システム工学科,後期,火,3,1424,船橋校舎,ゼミナール【年間】
海洋建築工学科,後期,火,3,1434,船橋校舎,振動工学
交通システム工学科,後期,火,3,1442,船橋校舎,English Communication Ⅱ
交通システム工学科,後期,火,3,1442,船橋校舎,English Communication Ⅱ
応用情報工学科,後期,火,3,1443,船橋校舎,マネジメント工学
航空宇宙工学科,後期,火,3,1444,船橋校舎,航空機構造設計製図 {未来}↓連続２時限
海洋建築工学専攻,後期,火,3,1452,船橋校舎,海洋建築ユニバーサルデザイン特論
電子工学専攻,後期,火,3,1454,船橋校舎,通信制御特論
航空宇宙工学専攻,後期,火,3,1455,船橋校舎,航空宇宙推進工学特論Ⅱ
情報科学専攻,後期,火,3,1456,船橋校舎,人工心システム特論Ⅱ
航空宇宙工学科,後期,火,3,1457,船橋校舎,航空宇宙工学実験Ⅰ {夏季あり}↓連続２時限【年間】
航空宇宙工学科,後期,火,3,1458,船橋校舎,航空宇宙工学実験Ⅰ {夏季あり}↓連続２時限【年間】
応用情報工学科,後期,火,3,221,船橋校舎,情報工学実験Ⅱ↓連続２時限【年間】
応用情報工学科,後期,火,3,241,船橋校舎,マネジメント工学
航空宇宙工学科,後期,火,3,341,船橋校舎,航空宇宙工学実験Ⅰ {夏季あり}↓連続２時限【年間】
航空宇宙工学科,後期,火,3,342,船橋校舎,航空宇宙工学実験Ⅰ {夏季あり}↓連続２時限【年間】
電子工学科,後期,火,3,403,船橋校舎,電子工学実験Ⅱ {2}{未来}↓連続２時限【年間】
交通システム工学科,後期,火,3,624,船橋校舎,物理学Ⅱ演習
交通システム工学科,後期,火,3,624,船橋校舎,物理学Ⅱ演習
交通システム工学科,後期,火,3,625,船橋校舎,物理学Ⅱ演習
交通システム工学科,後期,火,3,625,船橋校舎,物理学Ⅱ演習
航空宇宙工学科,後期,火,3,633,船橋校舎,航空機構造設計製図 {未来}↓連続２時限
交通システム工学科,後期,火,3,634,船橋校舎,物理学Ⅱ演習
交通システム工学科,後期,火,3,634,船橋校舎,物理学Ⅱ演習
交通システム工学科,後期,火,3,635,船橋校舎,物理学Ⅱ演習
交通システム工学科,後期,火,3,635,船橋校舎,物理学Ⅱ演習
航空宇宙工学科,後期,火,3,641,船橋校舎,航空機構造設計製図 {未来}↓連続２時限
航空宇宙工学科,後期,火,3,642,船橋校舎,航空機構造設計製図 {未来}↓連続２時限
航空宇宙工学科,後期,火,3,644,船橋校舎,航空機構造設計製図 {未来}↓連続２時限
精密機械工学科,後期,火,3,精密各実験室,船橋校舎,電気電子実験Ⅰ {1}{未来}↓連続２時限
精密機械工学科,後期,火,3,精密実験実験室,船橋校舎,機械実験Ⅰ {2}{未来}↓連続２時限
土木工学科,後期,火,3,0000,駿河台校舎,土質実験↓連続２時限
土木工学科,後期,火,3,0000,駿河台校舎,材料実験↓連続２時限
物理学科,後期,火,3,131,駿河台校舎,統計物理学Ⅱ
物理学科,後期,火,3,141,駿河台校舎,相対論
数学科,後期,火,3,144,駿河台校舎,代数学幾何学Ｄ {1}↓連続２時限
数学科,後期,火,3,152,駿河台校舎,ソフトウェア概論Ｂ {2}↓連続２時限
機械工学科,後期,火,3,154,駿河台校舎,機械工作法Ⅱ {再履修}
機械工学科,後期,火,3,701752,駿河台校舎,機械工学実験ⅡB↓連続２時限
機械工学科,後期,火,3,705,駿河台校舎,機械工学実験ⅠB {A}↓連続２時限
機械工学科,後期,火,3,705,駿河台校舎,機械工学実験ⅠA {B}↓連続２時限
機械工学科,後期,火,3,751,駿河台校舎,機械工学実験ⅠB {A}↓連続２時限
機械工学科,後期,火,3,751,駿河台校舎,機械工学実験ⅠA {B}↓連続２時限
機械工学科,後期,火,3,752,駿河台校舎,機械工学実験ⅠB {A}↓連続２時限
機械工学科,後期,火,3,752,駿河台校舎,機械工学実験ⅠA {B}↓連続２時限
物質応用化学専攻,後期,火,3,831,駿河台校舎,応用化学特別講義Ⅱ ＊
物質応用化学科,後期,火,3,843,駿河台校舎,専門化学実験Ⅲ↓連続３時限
物質応用化学科,後期,火,3,851,駿河台校舎,専門化学実験Ⅲ↓連続３時限
物質応用化学科,後期,火,3,852,駿河台校舎,生活の生命科学
建築学科,後期,火,3,スタジオ（S701,駿河台校舎,建築設計Ⅱ {1}↓連続３時限
機械工学科,後期,火,4,S101,タワースコラ,機械工学実験ⅠB {A}↓連続２時限
機械工学科,後期,火,4,S101,タワースコラ,機械工学実験ⅠA {B}↓連続２時限
機械工学科,後期,火,4,S101,タワースコラ,機械工学実験ⅡB↓連続２時限
機械工学科,後期,火,4,S1704/07/13/16,タワースコラ,機械工学実験ⅡB↓連続２時限
数学科,後期,火,4,S202,タワースコラ,数学総合演習
土木工学科,後期,火,4,S203,タワースコラ,景観・デザイン {2}
土木工学科,後期,火,4,S204,タワースコラ,景観・デザイン {2}
建築学科,後期,火,4,S301,タワースコラ,鉄筋コンクリート構造Ⅱ
電気工学科,後期,火,4,S302,タワースコラ,半導体デバイスの基礎
まちづくり工学科,後期,火,4,S304,タワースコラ,ウォーターフロント計画
数学専攻,後期,火,4,S306,タワースコラ,代数学特論ⅡB
建築学科,後期,火,4,S401,タワースコラ,環境工学演習Ⅱ {2}
土木工学科,後期,火,4,S501,タワースコラ,プログラミングⅡ {1}
数学科,後期,火,4,S504,タワースコラ,離散数学Ｂ
電気工学科,後期,火,4,S505,タワースコラ,先端材料工学
機械工学専攻,後期,火,4,S601,タワースコラ,塑性力学特論Ⅱ
建築学科,後期,火,4,S702,タワースコラ,建築設計Ⅱ {1}↓連続３時限
建築学科,後期,火,4,S705）,タワースコラ,建築設計Ⅱ {1}↓連続３時限
土木工学科,後期,火,4,1011,船橋校舎,心理学 {II群}
交通システム工学科,後期,火,4,1011,船橋校舎,心理学 {II群}
交通システム工学科,後期,火,4,1011,船橋校舎,心理学 {II群}
建築学科,後期,火,4,1011,船橋校舎,心理学 {II群}
海洋建築工学科,後期,火,4,1011,船橋校舎,心理学 {II群}
機械工学科,後期,火,4,1011,船橋校舎,心理学 {II群}
精密機械工学科,後期,火,4,1011,船橋校舎,心理学 {II群}
航空宇宙工学科,後期,火,4,1011,船橋校舎,心理学 {II群}
電気工学科,後期,火,4,1011,船橋校舎,心理学 {II群}
電子工学科,後期,火,4,1011,船橋校舎,心理学 {II群}
物質応用化学科,後期,火,4,1011,船橋校舎,心理学 {II群}
物理学科,後期,火,4,1011,船橋校舎,心理学 {II群}
数学科,後期,火,4,1011,船橋校舎,心理学 {II群}
まちづくり工学科,後期,火,4,1011,船橋校舎,心理学 {II群}
応用情報工学科,後期,火,4,1011,船橋校舎,心理学 {II群}
一般教育,後期,火,4,1011,船橋校舎,心理学 {II群}
土木工学科,後期,火,4,1012,船橋校舎,倫理学 {I群}
交通システム工学科,後期,火,4,1012,船橋校舎,倫理学 {I群}
交通システム工学科,後期,火,4,1012,船橋校舎,倫理学 {I群}
建築学科,後期,火,4,1012,船橋校舎,倫理学 {I群}
海洋建築工学科,後期,火,4,1012,船橋校舎,倫理学 {I群}
機械工学科,後期,火,4,1012,船橋校舎,倫理学 {I群}
精密機械工学科,後期,火,4,1012,船橋校舎,倫理学 {I群}
航空宇宙工学科,後期,火,4,1012,船橋校舎,倫理学 {I群}
電気工学科,後期,火,4,1012,船橋校舎,倫理学 {I群}
電子工学科,後期,火,4,1012,船橋校舎,倫理学 {I群}
物質応用化学科,後期,火,4,1012,船橋校舎,倫理学 {I群}
物理学科,後期,火,4,1012,船橋校舎,倫理学 {I群}
数学科,後期,火,4,1012,船橋校舎,倫理学 {I群}
まちづくり工学科,後期,火,4,1012,船橋校舎,倫理学 {I群}
応用情報工学科,後期,火,4,1012,船橋校舎,倫理学 {I群}
一般教育,後期,火,4,1012,船橋校舎,倫理学 {I群}
土木工学科,後期,火,4,1013,船橋校舎,科学技術史 {III群}
交通システム工学科,後期,火,4,1013,船橋校舎,科学技術史 {III群}
交通システム工学科,後期,火,4,1013,船橋校舎,科学技術史 {III群}
建築学科,後期,火,4,1013,船橋校舎,科学技術史 {III群}
海洋建築工学科,後期,火,4,1013,船橋校舎,科学技術史 {III群}
機械工学科,後期,火,4,1013,船橋校舎,科学技術史 {III群}
精密機械工学科,後期,火,4,1013,船橋校舎,科学技術史 {III群}
航空宇宙工学科,後期,火,4,1013,船橋校舎,科学技術史 {III群}
電気工学科,後期,火,4,1013,船橋校舎,科学技術史 {III群}
電子工学科,後期,火,4,1013,船橋校舎,科学技術史 {III群}
物質応用化学科,後期,火,4,1013,船橋校舎,科学技術史 {III群}
物理学科,後期,火,4,1013,船橋校舎,科学技術史 {III群}
数学科,後期,火,4,1013,船橋校舎,科学技術史 {III群}
まちづくり工学科,後期,火,4,1013,船橋校舎,科学技術史 {III群}
応用情報工学科,後期,火,4,1013,船橋校舎,科学技術史 {III群}
一般教育,後期,火,4,1013,船橋校舎,科学技術史 {III群}
土木工学科,後期,火,4,1021,船橋校舎,ことばと文化 {I群}
交通システム工学科,後期,火,4,1021,船橋校舎,ことばと文化 {I群}
交通システム工学科,後期,火,4,1021,船橋校舎,ことばと文化 {I群}
建築学科,後期,火,4,1021,船橋校舎,ことばと文化 {I群}
海洋建築工学科,後期,火,4,1021,船橋校舎,ことばと文化 {I群}
機械工学科,後期,火,4,1021,船橋校舎,ことばと文化 {I群}
精密機械工学科,後期,火,4,1021,船橋校舎,ことばと文化 {I群}
航空宇宙工学科,後期,火,4,1021,船橋校舎,ことばと文化 {I群}
電気工学科,後期,火,4,1021,船橋校舎,ことばと文化 {I群}
電子工学科,後期,火,4,1021,船橋校舎,ことばと文化 {I群}
物質応用化学科,後期,火,4,1021,船橋校舎,ことばと文化 {I群}
物理学科,後期,火,4,1021,船橋校舎,ことばと文化 {I群}
数学科,後期,火,4,1021,船橋校舎,ことばと文化 {I群}
まちづくり工学科,後期,火,4,1021,船橋校舎,ことばと文化 {I群}
応用情報工学科,後期,火,4,1021,船橋校舎,ことばと文化 {I群}
一般教育,後期,火,4,1021,船橋校舎,ことばと文化 {I群}
土木工学科,後期,火,4,1022,船橋校舎,法学 {I群}
交通システム工学科,後期,火,4,1022,船橋校舎,法学 {I群}
交通システム工学科,後期,火,4,1022,船橋校舎,法学 {I群}
建築学科,後期,火,4,1022,船橋校舎,法学 {I群}
海洋建築工学科,後期,火,4,1022,船橋校舎,法学 {I群}
機械工学科,後期,火,4,1022,船橋校舎,法学 {I群}
精密機械工学科,後期,火,4,1022,船橋校舎,法学 {I群}
航空宇宙工学科,後期,火,4,1022,船橋校舎,法学 {I群}
電気工学科,後期,火,4,1022,船橋校舎,法学 {I群}
電子工学科,後期,火,4,1022,船橋校舎,法学 {I群}
物質応用化学科,後期,火,4,1022,船橋校舎,法学 {I群}
物理学科,後期,火,4,1022,船橋校舎,法学 {I群}
数学科,後期,火,4,1022,船橋校舎,法学 {I群}
まちづくり工学科,後期,火,4,1022,船橋校舎,法学 {I群}
応用情報工学科,後期,火,4,1022,船橋校舎,法学 {I群}
一般教育,後期,火,4,1022,船橋校舎,法学 {I群}
土木工学科,後期,火,4,1023,船橋校舎,経済学 {I群}
交通システム工学科,後期,火,4,1023,船橋校舎,経済学 {I群}
交通システム工学科,後期,火,4,1023,船橋校舎,経済学 {I群}
建築学科,後期,火,4,1023,船橋校舎,経済学 {I群}
海洋建築工学科,後期,火,4,1023,船橋校舎,経済学 {I群}
機械工学科,後期,火,4,1023,船橋校舎,経済学 {I群}
精密機械工学科,後期,火,4,1023,船橋校舎,経済学 {I群}
航空宇宙工学科,後期,火,4,1023,船橋校舎,経済学 {I群}
電気工学科,後期,火,4,1023,船橋校舎,経済学 {I群}
電子工学科,後期,火,4,1023,船橋校舎,経済学 {I群}
物質応用化学科,後期,火,4,1023,船橋校舎,経済学 {I群}
物理学科,後期,火,4,1023,船橋校舎,経済学 {I群}
数学科,後期,火,4,1023,船橋校舎,経済学 {I群}
まちづくり工学科,後期,火,4,1023,船橋校舎,経済学 {I群}
応用情報工学科,後期,火,4,1023,船橋校舎,経済学 {I群}
一般教育,後期,火,4,1023,船橋校舎,経済学 {I群}
土木工学科,後期,火,4,1031,船橋校舎,哲学 {II群}
交通システム工学科,後期,火,4,1031,船橋校舎,哲学 {II群}
交通システム工学科,後期,火,4,1031,船橋校舎,哲学 {II群}
建築学科,後期,火,4,1031,船橋校舎,哲学 {II群}
海洋建築工学科,後期,火,4,1031,船橋校舎,哲学 {II群}
機械工学科,後期,火,4,1031,船橋校舎,哲学 {II群}
精密機械工学科,後期,火,4,1031,船橋校舎,哲学 {II群}
航空宇宙工学科,後期,火,4,1031,船橋校舎,哲学 {II群}
電気工学科,後期,火,4,1031,船橋校舎,哲学 {II群}
電子工学科,後期,火,4,1031,船橋校舎,哲学 {II群}
物質応用化学科,後期,火,4,1031,船橋校舎,哲学 {II群}
物理学科,後期,火,4,1031,船橋校舎,哲学 {II群}
数学科,後期,火,4,1031,船橋校舎,哲学 {II群}
まちづくり工学科,後期,火,4,1031,船橋校舎,哲学 {II群}
応用情報工学科,後期,火,4,1031,船橋校舎,哲学 {II群}
一般教育,後期,火,4,1031,船橋校舎,哲学 {II群}
土木工学科,後期,火,4,1032,船橋校舎,感性芸術学 {II群}
交通システム工学科,後期,火,4,1032,船橋校舎,感性芸術学 {II群}
交通システム工学科,後期,火,4,1032,船橋校舎,感性芸術学 {II群}
建築学科,後期,火,4,1032,船橋校舎,感性芸術学 {II群}
海洋建築工学科,後期,火,4,1032,船橋校舎,感性芸術学 {II群}
機械工学科,後期,火,4,1032,船橋校舎,感性芸術学 {II群}
精密機械工学科,後期,火,4,1032,船橋校舎,感性芸術学 {II群}
航空宇宙工学科,後期,火,4,1032,船橋校舎,感性芸術学 {II群}
電気工学科,後期,火,4,1032,船橋校舎,感性芸術学 {II群}
電子工学科,後期,火,4,1032,船橋校舎,感性芸術学 {II群}
物質応用化学科,後期,火,4,1032,船橋校舎,感性芸術学 {II群}
物理学科,後期,火,4,1032,船橋校舎,感性芸術学 {II群}
数学科,後期,火,4,1032,船橋校舎,感性芸術学 {II群}
まちづくり工学科,後期,火,4,1032,船橋校舎,感性芸術学 {II群}
応用情報工学科,後期,火,4,1032,船橋校舎,感性芸術学 {II群}
一般教育,後期,火,4,1032,船橋校舎,感性芸術学 {II群}
土木工学科,後期,火,4,1033,船橋校舎,技術者倫理 {III群}
交通システム工学科,後期,火,4,1033,船橋校舎,技術者倫理 {III群}
交通システム工学科,後期,火,4,1033,船橋校舎,技術者倫理 {III群}
建築学科,後期,火,4,1033,船橋校舎,技術者倫理 {III群}
海洋建築工学科,後期,火,4,1033,船橋校舎,技術者倫理 {III群}
機械工学科,後期,火,4,1033,船橋校舎,技術者倫理 {III群}
精密機械工学科,後期,火,4,1033,船橋校舎,技術者倫理 {III群}
航空宇宙工学科,後期,火,4,1033,船橋校舎,技術者倫理 {III群}
電気工学科,後期,火,4,1033,船橋校舎,技術者倫理 {III群}
電子工学科,後期,火,4,1033,船橋校舎,技術者倫理 {III群}
物質応用化学科,後期,火,4,1033,船橋校舎,技術者倫理 {III群}
物理学科,後期,火,4,1033,船橋校舎,技術者倫理 {III群}
数学科,後期,火,4,1033,船橋校舎,技術者倫理 {III群}
まちづくり工学科,後期,火,4,1033,船橋校舎,技術者倫理 {III群}
応用情報工学科,後期,火,4,1033,船橋校舎,技術者倫理 {III群}
一般教育,後期,火,4,1033,船橋校舎,技術者倫理 {III群}
土木工学科,後期,火,4,1041,船橋校舎,日本語表現の基礎 {II群}
交通システム工学科,後期,火,4,1041,船橋校舎,日本語表現の基礎 {II群}
交通システム工学科,後期,火,4,1041,船橋校舎,日本語表現の基礎 {II群}
建築学科,後期,火,4,1041,船橋校舎,日本語表現の基礎 {II群}
海洋建築工学科,後期,火,4,1041,船橋校舎,日本語表現の基礎 {II群}
機械工学科,後期,火,4,1041,船橋校舎,日本語表現の基礎 {II群}
精密機械工学科,後期,火,4,1041,船橋校舎,日本語表現の基礎 {II群}
航空宇宙工学科,後期,火,4,1041,船橋校舎,日本語表現の基礎 {II群}
電気工学科,後期,火,4,1041,船橋校舎,日本語表現の基礎 {II群}
電子工学科,後期,火,4,1041,船橋校舎,日本語表現の基礎 {II群}
物質応用化学科,後期,火,4,1041,船橋校舎,日本語表現の基礎 {II群}
物理学科,後期,火,4,1041,船橋校舎,日本語表現の基礎 {II群}
数学科,後期,火,4,1041,船橋校舎,日本語表現の基礎 {II群}
まちづくり工学科,後期,火,4,1041,船橋校舎,日本語表現の基礎 {II群}
応用情報工学科,後期,火,4,1041,船橋校舎,日本語表現の基礎 {II群}
一般教育,後期,火,4,1041,船橋校舎,日本語表現の基礎 {II群}
土木工学科,後期,火,4,1042,船橋校舎,科学技術と人間 {III群}
交通システム工学科,後期,火,4,1042,船橋校舎,科学技術と人間 {III群}
交通システム工学科,後期,火,4,1042,船橋校舎,科学技術と人間 {III群}
建築学科,後期,火,4,1042,船橋校舎,科学技術と人間 {III群}
海洋建築工学科,後期,火,4,1042,船橋校舎,科学技術と人間 {III群}
機械工学科,後期,火,4,1042,船橋校舎,科学技術と人間 {III群}
精密機械工学科,後期,火,4,1042,船橋校舎,科学技術と人間 {III群}
航空宇宙工学科,後期,火,4,1042,船橋校舎,科学技術と人間 {III群}
電気工学科,後期,火,4,1042,船橋校舎,科学技術と人間 {III群}
電子工学科,後期,火,4,1042,船橋校舎,科学技術と人間 {III群}
物質応用化学科,後期,火,4,1042,船橋校舎,科学技術と人間 {III群}
物理学科,後期,火,4,1042,船橋校舎,科学技術と人間 {III群}
数学科,後期,火,4,1042,船橋校舎,科学技術と人間 {III群}
まちづくり工学科,後期,火,4,1042,船橋校舎,科学技術と人間 {III群}
応用情報工学科,後期,火,4,1042,船橋校舎,科学技術と人間 {III群}
一般教育,後期,火,4,1042,船橋校舎,科学技術と人間 {III群}
電子工学科,後期,火,4,1103,船橋校舎,電子工学実験Ⅲ {未来}↓連続２時限【年間】
精密機械工学科,後期,火,4,1122,船橋校舎,工学解析の方法Ⅱ
建築学科,後期,火,4,1123,船橋校舎,物質の構造と状態 {B}
交通システム工学科,後期,火,4,1131,船橋校舎,材料化学
交通システム工学科,後期,火,4,1131,船橋校舎,材料化学
電気工学科,後期,火,4,1132,船橋校舎,微分積分学Ⅱ {A}
電気工学科,後期,火,4,1133,船橋校舎,微分積分学Ⅱ {B}
建築学科,後期,火,4,1141,船橋校舎,物質の構造と状態 {A}
建築学科,後期,火,4,1143,船橋校舎,物質の構造と状態 {C}
精密機械工学科,後期,火,4,1214,船橋校舎,電気電子実験Ⅰ {1}{未来}↓連続２時限
交通システム工学科,後期,火,4,1221,船橋校舎,国際コミュニケーション論Ⅱ
交通システム工学科,後期,火,4,1221,船橋校舎,交通システム工学キャリアデザイン {年間隔週}【年間隔週】
交通システム工学科,後期,火,4,1221,船橋校舎,国際コミュニケーション論Ⅱ
交通システム工学科,後期,火,4,1221,船橋校舎,交通システム工学キャリアデザイン {年間隔週}【年間隔週】
交通システム工学科,後期,火,4,1224,船橋校舎,交通システム工学キャリアデザイン {年間隔週}【年間隔週】
交通システム工学科,後期,火,4,1224,船橋校舎,交通システム工学キャリアデザイン {年間隔週}【年間隔週】
まちづくり工学科,後期,火,4,1231,船橋校舎,線形代数学Ⅱ {1}
まちづくり工学科,後期,火,4,1232,船橋校舎,線形代数学Ⅱ {2}
交通システム工学科,後期,火,4,1326,船橋校舎,交通システム工学総合演習 {年間隔週}【年間隔週】
交通システム工学科,後期,火,4,1326,船橋校舎,交通システム工学キャリアデザイン {年間隔週}【年間隔週】
交通システム工学科,後期,火,4,1326,船橋校舎,交通システム工学総合演習 {年間隔週}【年間隔週】
交通システム工学科,後期,火,4,1326,船橋校舎,交通システム工学キャリアデザイン {年間隔週}【年間隔週】
海洋建築工学科,後期,火,4,1421,船橋校舎,建築施工法
精密機械工学科,後期,火,4,1424,船橋校舎,物理学Ⅱ演習
精密機械工学科,後期,火,4,1431,船橋校舎,物理学Ⅱ演習
精密機械工学科,後期,火,4,1432,船橋校舎,物理学Ⅱ演習
精密機械工学科,後期,火,4,1433,船橋校舎,物理学Ⅱ演習
海洋建築工学科,後期,火,4,1434,船橋校舎,鋼構造及び演習↓連続２時限
電子工学専攻,後期,火,4,1441,船橋校舎,電子システム工学
応用情報工学科,後期,火,4,1443,船橋校舎,インターンシップ {年間隔週}【年間隔週】
航空宇宙工学科,後期,火,4,1444,船橋校舎,航空機構造設計製図 {未来}↓連続２時限
海洋建築工学専攻,後期,火,4,1452,船橋校舎,海洋構造物設計特論
精密機械工学専攻,後期,火,4,1453,船橋校舎,ロボット制御工学特論Ⅱ ＊
航空宇宙工学専攻,後期,火,4,1454,船橋校舎,流体力学特論Ⅳ
交通システム工学専攻,後期,火,4,1455,船橋校舎,Transportation Systems Analysis and Planning
情報科学専攻,後期,火,4,1456,船橋校舎,ソフトウェア工学特論
航空宇宙工学科,後期,火,4,1457,船橋校舎,航空宇宙工学実験Ⅰ {夏季あり}↓連続２時限【年間】
航空宇宙工学科,後期,火,4,1458,船橋校舎,航空宇宙工学実験Ⅰ {夏季あり}↓連続２時限【年間】
応用情報工学科,後期,火,4,221,船橋校舎,情報工学実験Ⅱ↓連続２時限【年間】
航空宇宙工学科,後期,火,4,341,船橋校舎,航空宇宙工学実験Ⅰ {夏季あり}↓連続２時限【年間】
航空宇宙工学科,後期,火,4,342,船橋校舎,航空宇宙工学実験Ⅰ {夏季あり}↓連続２時限【年間】
電子工学科,後期,火,4,403,船橋校舎,電子工学実験Ⅱ {2}{未来}↓連続２時限【年間】
航空宇宙工学科,後期,火,4,624,船橋校舎,物理学Ⅱ演習
航空宇宙工学科,後期,火,4,625,船橋校舎,物理学Ⅱ演習
航空宇宙工学科,後期,火,4,633,船橋校舎,航空機構造設計製図 {未来}↓連続２時限
航空宇宙工学科,後期,火,4,634,船橋校舎,物理学Ⅱ演習
航空宇宙工学科,後期,火,4,635,船橋校舎,物理学Ⅱ演習
航空宇宙工学科,後期,火,4,641,船橋校舎,航空機構造設計製図 {未来}↓連続２時限
航空宇宙工学科,後期,火,4,642,船橋校舎,航空機構造設計製図 {未来}↓連続２時限
航空宇宙工学科,後期,火,4,644,船橋校舎,航空機構造設計製図 {未来}↓連続２時限
精密機械工学科,後期,火,4,精密各実験室,船橋校舎,電気電子実験Ⅰ {1}{未来}↓連続２時限
精密機械工学科,後期,火,4,精密実験実験室,船橋校舎,機械実験Ⅰ {2}{未来}↓連続２時限
土木工学科,後期,火,4,0000,駿河台校舎,土質実験↓連続２時限
土木工学科,後期,火,4,0000,駿河台校舎,材料実験↓連続２時限
まちづくり工学科,後期,火,4,134,駿河台校舎,ユニバーサルデザイン
物理学科,後期,火,4,141,駿河台校舎,光学
数学科,後期,火,4,144,駿河台校舎,代数学幾何学Ｄ {1}↓連続２時限
数学科,後期,火,4,152,駿河台校舎,ソフトウェア概論Ｂ {2}↓連続２時限
一般教育,後期,火,4,154,駿河台校舎,微分積分学Ⅱ
機械工学科,後期,火,4,701752,駿河台校舎,機械工学実験ⅡB↓連続２時限
機械工学科,後期,火,4,705,駿河台校舎,機械工学実験ⅠB {A}↓連続２時限
機械工学科,後期,火,4,705,駿河台校舎,機械工学実験ⅠA {B}↓連続２時限
機械工学科,後期,火,4,751,駿河台校舎,機械工学実験ⅠB {A}↓連続２時限
機械工学科,後期,火,4,751,駿河台校舎,機械工学実験ⅠA {B}↓連続２時限
機械工学科,後期,火,4,752,駿河台校舎,機械工学実験ⅠB {A}↓連続２時限
機械工学科,後期,火,4,752,駿河台校舎,機械工学実験ⅠA {B}↓連続２時限
物質応用化学専攻,後期,火,4,831,駿河台校舎,生体高分子特論
物質応用化学科,後期,火,4,843,駿河台校舎,専門化学実験Ⅲ↓連続３時限
物質応用化学科,後期,火,4,851,駿河台校舎,専門化学実験Ⅲ↓連続３時限
物理学科,後期,火,4,852,駿河台校舎,物理学総合演習 {未来}
建築学科,後期,火,4,スタジオ（S701,駿河台校舎,建築設計Ⅱ {1}↓連続３時限
土木工学科,後期,火,5,S202,タワースコラ,応用力学Ⅱ {再履修}
土木工学専攻,後期,火,5,S305,タワースコラ,設計事業特論
建築学専攻,後期,火,5,S403,タワースコラ,建築基礎構造特論
まちづくり工学科,後期,火,5,S404,タワースコラ,景観まちづくり論
一般教育,後期,火,5,S406,タワースコラ,教）機械（含実習）
一般教育,後期,火,5,S501,タワースコラ,教）数学科教育法Ⅳ {数学以外}
建築学科,後期,火,5,S502,タワースコラ,建築情報処理Ⅲ
まちづくり工学専攻,後期,火,5,S603,タワースコラ,福祉と支援テクノロジー特論 ＊
土木工学科,後期,火,5,1011,船橋校舎,心理学 {II群}
交通システム工学科,後期,火,5,1011,船橋校舎,心理学 {II群}
交通システム工学科,後期,火,5,1011,船橋校舎,心理学 {II群}
建築学科,後期,火,5,1011,船橋校舎,心理学 {II群}
海洋建築工学科,後期,火,5,1011,船橋校舎,心理学 {II群}
機械工学科,後期,火,5,1011,船橋校舎,心理学 {II群}
精密機械工学科,後期,火,5,1011,船橋校舎,心理学 {II群}
航空宇宙工学科,後期,火,5,1011,船橋校舎,心理学 {II群}
電気工学科,後期,火,5,1011,船橋校舎,心理学 {II群}
電子工学科,後期,火,5,1011,船橋校舎,心理学 {II群}
物質応用化学科,後期,火,5,1011,船橋校舎,心理学 {II群}
物理学科,後期,火,5,1011,船橋校舎,心理学 {II群}
数学科,後期,火,5,1011,船橋校舎,心理学 {II群}
まちづくり工学科,後期,火,5,1011,船橋校舎,心理学 {II群}
応用情報工学科,後期,火,5,1011,船橋校舎,心理学 {II群}
一般教育,後期,火,5,1011,船橋校舎,心理学 {II群}
応用情報工学科,後期,火,5,1013,船橋校舎,幾何概論Ⅱ
一般教育,後期,火,5,1013,船橋校舎,教）幾何学Ⅱ
一般教育,後期,火,5,1021,船橋校舎,日本語表現の基礎 {II群}
一般教育,後期,火,5,1032,船橋校舎,総合講座 {環境}
一般教育,後期,火,5,1033,船橋校舎,総合講座 {人工知能}
一般教育,後期,火,5,1113,船橋校舎,歴史学 {I群}
精密機械工学科,後期,火,5,1123,船橋校舎,物質の構造と状態
一般教育,後期,火,5,1131,船橋校舎,物理学Ⅰ演習 {再履修}
精密機械工学科,後期,火,5,1201,船橋校舎,制御工学Ⅱ
精密機械工学科,後期,火,5,1204,船橋校舎,制御工学Ⅱ
精密機械工学科,後期,火,5,1326,船橋校舎,機械加工学Ⅰ
精密機械工学科,後期,火,5,1326,船橋校舎,制御工学Ⅱ
航空宇宙工学科,後期,火,5,1431,船橋校舎,物質の構造と状態
精密機械工学専攻,後期,火,5,1432,船橋校舎,微小機械設計特論Ⅱ ＊
海洋建築工学科,後期,火,5,1434,船橋校舎,鋼構造及び演習↓連続２時限
海洋建築工学専攻,後期,火,5,1452,船橋校舎,海洋建築プロジェクトマネジメント
電子工学専攻,後期,火,5,1454,船橋校舎,光システム
一般教育,後期,火,5,1456,船橋校舎,教）生徒指導・進路指導論
航空宇宙工学科,後期,火,5,341,船橋校舎,航空宇宙工学工房演習Ⅲ {未来}
一般教育,後期,火,5,131,駿河台校舎,物理学Ⅰ演習 {再履修}
一般教育,後期,火,5,143,駿河台校舎,学）博物館資料論
電気工学科,後期,火,5,1511電気実験室,駿河台校舎,電気工学ものづくり実験↓連続２時限
物質応用化学科,後期,火,5,843,駿河台校舎,専門化学実験Ⅲ↓連続３時限
物質応用化学科,後期,火,5,851,駿河台校舎,専門化学実験Ⅲ↓連続３時限
土木工学科,後期,火,6,S202,タワースコラ,応用力学Ⅱ演習 {再履修}
交通システム工学専攻,後期,火,6,S305,タワースコラ,交通地盤工学特論
一般教育,後期,火,6,S401,タワースコラ,教）理科教育法Ⅱ
電気工学専攻,後期,火,6,S602,タワースコラ,物性科学特論 △
まちづくり工学専攻,後期,火,6,S603,タワースコラ,福祉と支援テクノロジー特論 △
精密機械工学専攻,後期,火,6,1432,船橋校舎,微小機械設計特論Ⅱ △
海洋建築工学専攻,後期,火,6,1452,船橋校舎,海洋工学特論Ⅲ
電子工学専攻,後期,火,6,1454,船橋校舎,電子システム工学 △
航空宇宙工学専攻,後期,火,6,1455,船橋校舎,航空宇宙推進工学特論Ⅱ △
電気工学科,後期,火,6,1511電気実験室,駿河台校舎,電気工学ものづくり実験↓連続２時限
物質応用化学専攻,後期,火,6,831,駿河台校舎,有機応用化学特論
まちづくり工学科,後期,金,1,S101,タワースコラ,まちづくり工学総合演習
電気工学科,後期,金,1,S201,タワースコラ,超音波工学
数学科,後期,金,1,S202,タワースコラ,代数学及び演習B↓連続２時限
土木工学科,後期,金,1,S203,タワースコラ,英語ⅢB
交通システム工学科,後期,金,1,S203,タワースコラ,英語ⅢB
交通システム工学科,後期,金,1,S203,タワースコラ,英語ⅢB
建築学科,後期,金,1,S203,タワースコラ,英語ⅢB
海洋建築工学科,後期,金,1,S203,タワースコラ,英語ⅢB
機械工学科,後期,金,1,S203,タワースコラ,英語ⅢB
精密機械工学科,後期,金,1,S203,タワースコラ,英語ⅢB
航空宇宙工学科,後期,金,1,S203,タワースコラ,英語ⅢB
電気工学科,後期,金,1,S203,タワースコラ,英語ⅢB
電子工学科,後期,金,1,S203,タワースコラ,英語ⅢB
物質応用化学科,後期,金,1,S203,タワースコラ,英語ⅢB
物理学科,後期,金,1,S203,タワースコラ,英語ⅢB
数学科,後期,金,1,S203,タワースコラ,英語ⅢB
まちづくり工学科,後期,金,1,S203,タワースコラ,英語ⅢB
応用情報工学科,後期,金,1,S203,タワースコラ,英語ⅢB
一般教育,後期,金,1,S203,タワースコラ,英語ⅢB
建築学科,後期,金,1,S204,タワースコラ,構造力学Ⅱ {2}
建築学科,後期,金,1,S301,タワースコラ,環境工学Ⅱ {1}
建築学科,後期,金,1,S302,タワースコラ,構造力学Ⅳ
土木工学科,後期,金,1,S303,タワースコラ,英語ⅢB
交通システム工学科,後期,金,1,S303,タワースコラ,英語ⅢB
交通システム工学科,後期,金,1,S303,タワースコラ,英語ⅢB
建築学科,後期,金,1,S303,タワースコラ,英語ⅢB
海洋建築工学科,後期,金,1,S303,タワースコラ,英語ⅢB
機械工学科,後期,金,1,S303,タワースコラ,英語ⅢB
精密機械工学科,後期,金,1,S303,タワースコラ,英語ⅢB
航空宇宙工学科,後期,金,1,S303,タワースコラ,英語ⅢB
電気工学科,後期,金,1,S303,タワースコラ,英語ⅢB
電子工学科,後期,金,1,S303,タワースコラ,英語ⅢB
物質応用化学科,後期,金,1,S303,タワースコラ,英語ⅢB
物理学科,後期,金,1,S303,タワースコラ,英語ⅢB
数学科,後期,金,1,S303,タワースコラ,英語ⅢB
まちづくり工学科,後期,金,1,S303,タワースコラ,英語ⅢB
応用情報工学科,後期,金,1,S303,タワースコラ,英語ⅢB
一般教育,後期,金,1,S303,タワースコラ,英語ⅢB
土木工学専攻,後期,金,1,S305,タワースコラ,応用水理学演習
電気工学科,後期,金,1,S401,タワースコラ,電磁気学Ⅱ及び演習 {B}↓連続２時限
土木工学科,後期,金,1,S402,タワースコラ,English Communication Ⅱ
交通システム工学科,後期,金,1,S402,タワースコラ,English Communication Ⅱ
交通システム工学科,後期,金,1,S402,タワースコラ,English Communication Ⅱ
建築学科,後期,金,1,S402,タワースコラ,English Communication Ⅱ
海洋建築工学科,後期,金,1,S402,タワースコラ,English Communication Ⅱ
機械工学科,後期,金,1,S402,タワースコラ,English Communication Ⅱ
精密機械工学科,後期,金,1,S402,タワースコラ,English Communication Ⅱ
航空宇宙工学科,後期,金,1,S402,タワースコラ,English Communication Ⅱ
電気工学科,後期,金,1,S402,タワースコラ,English Communication Ⅱ
電子工学科,後期,金,1,S402,タワースコラ,English Communication Ⅱ
物質応用化学科,後期,金,1,S402,タワースコラ,English Communication Ⅱ
物理学科,後期,金,1,S402,タワースコラ,English Communication Ⅱ
数学科,後期,金,1,S402,タワースコラ,English Communication Ⅱ
まちづくり工学科,後期,金,1,S402,タワースコラ,English Communication Ⅱ
応用情報工学科,後期,金,1,S402,タワースコラ,English Communication Ⅱ
一般教育,後期,金,1,S402,タワースコラ,English Communication Ⅱ
土木工学科,後期,金,1,S405,タワースコラ,英語ⅢB
交通システム工学科,後期,金,1,S405,タワースコラ,英語ⅢB
交通システム工学科,後期,金,1,S405,タワースコラ,英語ⅢB
建築学科,後期,金,1,S405,タワースコラ,英語ⅢB
海洋建築工学科,後期,金,1,S405,タワースコラ,英語ⅢB
機械工学科,後期,金,1,S405,タワースコラ,英語ⅢB
精密機械工学科,後期,金,1,S405,タワースコラ,英語ⅢB
航空宇宙工学科,後期,金,1,S405,タワースコラ,英語ⅢB
電気工学科,後期,金,1,S405,タワースコラ,英語ⅢB
電子工学科,後期,金,1,S405,タワースコラ,英語ⅢB
物質応用化学科,後期,金,1,S405,タワースコラ,英語ⅢB
物理学科,後期,金,1,S405,タワースコラ,英語ⅢB
数学科,後期,金,1,S405,タワースコラ,英語ⅢB
まちづくり工学科,後期,金,1,S405,タワースコラ,英語ⅢB
応用情報工学科,後期,金,1,S405,タワースコラ,英語ⅢB
一般教育,後期,金,1,S405,タワースコラ,英語ⅢB
土木工学科,後期,金,1,S501,タワースコラ,空間情報処理
土木工学科,後期,金,1,S502,タワースコラ,英語ⅢB
交通システム工学科,後期,金,1,S502,タワースコラ,英語ⅢB
交通システム工学科,後期,金,1,S502,タワースコラ,英語ⅢB
建築学科,後期,金,1,S502,タワースコラ,英語ⅢB
海洋建築工学科,後期,金,1,S502,タワースコラ,英語ⅢB
機械工学科,後期,金,1,S502,タワースコラ,英語ⅢB
精密機械工学科,後期,金,1,S502,タワースコラ,英語ⅢB
航空宇宙工学科,後期,金,1,S502,タワースコラ,英語ⅢB
電気工学科,後期,金,1,S502,タワースコラ,英語ⅢB
電子工学科,後期,金,1,S502,タワースコラ,英語ⅢB
物質応用化学科,後期,金,1,S502,タワースコラ,英語ⅢB
物理学科,後期,金,1,S502,タワースコラ,英語ⅢB
数学科,後期,金,1,S502,タワースコラ,英語ⅢB
まちづくり工学科,後期,金,1,S502,タワースコラ,英語ⅢB
応用情報工学科,後期,金,1,S502,タワースコラ,英語ⅢB
一般教育,後期,金,1,S502,タワースコラ,英語ⅢB
物理学科,後期,金,1,S505,タワースコラ,物理数学Ⅲ
電気工学専攻,後期,金,1,S602,タワースコラ,パワーエレクトロニクス特論
量子理工学専攻,後期,金,1,S603,タワースコラ,統計物理学Ⅱ
土木工学科,後期,金,1,S604,タワースコラ,English Communication Ⅱ
交通システム工学科,後期,金,1,S604,タワースコラ,English Communication Ⅱ
交通システム工学科,後期,金,1,S604,タワースコラ,English Communication Ⅱ
建築学科,後期,金,1,S604,タワースコラ,English Communication Ⅱ
海洋建築工学科,後期,金,1,S604,タワースコラ,English Communication Ⅱ
機械工学科,後期,金,1,S604,タワースコラ,English Communication Ⅱ
精密機械工学科,後期,金,1,S604,タワースコラ,English Communication Ⅱ
航空宇宙工学科,後期,金,1,S604,タワースコラ,English Communication Ⅱ
電気工学科,後期,金,1,S604,タワースコラ,English Communication Ⅱ
電子工学科,後期,金,1,S604,タワースコラ,English Communication Ⅱ
物質応用化学科,後期,金,1,S604,タワースコラ,English Communication Ⅱ
物理学科,後期,金,1,S604,タワースコラ,English Communication Ⅱ
数学科,後期,金,1,S604,タワースコラ,English Communication Ⅱ
まちづくり工学科,後期,金,1,S604,タワースコラ,English Communication Ⅱ
応用情報工学科,後期,金,1,S604,タワースコラ,English Communication Ⅱ
一般教育,後期,金,1,S604,タワースコラ,English Communication Ⅱ
土木工学科,後期,金,1,1011,船橋校舎,英語ⅢB
交通システム工学科,後期,金,1,1011,船橋校舎,英語ⅢB
交通システム工学科,後期,金,1,1011,船橋校舎,英語ⅢB
建築学科,後期,金,1,1011,船橋校舎,英語ⅢB
海洋建築工学科,後期,金,1,1011,船橋校舎,英語ⅢB
機械工学科,後期,金,1,1011,船橋校舎,英語ⅢB
精密機械工学科,後期,金,1,1011,船橋校舎,英語ⅢB
航空宇宙工学科,後期,金,1,1011,船橋校舎,英語ⅢB
電気工学科,後期,金,1,1011,船橋校舎,英語ⅢB
電子工学科,後期,金,1,1011,船橋校舎,英語ⅢB
物質応用化学科,後期,金,1,1011,船橋校舎,英語ⅢB
物理学科,後期,金,1,1011,船橋校舎,英語ⅢB
数学科,後期,金,1,1011,船橋校舎,英語ⅢB
まちづくり工学科,後期,金,1,1011,船橋校舎,英語ⅢB
応用情報工学科,後期,金,1,1011,船橋校舎,英語ⅢB
一般教育,後期,金,1,1011,船橋校舎,英語ⅢB
機械工学科,後期,金,1,1021,船橋校舎,線形代数学Ⅱ {A}
機械工学科,後期,金,1,1022,船橋校舎,線形代数学Ⅱ {B}
土木工学科,後期,金,1,1032,船橋校舎,英語ⅢB
交通システム工学科,後期,金,1,1032,船橋校舎,英語ⅢB
交通システム工学科,後期,金,1,1032,船橋校舎,英語ⅢB
建築学科,後期,金,1,1032,船橋校舎,英語ⅢB
海洋建築工学科,後期,金,1,1032,船橋校舎,英語ⅢB
機械工学科,後期,金,1,1032,船橋校舎,英語ⅢB
精密機械工学科,後期,金,1,1032,船橋校舎,英語ⅢB
航空宇宙工学科,後期,金,1,1032,船橋校舎,英語ⅢB
電気工学科,後期,金,1,1032,船橋校舎,英語ⅢB
電子工学科,後期,金,1,1032,船橋校舎,英語ⅢB
物質応用化学科,後期,金,1,1032,船橋校舎,英語ⅢB
物理学科,後期,金,1,1032,船橋校舎,英語ⅢB
数学科,後期,金,1,1032,船橋校舎,英語ⅢB
まちづくり工学科,後期,金,1,1032,船橋校舎,英語ⅢB
応用情報工学科,後期,金,1,1032,船橋校舎,英語ⅢB
一般教育,後期,金,1,1032,船橋校舎,英語ⅢB
物理学科,後期,金,1,1033,船橋校舎,英語ⅠB
土木工学科,後期,金,1,1042,船橋校舎,English Communication Ⅱ
交通システム工学科,後期,金,1,1042,船橋校舎,English Communication Ⅱ
交通システム工学科,後期,金,1,1042,船橋校舎,English Communication Ⅱ
建築学科,後期,金,1,1042,船橋校舎,English Communication Ⅱ
海洋建築工学科,後期,金,1,1042,船橋校舎,English Communication Ⅱ
機械工学科,後期,金,1,1042,船橋校舎,English Communication Ⅱ
精密機械工学科,後期,金,1,1042,船橋校舎,English Communication Ⅱ
航空宇宙工学科,後期,金,1,1042,船橋校舎,English Communication Ⅱ
電気工学科,後期,金,1,1042,船橋校舎,English Communication Ⅱ
電子工学科,後期,金,1,1042,船橋校舎,English Communication Ⅱ
物質応用化学科,後期,金,1,1042,船橋校舎,English Communication Ⅱ
物理学科,後期,金,1,1042,船橋校舎,English Communication Ⅱ
数学科,後期,金,1,1042,船橋校舎,English Communication Ⅱ
まちづくり工学科,後期,金,1,1042,船橋校舎,English Communication Ⅱ
応用情報工学科,後期,金,1,1042,船橋校舎,English Communication Ⅱ
一般教育,後期,金,1,1042,船橋校舎,English Communication Ⅱ
土木工学科,後期,金,1,1043,船橋校舎,英語ⅢB
交通システム工学科,後期,金,1,1043,船橋校舎,英語ⅢB
交通システム工学科,後期,金,1,1043,船橋校舎,英語ⅢB
建築学科,後期,金,1,1043,船橋校舎,英語ⅢB
海洋建築工学科,後期,金,1,1043,船橋校舎,英語ⅢB
機械工学科,後期,金,1,1043,船橋校舎,英語ⅢB
精密機械工学科,後期,金,1,1043,船橋校舎,英語ⅢB
航空宇宙工学科,後期,金,1,1043,船橋校舎,英語ⅢB
電気工学科,後期,金,1,1043,船橋校舎,英語ⅢB
電子工学科,後期,金,1,1043,船橋校舎,英語ⅢB
物質応用化学科,後期,金,1,1043,船橋校舎,英語ⅢB
物理学科,後期,金,1,1043,船橋校舎,英語ⅢB
数学科,後期,金,1,1043,船橋校舎,英語ⅢB
まちづくり工学科,後期,金,1,1043,船橋校舎,英語ⅢB
応用情報工学科,後期,金,1,1043,船橋校舎,英語ⅢB
一般教育,後期,金,1,1043,船橋校舎,英語ⅢB
土木工学科,後期,金,1,105,船橋校舎,基礎物理学実験 {年間隔週}↓連続２時限【年間隔週】
交通システム工学科,後期,金,1,105,船橋校舎,基礎物理学実験 {年間隔週}↓連続２時限【年間隔週】
交通システム工学科,後期,金,1,105,船橋校舎,基礎物理学実験 {年間隔週}↓連続２時限【年間隔週】
建築学科,後期,金,1,105,船橋校舎,基礎物理学実験 {年間隔週}↓連続２時限【年間隔週】
海洋建築工学科,後期,金,1,105,船橋校舎,基礎物理学実験 {年間隔週}↓連続２時限【年間隔週】
機械工学科,後期,金,1,105,船橋校舎,基礎物理学実験 {年間隔週}↓連続２時限【年間隔週】
精密機械工学科,後期,金,1,105,船橋校舎,基礎物理学実験 {年間隔週}↓連続２時限【年間隔週】
航空宇宙工学科,後期,金,1,105,船橋校舎,基礎物理学実験 {年間隔週}↓連続２時限【年間隔週】
電気工学科,後期,金,1,105,船橋校舎,基礎物理学実験 {年間隔週}↓連続２時限【年間隔週】
電子工学科,後期,金,1,105,船橋校舎,基礎物理学実験 {年間隔週}↓連続２時限【年間隔週】
物質応用化学科,後期,金,1,105,船橋校舎,基礎物理学実験 {年間隔週}↓連続２時限【年間隔週】
物理学科,後期,金,1,105,船橋校舎,基礎物理学実験 {年間隔週}↓連続２時限【年間隔週】
数学科,後期,金,1,105,船橋校舎,基礎物理学実験 {年間隔週}↓連続２時限【年間隔週】
まちづくり工学科,後期,金,1,105,船橋校舎,基礎物理学実験 {年間隔週}↓連続２時限【年間隔週】
応用情報工学科,後期,金,1,105,船橋校舎,基礎物理学実験 {年間隔週}↓連続２時限【年間隔週】
一般教育,後期,金,1,105,船橋校舎,基礎物理学実験 {年間隔週}↓連続２時限【年間隔週】
数学科,後期,金,1,1123,船橋校舎,コンピュータ概論Ｂ {1}
土木工学科,後期,金,1,113,船橋校舎,基礎物理学実験 {年間隔週}↓連続２時限【年間隔週】
交通システム工学科,後期,金,1,113,船橋校舎,基礎物理学実験 {年間隔週}↓連続２時限【年間隔週】
交通システム工学科,後期,金,1,113,船橋校舎,基礎物理学実験 {年間隔週}↓連続２時限【年間隔週】
建築学科,後期,金,1,113,船橋校舎,基礎物理学実験 {年間隔週}↓連続２時限【年間隔週】
海洋建築工学科,後期,金,1,113,船橋校舎,基礎物理学実験 {年間隔週}↓連続２時限【年間隔週】
機械工学科,後期,金,1,113,船橋校舎,基礎物理学実験 {年間隔週}↓連続２時限【年間隔週】
精密機械工学科,後期,金,1,113,船橋校舎,基礎物理学実験 {年間隔週}↓連続２時限【年間隔週】
航空宇宙工学科,後期,金,1,113,船橋校舎,基礎物理学実験 {年間隔週}↓連続２時限【年間隔週】
電気工学科,後期,金,1,113,船橋校舎,基礎物理学実験 {年間隔週}↓連続２時限【年間隔週】
電子工学科,後期,金,1,113,船橋校舎,基礎物理学実験 {年間隔週}↓連続２時限【年間隔週】
物質応用化学科,後期,金,1,113,船橋校舎,基礎物理学実験 {年間隔週}↓連続２時限【年間隔週】
物理学科,後期,金,1,113,船橋校舎,基礎物理学実験 {年間隔週}↓連続２時限【年間隔週】
数学科,後期,金,1,113,船橋校舎,基礎物理学実験 {年間隔週}↓連続２時限【年間隔週】
まちづくり工学科,後期,金,1,113,船橋校舎,基礎物理学実験 {年間隔週}↓連続２時限【年間隔週】
応用情報工学科,後期,金,1,113,船橋校舎,基礎物理学実験 {年間隔週}↓連続２時限【年間隔週】
一般教育,後期,金,1,113,船橋校舎,基礎物理学実験 {年間隔週}↓連続２時限【年間隔週】
数学科,後期,金,1,1133,船橋校舎,数学入門Ｂ {2}
土木工学科,後期,金,1,1201,船橋校舎,英語ⅢB
交通システム工学科,後期,金,1,1201,船橋校舎,英語ⅢB
交通システム工学科,後期,金,1,1201,船橋校舎,英語ⅢB
建築学科,後期,金,1,1201,船橋校舎,英語ⅢB
海洋建築工学科,後期,金,1,1201,船橋校舎,英語ⅢB
機械工学科,後期,金,1,1201,船橋校舎,英語ⅢB
精密機械工学科,後期,金,1,1201,船橋校舎,英語ⅢB
航空宇宙工学科,後期,金,1,1201,船橋校舎,英語ⅢB
電気工学科,後期,金,1,1201,船橋校舎,英語ⅢB
電子工学科,後期,金,1,1201,船橋校舎,英語ⅢB
物質応用化学科,後期,金,1,1201,船橋校舎,英語ⅢB
物理学科,後期,金,1,1201,船橋校舎,英語ⅢB
数学科,後期,金,1,1201,船橋校舎,英語ⅢB
まちづくり工学科,後期,金,1,1201,船橋校舎,英語ⅢB
応用情報工学科,後期,金,1,1201,船橋校舎,英語ⅢB
一般教育,後期,金,1,1201,船橋校舎,英語ⅢB
数学科,後期,金,1,1202,船橋校舎,コンピュータ概論Ｂ {1}
数学科,後期,金,1,1221,船橋校舎,コンピュータ概論Ｂ {1}
土木工学科,後期,金,1,1231,船橋校舎,English Communication Ⅱ
交通システム工学科,後期,金,1,1231,船橋校舎,English Communication Ⅱ
交通システム工学科,後期,金,1,1231,船橋校舎,English Communication Ⅱ
建築学科,後期,金,1,1231,船橋校舎,English Communication Ⅱ
海洋建築工学科,後期,金,1,1231,船橋校舎,English Communication Ⅱ
機械工学科,後期,金,1,1231,船橋校舎,English Communication Ⅱ
精密機械工学科,後期,金,1,1231,船橋校舎,English Communication Ⅱ
航空宇宙工学科,後期,金,1,1231,船橋校舎,English Communication Ⅱ
電気工学科,後期,金,1,1231,船橋校舎,English Communication Ⅱ
電子工学科,後期,金,1,1231,船橋校舎,English Communication Ⅱ
物質応用化学科,後期,金,1,1231,船橋校舎,English Communication Ⅱ
物理学科,後期,金,1,1231,船橋校舎,English Communication Ⅱ
数学科,後期,金,1,1231,船橋校舎,English Communication Ⅱ
まちづくり工学科,後期,金,1,1231,船橋校舎,English Communication Ⅱ
応用情報工学科,後期,金,1,1231,船橋校舎,English Communication Ⅱ
一般教育,後期,金,1,1231,船橋校舎,English Communication Ⅱ
土木工学科,後期,金,1,1232,船橋校舎,英語ⅢB
交通システム工学科,後期,金,1,1232,船橋校舎,英語ⅢB
交通システム工学科,後期,金,1,1232,船橋校舎,英語ⅢB
建築学科,後期,金,1,1232,船橋校舎,英語ⅢB
海洋建築工学科,後期,金,1,1232,船橋校舎,英語ⅢB
機械工学科,後期,金,1,1232,船橋校舎,英語ⅢB
精密機械工学科,後期,金,1,1232,船橋校舎,英語ⅢB
航空宇宙工学科,後期,金,1,1232,船橋校舎,英語ⅢB
電気工学科,後期,金,1,1232,船橋校舎,英語ⅢB
電子工学科,後期,金,1,1232,船橋校舎,英語ⅢB
物質応用化学科,後期,金,1,1232,船橋校舎,英語ⅢB
物理学科,後期,金,1,1232,船橋校舎,英語ⅢB
数学科,後期,金,1,1232,船橋校舎,英語ⅢB
まちづくり工学科,後期,金,1,1232,船橋校舎,英語ⅢB
応用情報工学科,後期,金,1,1232,船橋校舎,英語ⅢB
一般教育,後期,金,1,1232,船橋校舎,英語ⅢB
物理学科,後期,金,1,1233,船橋校舎,英語ⅠB
物理学科,後期,金,1,1234,船橋校舎,英語ⅠB
土木工学科,後期,金,1,134,船橋校舎,基礎物理学実験 {年間隔週}↓連続２時限【年間隔週】
交通システム工学科,後期,金,1,134,船橋校舎,基礎物理学実験 {年間隔週}↓連続２時限【年間隔週】
交通システム工学科,後期,金,1,134,船橋校舎,基礎物理学実験 {年間隔週}↓連続２時限【年間隔週】
建築学科,後期,金,1,134,船橋校舎,基礎物理学実験 {年間隔週}↓連続２時限【年間隔週】
海洋建築工学科,後期,金,1,134,船橋校舎,基礎物理学実験 {年間隔週}↓連続２時限【年間隔週】
機械工学科,後期,金,1,134,船橋校舎,基礎物理学実験 {年間隔週}↓連続２時限【年間隔週】
精密機械工学科,後期,金,1,134,船橋校舎,基礎物理学実験 {年間隔週}↓連続２時限【年間隔週】
航空宇宙工学科,後期,金,1,134,船橋校舎,基礎物理学実験 {年間隔週}↓連続２時限【年間隔週】
電気工学科,後期,金,1,134,船橋校舎,基礎物理学実験 {年間隔週}↓連続２時限【年間隔週】
電子工学科,後期,金,1,134,船橋校舎,基礎物理学実験 {年間隔週}↓連続２時限【年間隔週】
物質応用化学科,後期,金,1,134,船橋校舎,基礎物理学実験 {年間隔週}↓連続２時限【年間隔週】
物理学科,後期,金,1,134,船橋校舎,基礎物理学実験 {年間隔週}↓連続２時限【年間隔週】
数学科,後期,金,1,134,船橋校舎,基礎物理学実験 {年間隔週}↓連続２時限【年間隔週】
まちづくり工学科,後期,金,1,134,船橋校舎,基礎物理学実験 {年間隔週}↓連続２時限【年間隔週】
応用情報工学科,後期,金,1,134,船橋校舎,基礎物理学実験 {年間隔週}↓連続２時限【年間隔週】
一般教育,後期,金,1,134,船橋校舎,基礎物理学実験 {年間隔週}↓連続２時限【年間隔週】
海洋建築工学科,後期,金,1,1421,船橋校舎,水波工学及び演習↓連続２時限
交通システム工学科,後期,金,1,1422,船橋校舎,交通環境工学
交通システム工学科,後期,金,1,1422,船橋校舎,交通環境工学
土木工学科,後期,金,1,143,船橋校舎,基礎物理学実験 {年間隔週}↓連続２時限【年間隔週】
交通システム工学科,後期,金,1,143,船橋校舎,基礎物理学実験 {年間隔週}↓連続２時限【年間隔週】
交通システム工学科,後期,金,1,143,船橋校舎,基礎物理学実験 {年間隔週}↓連続２時限【年間隔週】
建築学科,後期,金,1,143,船橋校舎,基礎物理学実験 {年間隔週}↓連続２時限【年間隔週】
海洋建築工学科,後期,金,1,143,船橋校舎,基礎物理学実験 {年間隔週}↓連続２時限【年間隔週】
機械工学科,後期,金,1,143,船橋校舎,基礎物理学実験 {年間隔週}↓連続２時限【年間隔週】
精密機械工学科,後期,金,1,143,船橋校舎,基礎物理学実験 {年間隔週}↓連続２時限【年間隔週】
航空宇宙工学科,後期,金,1,143,船橋校舎,基礎物理学実験 {年間隔週}↓連続２時限【年間隔週】
電気工学科,後期,金,1,143,船橋校舎,基礎物理学実験 {年間隔週}↓連続２時限【年間隔週】
電子工学科,後期,金,1,143,船橋校舎,基礎物理学実験 {年間隔週}↓連続２時限【年間隔週】
物質応用化学科,後期,金,1,143,船橋校舎,基礎物理学実験 {年間隔週}↓連続２時限【年間隔週】
物理学科,後期,金,1,143,船橋校舎,基礎物理学実験 {年間隔週}↓連続２時限【年間隔週】
数学科,後期,金,1,143,船橋校舎,基礎物理学実験 {年間隔週}↓連続２時限【年間隔週】
まちづくり工学科,後期,金,1,143,船橋校舎,基礎物理学実験 {年間隔週}↓連続２時限【年間隔週】
応用情報工学科,後期,金,1,143,船橋校舎,基礎物理学実験 {年間隔週}↓連続２時限【年間隔週】
一般教育,後期,金,1,143,船橋校舎,基礎物理学実験 {年間隔週}↓連続２時限【年間隔週】
海洋建築工学科,後期,金,1,1431,船橋校舎,基礎海洋学
航空宇宙工学科,後期,金,1,1433,船橋校舎,材料力学Ⅱ及び演習↓連続２時限
土木工学科,後期,金,1,144,船橋校舎,基礎物理学実験 {年間隔週}↓連続２時限【年間隔週】
交通システム工学科,後期,金,1,144,船橋校舎,基礎物理学実験 {年間隔週}↓連続２時限【年間隔週】
交通システム工学科,後期,金,1,144,船橋校舎,基礎物理学実験 {年間隔週}↓連続２時限【年間隔週】
建築学科,後期,金,1,144,船橋校舎,基礎物理学実験 {年間隔週}↓連続２時限【年間隔週】
海洋建築工学科,後期,金,1,144,船橋校舎,基礎物理学実験 {年間隔週}↓連続２時限【年間隔週】
機械工学科,後期,金,1,144,船橋校舎,基礎物理学実験 {年間隔週}↓連続２時限【年間隔週】
精密機械工学科,後期,金,1,144,船橋校舎,基礎物理学実験 {年間隔週}↓連続２時限【年間隔週】
航空宇宙工学科,後期,金,1,144,船橋校舎,基礎物理学実験 {年間隔週}↓連続２時限【年間隔週】
電気工学科,後期,金,1,144,船橋校舎,基礎物理学実験 {年間隔週}↓連続２時限【年間隔週】
電子工学科,後期,金,1,144,船橋校舎,基礎物理学実験 {年間隔週}↓連続２時限【年間隔週】
物質応用化学科,後期,金,1,144,船橋校舎,基礎物理学実験 {年間隔週}↓連続２時限【年間隔週】
物理学科,後期,金,1,144,船橋校舎,基礎物理学実験 {年間隔週}↓連続２時限【年間隔週】
数学科,後期,金,1,144,船橋校舎,基礎物理学実験 {年間隔週}↓連続２時限【年間隔週】
まちづくり工学科,後期,金,1,144,船橋校舎,基礎物理学実験 {年間隔週}↓連続２時限【年間隔週】
応用情報工学科,後期,金,1,144,船橋校舎,基礎物理学実験 {年間隔週}↓連続２時限【年間隔週】
一般教育,後期,金,1,144,船橋校舎,基礎物理学実験 {年間隔週}↓連続２時限【年間隔週】
電子工学科,後期,金,1,1441,船橋校舎,アナログ集積回路
物質応用化学科,後期,金,1,1442,船橋校舎,分析化学Ⅰ {A}
航空宇宙工学科,後期,金,1,1444,船橋校舎,宇宙機力学Ⅱ {未来}
精密機械工学専攻,後期,金,1,1453,船橋校舎,エネルギー変換工学特論Ⅱ ＊
電子工学専攻,後期,金,1,1454,船橋校舎,画像工学特論 {同時開講}
情報科学専攻,後期,金,1,1454,船橋校舎,画像工学特論 {同時開講}
航空宇宙工学専攻,後期,金,1,1455,船橋校舎,宇宙機力学特論
土木工学科,後期,金,1,341,船橋校舎,基礎化学実験 {年間隔週}↓連続２時限【年間隔週】
交通システム工学科,後期,金,1,341,船橋校舎,基礎化学実験 {年間隔週}↓連続２時限【年間隔週】
交通システム工学科,後期,金,1,341,船橋校舎,基礎化学実験 {年間隔週}↓連続２時限【年間隔週】
建築学科,後期,金,1,341,船橋校舎,基礎化学実験 {年間隔週}↓連続２時限【年間隔週】
海洋建築工学科,後期,金,1,341,船橋校舎,基礎化学実験 {年間隔週}↓連続２時限【年間隔週】
機械工学科,後期,金,1,341,船橋校舎,基礎化学実験 {年間隔週}↓連続２時限【年間隔週】
精密機械工学科,後期,金,1,341,船橋校舎,基礎化学実験 {年間隔週}↓連続２時限【年間隔週】
航空宇宙工学科,後期,金,1,341,船橋校舎,基礎化学実験 {年間隔週}↓連続２時限【年間隔週】
電気工学科,後期,金,1,341,船橋校舎,基礎化学実験 {年間隔週}↓連続２時限【年間隔週】
電子工学科,後期,金,1,341,船橋校舎,基礎化学実験 {年間隔週}↓連続２時限【年間隔週】
物質応用化学科,後期,金,1,341,船橋校舎,基礎化学実験 {年間隔週}↓連続２時限【年間隔週】
物理学科,後期,金,1,341,船橋校舎,基礎化学実験 {年間隔週}↓連続２時限【年間隔週】
数学科,後期,金,1,341,船橋校舎,基礎化学実験 {年間隔週}↓連続２時限【年間隔週】
まちづくり工学科,後期,金,1,341,船橋校舎,基礎化学実験 {年間隔週}↓連続２時限【年間隔週】
応用情報工学科,後期,金,1,341,船橋校舎,基礎化学実験 {年間隔週}↓連続２時限【年間隔週】
一般教育,後期,金,1,341,船橋校舎,基礎化学実験 {年間隔週}↓連続２時限【年間隔週】
土木工学科,後期,金,1,342,船橋校舎,基礎化学実験 {年間隔週}↓連続２時限【年間隔週】
交通システム工学科,後期,金,1,342,船橋校舎,基礎化学実験 {年間隔週}↓連続２時限【年間隔週】
交通システム工学科,後期,金,1,342,船橋校舎,基礎化学実験 {年間隔週}↓連続２時限【年間隔週】
建築学科,後期,金,1,342,船橋校舎,基礎化学実験 {年間隔週}↓連続２時限【年間隔週】
海洋建築工学科,後期,金,1,342,船橋校舎,基礎化学実験 {年間隔週}↓連続２時限【年間隔週】
機械工学科,後期,金,1,342,船橋校舎,基礎化学実験 {年間隔週}↓連続２時限【年間隔週】
精密機械工学科,後期,金,1,342,船橋校舎,基礎化学実験 {年間隔週}↓連続２時限【年間隔週】
航空宇宙工学科,後期,金,1,342,船橋校舎,基礎化学実験 {年間隔週}↓連続２時限【年間隔週】
電気工学科,後期,金,1,342,船橋校舎,基礎化学実験 {年間隔週}↓連続２時限【年間隔週】
電子工学科,後期,金,1,342,船橋校舎,基礎化学実験 {年間隔週}↓連続２時限【年間隔週】
物質応用化学科,後期,金,1,342,船橋校舎,基礎化学実験 {年間隔週}↓連続２時限【年間隔週】
物理学科,後期,金,1,342,船橋校舎,基礎化学実験 {年間隔週}↓連続２時限【年間隔週】
数学科,後期,金,1,342,船橋校舎,基礎化学実験 {年間隔週}↓連続２時限【年間隔週】
まちづくり工学科,後期,金,1,342,船橋校舎,基礎化学実験 {年間隔週}↓連続２時限【年間隔週】
応用情報工学科,後期,金,1,342,船橋校舎,基礎化学実験 {年間隔週}↓連続２時限【年間隔週】
一般教育,後期,金,1,342,船橋校舎,基礎化学実験 {年間隔週}↓連続２時限【年間隔週】
土木工学科,後期,金,1,819,船橋校舎,基礎化学実験 {年間隔週}↓連続２時限【年間隔週】
交通システム工学科,後期,金,1,819,船橋校舎,基礎化学実験 {年間隔週}↓連続２時限【年間隔週】
交通システム工学科,後期,金,1,819,船橋校舎,基礎化学実験 {年間隔週}↓連続２時限【年間隔週】
建築学科,後期,金,1,819,船橋校舎,基礎化学実験 {年間隔週}↓連続２時限【年間隔週】
海洋建築工学科,後期,金,1,819,船橋校舎,基礎化学実験 {年間隔週}↓連続２時限【年間隔週】
機械工学科,後期,金,1,819,船橋校舎,基礎化学実験 {年間隔週}↓連続２時限【年間隔週】
精密機械工学科,後期,金,1,819,船橋校舎,基礎化学実験 {年間隔週}↓連続２時限【年間隔週】
航空宇宙工学科,後期,金,1,819,船橋校舎,基礎化学実験 {年間隔週}↓連続２時限【年間隔週】
電気工学科,後期,金,1,819,船橋校舎,基礎化学実験 {年間隔週}↓連続２時限【年間隔週】
電子工学科,後期,金,1,819,船橋校舎,基礎化学実験 {年間隔週}↓連続２時限【年間隔週】
物質応用化学科,後期,金,1,819,船橋校舎,基礎化学実験 {年間隔週}↓連続２時限【年間隔週】
物理学科,後期,金,1,819,船橋校舎,基礎化学実験 {年間隔週}↓連続２時限【年間隔週】
数学科,後期,金,1,819,船橋校舎,基礎化学実験 {年間隔週}↓連続２時限【年間隔週】
まちづくり工学科,後期,金,1,819,船橋校舎,基礎化学実験 {年間隔週}↓連続２時限【年間隔週】
応用情報工学科,後期,金,1,819,船橋校舎,基礎化学実験 {年間隔週}↓連続２時限【年間隔週】
一般教育,後期,金,1,819,船橋校舎,基礎化学実験 {年間隔週}↓連続２時限【年間隔週】
土木工学科,後期,金,1,826,船橋校舎,基礎化学実験 {年間隔週}↓連続２時限【年間隔週】
交通システム工学科,後期,金,1,826,船橋校舎,基礎化学実験 {年間隔週}↓連続２時限【年間隔週】
交通システム工学科,後期,金,1,826,船橋校舎,基礎化学実験 {年間隔週}↓連続２時限【年間隔週】
建築学科,後期,金,1,826,船橋校舎,基礎化学実験 {年間隔週}↓連続２時限【年間隔週】
海洋建築工学科,後期,金,1,826,船橋校舎,基礎化学実験 {年間隔週}↓連続２時限【年間隔週】
機械工学科,後期,金,1,826,船橋校舎,基礎化学実験 {年間隔週}↓連続２時限【年間隔週】
精密機械工学科,後期,金,1,826,船橋校舎,基礎化学実験 {年間隔週}↓連続２時限【年間隔週】
航空宇宙工学科,後期,金,1,826,船橋校舎,基礎化学実験 {年間隔週}↓連続２時限【年間隔週】
電気工学科,後期,金,1,826,船橋校舎,基礎化学実験 {年間隔週}↓連続２時限【年間隔週】
電子工学科,後期,金,1,826,船橋校舎,基礎化学実験 {年間隔週}↓連続２時限【年間隔週】
物質応用化学科,後期,金,1,826,船橋校舎,基礎化学実験 {年間隔週}↓連続２時限【年間隔週】
物理学科,後期,金,1,826,船橋校舎,基礎化学実験 {年間隔週}↓連続２時限【年間隔週】
数学科,後期,金,1,826,船橋校舎,基礎化学実験 {年間隔週}↓連続２時限【年間隔週】
まちづくり工学科,後期,金,1,826,船橋校舎,基礎化学実験 {年間隔週}↓連続２時限【年間隔週】
応用情報工学科,後期,金,1,826,船橋校舎,基礎化学実験 {年間隔週}↓連続２時限【年間隔週】
一般教育,後期,金,1,826,船橋校舎,基礎化学実験 {年間隔週}↓連続２時限【年間隔週】
土木工学科,後期,金,1,829,船橋校舎,基礎化学実験 {年間隔週}↓連続２時限【年間隔週】
交通システム工学科,後期,金,1,829,船橋校舎,基礎化学実験 {年間隔週}↓連続２時限【年間隔週】
交通システム工学科,後期,金,1,829,船橋校舎,基礎化学実験 {年間隔週}↓連続２時限【年間隔週】
建築学科,後期,金,1,829,船橋校舎,基礎化学実験 {年間隔週}↓連続２時限【年間隔週】
海洋建築工学科,後期,金,1,829,船橋校舎,基礎化学実験 {年間隔週}↓連続２時限【年間隔週】
機械工学科,後期,金,1,829,船橋校舎,基礎化学実験 {年間隔週}↓連続２時限【年間隔週】
精密機械工学科,後期,金,1,829,船橋校舎,基礎化学実験 {年間隔週}↓連続２時限【年間隔週】
航空宇宙工学科,後期,金,1,829,船橋校舎,基礎化学実験 {年間隔週}↓連続２時限【年間隔週】
電気工学科,後期,金,1,829,船橋校舎,基礎化学実験 {年間隔週}↓連続２時限【年間隔週】
電子工学科,後期,金,1,829,船橋校舎,基礎化学実験 {年間隔週}↓連続２時限【年間隔週】
物質応用化学科,後期,金,1,829,船橋校舎,基礎化学実験 {年間隔週}↓連続２時限【年間隔週】
物理学科,後期,金,1,829,船橋校舎,基礎化学実験 {年間隔週}↓連続２時限【年間隔週】
数学科,後期,金,1,829,船橋校舎,基礎化学実験 {年間隔週}↓連続２時限【年間隔週】
まちづくり工学科,後期,金,1,829,船橋校舎,基礎化学実験 {年間隔週}↓連続２時限【年間隔週】
応用情報工学科,後期,金,1,829,船橋校舎,基礎化学実験 {年間隔週}↓連続２時限【年間隔週】
一般教育,後期,金,1,829,船橋校舎,基礎化学実験 {年間隔週}↓連続２時限【年間隔週】
建築学専攻,後期,金,1,0000,駿河台校舎,建築学特別演習↓連続２時限
機械工学科,後期,金,1,131,駿河台校舎,軽量構造力学
物理学科,後期,金,1,141,駿河台校舎,流体力学
電気工学科,後期,金,1,144,駿河台校舎,電磁気学Ⅱ及び演習 {A}↓連続２時限
土木工学科,後期,金,1,151,駿河台校舎,英語ⅢB
交通システム工学科,後期,金,1,151,駿河台校舎,英語ⅢB
交通システム工学科,後期,金,1,151,駿河台校舎,英語ⅢB
建築学科,後期,金,1,151,駿河台校舎,英語ⅢB
海洋建築工学科,後期,金,1,151,駿河台校舎,英語ⅢB
機械工学科,後期,金,1,151,駿河台校舎,英語ⅢB
精密機械工学科,後期,金,1,151,駿河台校舎,英語ⅢB
航空宇宙工学科,後期,金,1,151,駿河台校舎,英語ⅢB
電気工学科,後期,金,1,151,駿河台校舎,英語ⅢB
電子工学科,後期,金,1,151,駿河台校舎,英語ⅢB
物質応用化学科,後期,金,1,151,駿河台校舎,英語ⅢB
物理学科,後期,金,1,151,駿河台校舎,英語ⅢB
数学科,後期,金,1,151,駿河台校舎,英語ⅢB
まちづくり工学科,後期,金,1,151,駿河台校舎,英語ⅢB
応用情報工学科,後期,金,1,151,駿河台校舎,英語ⅢB
一般教育,後期,金,1,151,駿河台校舎,英語ⅢB
土木工学科,後期,金,1,154,駿河台校舎,英語ⅢB
交通システム工学科,後期,金,1,154,駿河台校舎,英語ⅢB
交通システム工学科,後期,金,1,154,駿河台校舎,英語ⅢB
建築学科,後期,金,1,154,駿河台校舎,英語ⅢB
海洋建築工学科,後期,金,1,154,駿河台校舎,英語ⅢB
機械工学科,後期,金,1,154,駿河台校舎,英語ⅢB
精密機械工学科,後期,金,1,154,駿河台校舎,英語ⅢB
航空宇宙工学科,後期,金,1,154,駿河台校舎,英語ⅢB
電気工学科,後期,金,1,154,駿河台校舎,英語ⅢB
電子工学科,後期,金,1,154,駿河台校舎,英語ⅢB
物質応用化学科,後期,金,1,154,駿河台校舎,英語ⅢB
物理学科,後期,金,1,154,駿河台校舎,英語ⅢB
数学科,後期,金,1,154,駿河台校舎,英語ⅢB
まちづくり工学科,後期,金,1,154,駿河台校舎,英語ⅢB
応用情報工学科,後期,金,1,154,駿河台校舎,英語ⅢB
一般教育,後期,金,1,154,駿河台校舎,英語ⅢB
機械工学科,後期,金,1,751,駿河台校舎,機械設計製図ⅡB {B}↓連続２時限
機械工学科,後期,金,1,752,駿河台校舎,機械設計製図ⅡB {B}↓連続２時限
物質応用化学専攻,後期,金,1,831,駿河台校舎,化学工学特論Ⅱ
物理学専攻,後期,金,1,832,駿河台校舎,原子核反応論特論 {カリ変}
物理学科,後期,金,1,843,駿河台校舎,制御理論
土木工学科,後期,金,2,S101,タワースコラ,構造力学及び演習↓連続２時限
数学科,後期,金,2,S202,タワースコラ,代数学及び演習B↓連続２時限
土木工学科,後期,金,2,S203,タワースコラ,経済学 {I群}
交通システム工学科,後期,金,2,S203,タワースコラ,経済学 {I群}
交通システム工学科,後期,金,2,S203,タワースコラ,経済学 {I群}
建築学科,後期,金,2,S203,タワースコラ,経済学 {I群}
海洋建築工学科,後期,金,2,S203,タワースコラ,経済学 {I群}
機械工学科,後期,金,2,S203,タワースコラ,経済学 {I群}
精密機械工学科,後期,金,2,S203,タワースコラ,経済学 {I群}
航空宇宙工学科,後期,金,2,S203,タワースコラ,経済学 {I群}
電気工学科,後期,金,2,S203,タワースコラ,経済学 {I群}
電子工学科,後期,金,2,S203,タワースコラ,経済学 {I群}
物質応用化学科,後期,金,2,S203,タワースコラ,経済学 {I群}
物理学科,後期,金,2,S203,タワースコラ,経済学 {I群}
数学科,後期,金,2,S203,タワースコラ,経済学 {I群}
まちづくり工学科,後期,金,2,S203,タワースコラ,経済学 {I群}
応用情報工学科,後期,金,2,S203,タワースコラ,経済学 {I群}
一般教育,後期,金,2,S203,タワースコラ,経済学 {I群}
建築学科,後期,金,2,S204,タワースコラ,構造力学演習Ⅱ {2}
建築学科,後期,金,2,S301,タワースコラ,環境工学演習Ⅱ {1}
建築学科,後期,金,2,S302,タワースコラ,構造力学演習Ⅳ
一般教育,後期,金,2,S303,タワースコラ,英語特殊講義B
土木工学科,後期,金,2,S304,タワースコラ,科学技術史 {III群}
交通システム工学科,後期,金,2,S304,タワースコラ,科学技術史 {III群}
交通システム工学科,後期,金,2,S304,タワースコラ,科学技術史 {III群}
建築学科,後期,金,2,S304,タワースコラ,科学技術史 {III群}
海洋建築工学科,後期,金,2,S304,タワースコラ,科学技術史 {III群}
機械工学科,後期,金,2,S304,タワースコラ,科学技術史 {III群}
精密機械工学科,後期,金,2,S304,タワースコラ,科学技術史 {III群}
航空宇宙工学科,後期,金,2,S304,タワースコラ,科学技術史 {III群}
電気工学科,後期,金,2,S304,タワースコラ,科学技術史 {III群}
電子工学科,後期,金,2,S304,タワースコラ,科学技術史 {III群}
物質応用化学科,後期,金,2,S304,タワースコラ,科学技術史 {III群}
物理学科,後期,金,2,S304,タワースコラ,科学技術史 {III群}
数学科,後期,金,2,S304,タワースコラ,科学技術史 {III群}
まちづくり工学科,後期,金,2,S304,タワースコラ,科学技術史 {III群}
応用情報工学科,後期,金,2,S304,タワースコラ,科学技術史 {III群}
一般教育,後期,金,2,S304,タワースコラ,科学技術史 {III群}
土木工学専攻,後期,金,2,S305,タワースコラ,河川水理学特論
電気工学科,後期,金,2,S401,タワースコラ,電磁気学Ⅱ及び演習 {B}↓連続２時限
一般教育,後期,金,2,S402,タワースコラ,English Communication Ⅱ
一般教育,後期,金,2,S403,タワースコラ,微分方程式Ⅱ
物理学専攻,後期,金,2,S406,タワースコラ,プラズマ物理学特論Ⅱ
電気工学科,後期,金,2,S505,タワースコラ,送配電工学Ⅰ
土木工学専攻,後期,金,2,S601,タワースコラ,土木地質学特論
電気工学専攻,後期,金,2,S602,タワースコラ,機能デバイス特論
物理学専攻,後期,金,2,S603,タワースコラ,素粒子物理学Ⅱ {同時開講}
量子理工学専攻,後期,金,2,S603,タワースコラ,素粒子物理学Ⅱ {同時開講}
一般教育,後期,金,2,S604,タワースコラ,English Communication Ⅱ
一般教育,後期,金,2,1011,船橋校舎,英語特殊講義A
一般教育,後期,金,2,1012,船橋校舎,英語特殊講義B
土木工学科,後期,金,2,1021,船橋校舎,健康の科学
交通システム工学科,後期,金,2,1021,船橋校舎,健康の科学
交通システム工学科,後期,金,2,1021,船橋校舎,健康の科学
建築学科,後期,金,2,1021,船橋校舎,健康の科学
海洋建築工学科,後期,金,2,1021,船橋校舎,健康の科学
機械工学科,後期,金,2,1021,船橋校舎,健康の科学
精密機械工学科,後期,金,2,1021,船橋校舎,健康の科学
航空宇宙工学科,後期,金,2,1021,船橋校舎,健康の科学
電気工学科,後期,金,2,1021,船橋校舎,健康の科学
電子工学科,後期,金,2,1021,船橋校舎,健康の科学
物質応用化学科,後期,金,2,1021,船橋校舎,健康の科学
物理学科,後期,金,2,1021,船橋校舎,健康の科学
数学科,後期,金,2,1021,船橋校舎,健康の科学
まちづくり工学科,後期,金,2,1021,船橋校舎,健康の科学
応用情報工学科,後期,金,2,1021,船橋校舎,健康の科学
一般教育,後期,金,2,1021,船橋校舎,健康の科学
機械工学科,後期,金,2,1032,船橋校舎,英語ⅠB
機械工学科,後期,金,2,1033,船橋校舎,英語ⅠB
機械工学科,後期,金,2,1041,船橋校舎,英語ⅠB
機械工学科,後期,金,2,1043,船橋校舎,英語ⅠB
土木工学科,後期,金,2,105,船橋校舎,基礎物理学実験 {年間隔週}↓連続２時限【年間隔週】
交通システム工学科,後期,金,2,105,船橋校舎,基礎物理学実験 {年間隔週}↓連続２時限【年間隔週】
交通システム工学科,後期,金,2,105,船橋校舎,基礎物理学実験 {年間隔週}↓連続２時限【年間隔週】
建築学科,後期,金,2,105,船橋校舎,基礎物理学実験 {年間隔週}↓連続２時限【年間隔週】
海洋建築工学科,後期,金,2,105,船橋校舎,基礎物理学実験 {年間隔週}↓連続２時限【年間隔週】
機械工学科,後期,金,2,105,船橋校舎,基礎物理学実験 {年間隔週}↓連続２時限【年間隔週】
精密機械工学科,後期,金,2,105,船橋校舎,基礎物理学実験 {年間隔週}↓連続２時限【年間隔週】
航空宇宙工学科,後期,金,2,105,船橋校舎,基礎物理学実験 {年間隔週}↓連続２時限【年間隔週】
電気工学科,後期,金,2,105,船橋校舎,基礎物理学実験 {年間隔週}↓連続２時限【年間隔週】
電子工学科,後期,金,2,105,船橋校舎,基礎物理学実験 {年間隔週}↓連続２時限【年間隔週】
物質応用化学科,後期,金,2,105,船橋校舎,基礎物理学実験 {年間隔週}↓連続２時限【年間隔週】
物理学科,後期,金,2,105,船橋校舎,基礎物理学実験 {年間隔週}↓連続２時限【年間隔週】
数学科,後期,金,2,105,船橋校舎,基礎物理学実験 {年間隔週}↓連続２時限【年間隔週】
まちづくり工学科,後期,金,2,105,船橋校舎,基礎物理学実験 {年間隔週}↓連続２時限【年間隔週】
応用情報工学科,後期,金,2,105,船橋校舎,基礎物理学実験 {年間隔週}↓連続２時限【年間隔週】
一般教育,後期,金,2,105,船橋校舎,基礎物理学実験 {年間隔週}↓連続２時限【年間隔週】
数学科,後期,金,2,1123,船橋校舎,数学入門Ｂ {1}
土木工学科,後期,金,2,113,船橋校舎,基礎物理学実験 {年間隔週}↓連続２時限【年間隔週】
交通システム工学科,後期,金,2,113,船橋校舎,基礎物理学実験 {年間隔週}↓連続２時限【年間隔週】
交通システム工学科,後期,金,2,113,船橋校舎,基礎物理学実験 {年間隔週}↓連続２時限【年間隔週】
建築学科,後期,金,2,113,船橋校舎,基礎物理学実験 {年間隔週}↓連続２時限【年間隔週】
海洋建築工学科,後期,金,2,113,船橋校舎,基礎物理学実験 {年間隔週}↓連続２時限【年間隔週】
機械工学科,後期,金,2,113,船橋校舎,基礎物理学実験 {年間隔週}↓連続２時限【年間隔週】
精密機械工学科,後期,金,2,113,船橋校舎,基礎物理学実験 {年間隔週}↓連続２時限【年間隔週】
航空宇宙工学科,後期,金,2,113,船橋校舎,基礎物理学実験 {年間隔週}↓連続２時限【年間隔週】
電気工学科,後期,金,2,113,船橋校舎,基礎物理学実験 {年間隔週}↓連続２時限【年間隔週】
電子工学科,後期,金,2,113,船橋校舎,基礎物理学実験 {年間隔週}↓連続２時限【年間隔週】
物質応用化学科,後期,金,2,113,船橋校舎,基礎物理学実験 {年間隔週}↓連続２時限【年間隔週】
物理学科,後期,金,2,113,船橋校舎,基礎物理学実験 {年間隔週}↓連続２時限【年間隔週】
数学科,後期,金,2,113,船橋校舎,基礎物理学実験 {年間隔週}↓連続２時限【年間隔週】
まちづくり工学科,後期,金,2,113,船橋校舎,基礎物理学実験 {年間隔週}↓連続２時限【年間隔週】
応用情報工学科,後期,金,2,113,船橋校舎,基礎物理学実験 {年間隔週}↓連続２時限【年間隔週】
一般教育,後期,金,2,113,船橋校舎,基礎物理学実験 {年間隔週}↓連続２時限【年間隔週】
数学科,後期,金,2,1133,船橋校舎,コンピュータ概論Ｂ {2}
物理学科,後期,金,2,1142,船橋校舎,微分積分学Ⅱ {1}
物理学科,後期,金,2,1143,船橋校舎,微分積分学Ⅱ {2}
応用情報工学科,後期,金,2,1201,船橋校舎,Javaプログラミング
数学科,後期,金,2,1202,船橋校舎,コンピュータ概論Ｂ {2}
数学科,後期,金,2,1221,船橋校舎,コンピュータ概論Ｂ {2}
一般教育,後期,金,2,1232,船橋校舎,英語特殊講義A
一般教育,後期,金,2,1234,船橋校舎,英語特殊講義B
精密機械工学科,後期,金,2,1325,船橋校舎,ロボット工学Ⅰ
海洋建築工学科,後期,金,2,1326,船橋校舎,ベーシックデザイン演習↓連続２時限
土木工学科,後期,金,2,134,船橋校舎,基礎物理学実験 {年間隔週}↓連続２時限【年間隔週】
交通システム工学科,後期,金,2,134,船橋校舎,基礎物理学実験 {年間隔週}↓連続２時限【年間隔週】
交通システム工学科,後期,金,2,134,船橋校舎,基礎物理学実験 {年間隔週}↓連続２時限【年間隔週】
建築学科,後期,金,2,134,船橋校舎,基礎物理学実験 {年間隔週}↓連続２時限【年間隔週】
海洋建築工学科,後期,金,2,134,船橋校舎,基礎物理学実験 {年間隔週}↓連続２時限【年間隔週】
機械工学科,後期,金,2,134,船橋校舎,基礎物理学実験 {年間隔週}↓連続２時限【年間隔週】
精密機械工学科,後期,金,2,134,船橋校舎,基礎物理学実験 {年間隔週}↓連続２時限【年間隔週】
航空宇宙工学科,後期,金,2,134,船橋校舎,基礎物理学実験 {年間隔週}↓連続２時限【年間隔週】
電気工学科,後期,金,2,134,船橋校舎,基礎物理学実験 {年間隔週}↓連続２時限【年間隔週】
電子工学科,後期,金,2,134,船橋校舎,基礎物理学実験 {年間隔週}↓連続２時限【年間隔週】
物質応用化学科,後期,金,2,134,船橋校舎,基礎物理学実験 {年間隔週}↓連続２時限【年間隔週】
物理学科,後期,金,2,134,船橋校舎,基礎物理学実験 {年間隔週}↓連続２時限【年間隔週】
数学科,後期,金,2,134,船橋校舎,基礎物理学実験 {年間隔週}↓連続２時限【年間隔週】
まちづくり工学科,後期,金,2,134,船橋校舎,基礎物理学実験 {年間隔週}↓連続２時限【年間隔週】
応用情報工学科,後期,金,2,134,船橋校舎,基礎物理学実験 {年間隔週}↓連続２時限【年間隔週】
一般教育,後期,金,2,134,船橋校舎,基礎物理学実験 {年間隔週}↓連続２時限【年間隔週】
海洋建築工学科,後期,金,2,1421,船橋校舎,水波工学及び演習↓連続２時限
まちづくり工学科,後期,金,2,1422,船橋校舎,まちづくり人間科学演習
応用情報工学科,後期,金,2,1423,船橋校舎,通信システム基礎
交通システム工学科,後期,金,2,1424,船橋校舎,技術者のための会計学
交通システム工学科,後期,金,2,1424,船橋校舎,技術者のための会計学
応用情報工学科,後期,金,2,1424,船橋校舎,Javaプログラミング
土木工学科,後期,金,2,143,船橋校舎,基礎物理学実験 {年間隔週}↓連続２時限【年間隔週】
交通システム工学科,後期,金,2,143,船橋校舎,基礎物理学実験 {年間隔週}↓連続２時限【年間隔週】
交通システム工学科,後期,金,2,143,船橋校舎,基礎物理学実験 {年間隔週}↓連続２時限【年間隔週】
建築学科,後期,金,2,143,船橋校舎,基礎物理学実験 {年間隔週}↓連続２時限【年間隔週】
海洋建築工学科,後期,金,2,143,船橋校舎,基礎物理学実験 {年間隔週}↓連続２時限【年間隔週】
機械工学科,後期,金,2,143,船橋校舎,基礎物理学実験 {年間隔週}↓連続２時限【年間隔週】
精密機械工学科,後期,金,2,143,船橋校舎,基礎物理学実験 {年間隔週}↓連続２時限【年間隔週】
航空宇宙工学科,後期,金,2,143,船橋校舎,基礎物理学実験 {年間隔週}↓連続２時限【年間隔週】
電気工学科,後期,金,2,143,船橋校舎,基礎物理学実験 {年間隔週}↓連続２時限【年間隔週】
電子工学科,後期,金,2,143,船橋校舎,基礎物理学実験 {年間隔週}↓連続２時限【年間隔週】
物質応用化学科,後期,金,2,143,船橋校舎,基礎物理学実験 {年間隔週}↓連続２時限【年間隔週】
物理学科,後期,金,2,143,船橋校舎,基礎物理学実験 {年間隔週}↓連続２時限【年間隔週】
数学科,後期,金,2,143,船橋校舎,基礎物理学実験 {年間隔週}↓連続２時限【年間隔週】
まちづくり工学科,後期,金,2,143,船橋校舎,基礎物理学実験 {年間隔週}↓連続２時限【年間隔週】
応用情報工学科,後期,金,2,143,船橋校舎,基礎物理学実験 {年間隔週}↓連続２時限【年間隔週】
一般教育,後期,金,2,143,船橋校舎,基礎物理学実験 {年間隔週}↓連続２時限【年間隔週】
応用情報工学科,後期,金,2,1431,船橋校舎,回路理論Ⅱ {1}
応用情報工学科,後期,金,2,1432,船橋校舎,回路理論Ⅱ {2}
航空宇宙工学科,後期,金,2,1433,船橋校舎,材料力学Ⅱ及び演習↓連続２時限
建築学科,後期,金,2,1434,船橋校舎,デザイン基礎Ⅱ {2}↓連続３時限
土木工学科,後期,金,2,144,船橋校舎,基礎物理学実験 {年間隔週}↓連続２時限【年間隔週】
交通システム工学科,後期,金,2,144,船橋校舎,基礎物理学実験 {年間隔週}↓連続２時限【年間隔週】
交通システム工学科,後期,金,2,144,船橋校舎,基礎物理学実験 {年間隔週}↓連続２時限【年間隔週】
建築学科,後期,金,2,144,船橋校舎,基礎物理学実験 {年間隔週}↓連続２時限【年間隔週】
海洋建築工学科,後期,金,2,144,船橋校舎,基礎物理学実験 {年間隔週}↓連続２時限【年間隔週】
機械工学科,後期,金,2,144,船橋校舎,基礎物理学実験 {年間隔週}↓連続２時限【年間隔週】
精密機械工学科,後期,金,2,144,船橋校舎,基礎物理学実験 {年間隔週}↓連続２時限【年間隔週】
航空宇宙工学科,後期,金,2,144,船橋校舎,基礎物理学実験 {年間隔週}↓連続２時限【年間隔週】
電気工学科,後期,金,2,144,船橋校舎,基礎物理学実験 {年間隔週}↓連続２時限【年間隔週】
電子工学科,後期,金,2,144,船橋校舎,基礎物理学実験 {年間隔週}↓連続２時限【年間隔週】
物質応用化学科,後期,金,2,144,船橋校舎,基礎物理学実験 {年間隔週}↓連続２時限【年間隔週】
物理学科,後期,金,2,144,船橋校舎,基礎物理学実験 {年間隔週}↓連続２時限【年間隔週】
数学科,後期,金,2,144,船橋校舎,基礎物理学実験 {年間隔週}↓連続２時限【年間隔週】
まちづくり工学科,後期,金,2,144,船橋校舎,基礎物理学実験 {年間隔週}↓連続２時限【年間隔週】
応用情報工学科,後期,金,2,144,船橋校舎,基礎物理学実験 {年間隔週}↓連続２時限【年間隔週】
一般教育,後期,金,2,144,船橋校舎,基礎物理学実験 {年間隔週}↓連続２時限【年間隔週】
電子工学科,後期,金,2,1441,船橋校舎,量子力学基礎
物質応用化学科,後期,金,2,1442,船橋校舎,分析化学Ⅰ {B}
航空宇宙工学科,後期,金,2,1444,船橋校舎,粘性流体力学
海洋建築工学専攻,後期,金,2,1452,船橋校舎,計算工学特論Ⅱ ＊
精密機械工学専攻,後期,金,2,1453,船橋校舎,物質工学特論Ⅱ ＊
電子工学専攻,後期,金,2,1454,船橋校舎,符号理論特論 {同時開講}
情報科学専攻,後期,金,2,1454,船橋校舎,符号理論特論 {同時開講}
航空宇宙工学専攻,後期,金,2,1455,船橋校舎,宇宙推進システム
量子理工学専攻,後期,金,2,1457,船橋校舎,X線光学
建築学科,後期,金,2,14号館製図室,船橋校舎,デザイン基礎Ⅱ {2}↓連続３時限
土木工学科,後期,金,2,341,船橋校舎,基礎化学実験 {年間隔週}↓連続２時限【年間隔週】
交通システム工学科,後期,金,2,341,船橋校舎,基礎化学実験 {年間隔週}↓連続２時限【年間隔週】
交通システム工学科,後期,金,2,341,船橋校舎,基礎化学実験 {年間隔週}↓連続２時限【年間隔週】
建築学科,後期,金,2,341,船橋校舎,基礎化学実験 {年間隔週}↓連続２時限【年間隔週】
海洋建築工学科,後期,金,2,341,船橋校舎,基礎化学実験 {年間隔週}↓連続２時限【年間隔週】
機械工学科,後期,金,2,341,船橋校舎,基礎化学実験 {年間隔週}↓連続２時限【年間隔週】
精密機械工学科,後期,金,2,341,船橋校舎,基礎化学実験 {年間隔週}↓連続２時限【年間隔週】
航空宇宙工学科,後期,金,2,341,船橋校舎,基礎化学実験 {年間隔週}↓連続２時限【年間隔週】
電気工学科,後期,金,2,341,船橋校舎,基礎化学実験 {年間隔週}↓連続２時限【年間隔週】
電子工学科,後期,金,2,341,船橋校舎,基礎化学実験 {年間隔週}↓連続２時限【年間隔週】
物質応用化学科,後期,金,2,341,船橋校舎,基礎化学実験 {年間隔週}↓連続２時限【年間隔週】
物理学科,後期,金,2,341,船橋校舎,基礎化学実験 {年間隔週}↓連続２時限【年間隔週】
数学科,後期,金,2,341,船橋校舎,基礎化学実験 {年間隔週}↓連続２時限【年間隔週】
まちづくり工学科,後期,金,2,341,船橋校舎,基礎化学実験 {年間隔週}↓連続２時限【年間隔週】
応用情報工学科,後期,金,2,341,船橋校舎,基礎化学実験 {年間隔週}↓連続２時限【年間隔週】
一般教育,後期,金,2,341,船橋校舎,基礎化学実験 {年間隔週}↓連続２時限【年間隔週】
土木工学科,後期,金,2,342,船橋校舎,基礎化学実験 {年間隔週}↓連続２時限【年間隔週】
交通システム工学科,後期,金,2,342,船橋校舎,基礎化学実験 {年間隔週}↓連続２時限【年間隔週】
交通システム工学科,後期,金,2,342,船橋校舎,基礎化学実験 {年間隔週}↓連続２時限【年間隔週】
建築学科,後期,金,2,342,船橋校舎,基礎化学実験 {年間隔週}↓連続２時限【年間隔週】
海洋建築工学科,後期,金,2,342,船橋校舎,基礎化学実験 {年間隔週}↓連続２時限【年間隔週】
機械工学科,後期,金,2,342,船橋校舎,基礎化学実験 {年間隔週}↓連続２時限【年間隔週】
精密機械工学科,後期,金,2,342,船橋校舎,基礎化学実験 {年間隔週}↓連続２時限【年間隔週】
航空宇宙工学科,後期,金,2,342,船橋校舎,基礎化学実験 {年間隔週}↓連続２時限【年間隔週】
電気工学科,後期,金,2,342,船橋校舎,基礎化学実験 {年間隔週}↓連続２時限【年間隔週】
電子工学科,後期,金,2,342,船橋校舎,基礎化学実験 {年間隔週}↓連続２時限【年間隔週】
物質応用化学科,後期,金,2,342,船橋校舎,基礎化学実験 {年間隔週}↓連続２時限【年間隔週】
物理学科,後期,金,2,342,船橋校舎,基礎化学実験 {年間隔週}↓連続２時限【年間隔週】
数学科,後期,金,2,342,船橋校舎,基礎化学実験 {年間隔週}↓連続２時限【年間隔週】
まちづくり工学科,後期,金,2,342,船橋校舎,基礎化学実験 {年間隔週}↓連続２時限【年間隔週】
応用情報工学科,後期,金,2,342,船橋校舎,基礎化学実験 {年間隔週}↓連続２時限【年間隔週】
一般教育,後期,金,2,342,船橋校舎,基礎化学実験 {年間隔週}↓連続２時限【年間隔週】
海洋建築工学科,後期,金,2,521/2/3/4/5/7/8/9/10,船橋校舎,ベーシックデザイン演習↓連続２時限
土木工学科,後期,金,2,819,船橋校舎,基礎化学実験 {年間隔週}↓連続２時限【年間隔週】
交通システム工学科,後期,金,2,819,船橋校舎,基礎化学実験 {年間隔週}↓連続２時限【年間隔週】
交通システム工学科,後期,金,2,819,船橋校舎,基礎化学実験 {年間隔週}↓連続２時限【年間隔週】
建築学科,後期,金,2,819,船橋校舎,基礎化学実験 {年間隔週}↓連続２時限【年間隔週】
海洋建築工学科,後期,金,2,819,船橋校舎,基礎化学実験 {年間隔週}↓連続２時限【年間隔週】
機械工学科,後期,金,2,819,船橋校舎,基礎化学実験 {年間隔週}↓連続２時限【年間隔週】
精密機械工学科,後期,金,2,819,船橋校舎,基礎化学実験 {年間隔週}↓連続２時限【年間隔週】
航空宇宙工学科,後期,金,2,819,船橋校舎,基礎化学実験 {年間隔週}↓連続２時限【年間隔週】
電気工学科,後期,金,2,819,船橋校舎,基礎化学実験 {年間隔週}↓連続２時限【年間隔週】
電子工学科,後期,金,2,819,船橋校舎,基礎化学実験 {年間隔週}↓連続２時限【年間隔週】
物質応用化学科,後期,金,2,819,船橋校舎,基礎化学実験 {年間隔週}↓連続２時限【年間隔週】
物理学科,後期,金,2,819,船橋校舎,基礎化学実験 {年間隔週}↓連続２時限【年間隔週】
数学科,後期,金,2,819,船橋校舎,基礎化学実験 {年間隔週}↓連続２時限【年間隔週】
まちづくり工学科,後期,金,2,819,船橋校舎,基礎化学実験 {年間隔週}↓連続２時限【年間隔週】
応用情報工学科,後期,金,2,819,船橋校舎,基礎化学実験 {年間隔週}↓連続２時限【年間隔週】
一般教育,後期,金,2,819,船橋校舎,基礎化学実験 {年間隔週}↓連続２時限【年間隔週】
土木工学科,後期,金,2,826,船橋校舎,基礎化学実験 {年間隔週}↓連続２時限【年間隔週】
交通システム工学科,後期,金,2,826,船橋校舎,基礎化学実験 {年間隔週}↓連続２時限【年間隔週】
交通システム工学科,後期,金,2,826,船橋校舎,基礎化学実験 {年間隔週}↓連続２時限【年間隔週】
建築学科,後期,金,2,826,船橋校舎,基礎化学実験 {年間隔週}↓連続２時限【年間隔週】
海洋建築工学科,後期,金,2,826,船橋校舎,基礎化学実験 {年間隔週}↓連続２時限【年間隔週】
機械工学科,後期,金,2,826,船橋校舎,基礎化学実験 {年間隔週}↓連続２時限【年間隔週】
精密機械工学科,後期,金,2,826,船橋校舎,基礎化学実験 {年間隔週}↓連続２時限【年間隔週】
航空宇宙工学科,後期,金,2,826,船橋校舎,基礎化学実験 {年間隔週}↓連続２時限【年間隔週】
電気工学科,後期,金,2,826,船橋校舎,基礎化学実験 {年間隔週}↓連続２時限【年間隔週】
電子工学科,後期,金,2,826,船橋校舎,基礎化学実験 {年間隔週}↓連続２時限【年間隔週】
物質応用化学科,後期,金,2,826,船橋校舎,基礎化学実験 {年間隔週}↓連続２時限【年間隔週】
物理学科,後期,金,2,826,船橋校舎,基礎化学実験 {年間隔週}↓連続２時限【年間隔週】
数学科,後期,金,2,826,船橋校舎,基礎化学実験 {年間隔週}↓連続２時限【年間隔週】
まちづくり工学科,後期,金,2,826,船橋校舎,基礎化学実験 {年間隔週}↓連続２時限【年間隔週】
応用情報工学科,後期,金,2,826,船橋校舎,基礎化学実験 {年間隔週}↓連続２時限【年間隔週】
一般教育,後期,金,2,826,船橋校舎,基礎化学実験 {年間隔週}↓連続２時限【年間隔週】
土木工学科,後期,金,2,829,船橋校舎,基礎化学実験 {年間隔週}↓連続２時限【年間隔週】
交通システム工学科,後期,金,2,829,船橋校舎,基礎化学実験 {年間隔週}↓連続２時限【年間隔週】
交通システム工学科,後期,金,2,829,船橋校舎,基礎化学実験 {年間隔週}↓連続２時限【年間隔週】
建築学科,後期,金,2,829,船橋校舎,基礎化学実験 {年間隔週}↓連続２時限【年間隔週】
海洋建築工学科,後期,金,2,829,船橋校舎,基礎化学実験 {年間隔週}↓連続２時限【年間隔週】
機械工学科,後期,金,2,829,船橋校舎,基礎化学実験 {年間隔週}↓連続２時限【年間隔週】
精密機械工学科,後期,金,2,829,船橋校舎,基礎化学実験 {年間隔週}↓連続２時限【年間隔週】
航空宇宙工学科,後期,金,2,829,船橋校舎,基礎化学実験 {年間隔週}↓連続２時限【年間隔週】
電気工学科,後期,金,2,829,船橋校舎,基礎化学実験 {年間隔週}↓連続２時限【年間隔週】
電子工学科,後期,金,2,829,船橋校舎,基礎化学実験 {年間隔週}↓連続２時限【年間隔週】
物質応用化学科,後期,金,2,829,船橋校舎,基礎化学実験 {年間隔週}↓連続２時限【年間隔週】
物理学科,後期,金,2,829,船橋校舎,基礎化学実験 {年間隔週}↓連続２時限【年間隔週】
数学科,後期,金,2,829,船橋校舎,基礎化学実験 {年間隔週}↓連続２時限【年間隔週】
まちづくり工学科,後期,金,2,829,船橋校舎,基礎化学実験 {年間隔週}↓連続２時限【年間隔週】
応用情報工学科,後期,金,2,829,船橋校舎,基礎化学実験 {年間隔週}↓連続２時限【年間隔週】
一般教育,後期,金,2,829,船橋校舎,基礎化学実験 {年間隔週}↓連続２時限【年間隔週】
交通システム工学科,後期,金,2,測量実習ｾﾝﾀｰ(演習室AB),船橋校舎,空間情報工学
交通システム工学科,後期,金,2,測量実習ｾﾝﾀｰ(演習室AB),船橋校舎,空間情報工学
建築学専攻,後期,金,2,0000,駿河台校舎,建築学特別演習↓連続２時限
機械工学科,後期,金,2,131,駿河台校舎,弾性学Ⅱ
土木工学科,後期,金,2,132,駿河台校舎,科学技術と人間 {III群}
交通システム工学科,後期,金,2,132,駿河台校舎,科学技術と人間 {III群}
交通システム工学科,後期,金,2,132,駿河台校舎,科学技術と人間 {III群}
建築学科,後期,金,2,132,駿河台校舎,科学技術と人間 {III群}
海洋建築工学科,後期,金,2,132,駿河台校舎,科学技術と人間 {III群}
機械工学科,後期,金,2,132,駿河台校舎,科学技術と人間 {III群}
精密機械工学科,後期,金,2,132,駿河台校舎,科学技術と人間 {III群}
航空宇宙工学科,後期,金,2,132,駿河台校舎,科学技術と人間 {III群}
電気工学科,後期,金,2,132,駿河台校舎,科学技術と人間 {III群}
電子工学科,後期,金,2,132,駿河台校舎,科学技術と人間 {III群}
物質応用化学科,後期,金,2,132,駿河台校舎,科学技術と人間 {III群}
物理学科,後期,金,2,132,駿河台校舎,科学技術と人間 {III群}
数学科,後期,金,2,132,駿河台校舎,科学技術と人間 {III群}
まちづくり工学科,後期,金,2,132,駿河台校舎,科学技術と人間 {III群}
応用情報工学科,後期,金,2,132,駿河台校舎,科学技術と人間 {III群}
一般教育,後期,金,2,132,駿河台校舎,科学技術と人間 {III群}
土木工学科,後期,金,2,133,駿河台校舎,知的財産権論 {III群}
交通システム工学科,後期,金,2,133,駿河台校舎,知的財産権論 {III群}
交通システム工学科,後期,金,2,133,駿河台校舎,知的財産権論 {III群}
建築学科,後期,金,2,133,駿河台校舎,知的財産権論 {III群}
海洋建築工学科,後期,金,2,133,駿河台校舎,知的財産権論 {III群}
機械工学科,後期,金,2,133,駿河台校舎,知的財産権論 {III群}
精密機械工学科,後期,金,2,133,駿河台校舎,知的財産権論 {III群}
航空宇宙工学科,後期,金,2,133,駿河台校舎,知的財産権論 {III群}
電気工学科,後期,金,2,133,駿河台校舎,知的財産権論 {III群}
電子工学科,後期,金,2,133,駿河台校舎,知的財産権論 {III群}
物質応用化学科,後期,金,2,133,駿河台校舎,知的財産権論 {III群}
物理学科,後期,金,2,133,駿河台校舎,知的財産権論 {III群}
数学科,後期,金,2,133,駿河台校舎,知的財産権論 {III群}
まちづくり工学科,後期,金,2,133,駿河台校舎,知的財産権論 {III群}
応用情報工学科,後期,金,2,133,駿河台校舎,知的財産権論 {III群}
一般教育,後期,金,2,133,駿河台校舎,知的財産権論 {III群}
まちづくり工学科,後期,金,2,134,駿河台校舎,構造力学Ⅱ
土木工学科,後期,金,2,141,駿河台校舎,日本国憲法 {I群}
交通システム工学科,後期,金,2,141,駿河台校舎,日本国憲法 {I群}
交通システム工学科,後期,金,2,141,駿河台校舎,日本国憲法 {I群}
建築学科,後期,金,2,141,駿河台校舎,日本国憲法 {I群}
海洋建築工学科,後期,金,2,141,駿河台校舎,日本国憲法 {I群}
機械工学科,後期,金,2,141,駿河台校舎,日本国憲法 {I群}
精密機械工学科,後期,金,2,141,駿河台校舎,日本国憲法 {I群}
航空宇宙工学科,後期,金,2,141,駿河台校舎,日本国憲法 {I群}
電気工学科,後期,金,2,141,駿河台校舎,日本国憲法 {I群}
電子工学科,後期,金,2,141,駿河台校舎,日本国憲法 {I群}
物質応用化学科,後期,金,2,141,駿河台校舎,日本国憲法 {I群}
物理学科,後期,金,2,141,駿河台校舎,日本国憲法 {I群}
数学科,後期,金,2,141,駿河台校舎,日本国憲法 {I群}
まちづくり工学科,後期,金,2,141,駿河台校舎,日本国憲法 {I群}
応用情報工学科,後期,金,2,141,駿河台校舎,日本国憲法 {I群}
一般教育,後期,金,2,141,駿河台校舎,日本国憲法 {I群}
機械工学科,後期,金,2,142,駿河台校舎,機械要素Ⅱ {A}
土木工学科,後期,金,2,143,駿河台校舎,日本語表現の基礎 {II群}
交通システム工学科,後期,金,2,143,駿河台校舎,日本語表現の基礎 {II群}
交通システム工学科,後期,金,2,143,駿河台校舎,日本語表現の基礎 {II群}
建築学科,後期,金,2,143,駿河台校舎,日本語表現の基礎 {II群}
海洋建築工学科,後期,金,2,143,駿河台校舎,日本語表現の基礎 {II群}
機械工学科,後期,金,2,143,駿河台校舎,日本語表現の基礎 {II群}
精密機械工学科,後期,金,2,143,駿河台校舎,日本語表現の基礎 {II群}
航空宇宙工学科,後期,金,2,143,駿河台校舎,日本語表現の基礎 {II群}
電気工学科,後期,金,2,143,駿河台校舎,日本語表現の基礎 {II群}
電子工学科,後期,金,2,143,駿河台校舎,日本語表現の基礎 {II群}
物質応用化学科,後期,金,2,143,駿河台校舎,日本語表現の基礎 {II群}
物理学科,後期,金,2,143,駿河台校舎,日本語表現の基礎 {II群}
数学科,後期,金,2,143,駿河台校舎,日本語表現の基礎 {II群}
まちづくり工学科,後期,金,2,143,駿河台校舎,日本語表現の基礎 {II群}
応用情報工学科,後期,金,2,143,駿河台校舎,日本語表現の基礎 {II群}
一般教育,後期,金,2,143,駿河台校舎,日本語表現の基礎 {II群}
電気工学科,後期,金,2,144,駿河台校舎,電磁気学Ⅱ及び演習 {A}↓連続２時限
土木工学科,後期,金,2,151,駿河台校舎,ことばと文化 {I群}
交通システム工学科,後期,金,2,151,駿河台校舎,ことばと文化 {I群}
交通システム工学科,後期,金,2,151,駿河台校舎,ことばと文化 {I群}
建築学科,後期,金,2,151,駿河台校舎,ことばと文化 {I群}
海洋建築工学科,後期,金,2,151,駿河台校舎,ことばと文化 {I群}
機械工学科,後期,金,2,151,駿河台校舎,ことばと文化 {I群}
精密機械工学科,後期,金,2,151,駿河台校舎,ことばと文化 {I群}
航空宇宙工学科,後期,金,2,151,駿河台校舎,ことばと文化 {I群}
電気工学科,後期,金,2,151,駿河台校舎,ことばと文化 {I群}
電子工学科,後期,金,2,151,駿河台校舎,ことばと文化 {I群}
物質応用化学科,後期,金,2,151,駿河台校舎,ことばと文化 {I群}
物理学科,後期,金,2,151,駿河台校舎,ことばと文化 {I群}
数学科,後期,金,2,151,駿河台校舎,ことばと文化 {I群}
まちづくり工学科,後期,金,2,151,駿河台校舎,ことばと文化 {I群}
応用情報工学科,後期,金,2,151,駿河台校舎,ことばと文化 {I群}
一般教育,後期,金,2,151,駿河台校舎,ことばと文化 {I群}
数学科,後期,金,2,152,駿河台校舎,代数学入門Ｂ
土木工学科,後期,金,2,171,駿河台校舎,哲学 {II群}
交通システム工学科,後期,金,2,171,駿河台校舎,哲学 {II群}
交通システム工学科,後期,金,2,171,駿河台校舎,哲学 {II群}
建築学科,後期,金,2,171,駿河台校舎,哲学 {II群}
海洋建築工学科,後期,金,2,171,駿河台校舎,哲学 {II群}
機械工学科,後期,金,2,171,駿河台校舎,哲学 {II群}
精密機械工学科,後期,金,2,171,駿河台校舎,哲学 {II群}
航空宇宙工学科,後期,金,2,171,駿河台校舎,哲学 {II群}
電気工学科,後期,金,2,171,駿河台校舎,哲学 {II群}
電子工学科,後期,金,2,171,駿河台校舎,哲学 {II群}
物質応用化学科,後期,金,2,171,駿河台校舎,哲学 {II群}
物理学科,後期,金,2,171,駿河台校舎,哲学 {II群}
数学科,後期,金,2,171,駿河台校舎,哲学 {II群}
まちづくり工学科,後期,金,2,171,駿河台校舎,哲学 {II群}
応用情報工学科,後期,金,2,171,駿河台校舎,哲学 {II群}
一般教育,後期,金,2,171,駿河台校舎,哲学 {II群}
機械工学科,後期,金,2,751,駿河台校舎,機械設計製図ⅡB {B}↓連続２時限
機械工学科,後期,金,2,752,駿河台校舎,機械設計製図ⅡB {B}↓連続２時限
物質応用化学専攻,後期,金,2,831,駿河台校舎,無機化学特論Ⅰ
物理学科,後期,金,2,843,駿河台校舎,科学史
土木工学科,後期,金,2,CSTﾎｰﾙ,駿河台校舎,倫理学 {I群}
交通システム工学科,後期,金,2,CSTﾎｰﾙ,駿河台校舎,倫理学 {I群}
交通システム工学科,後期,金,2,CSTﾎｰﾙ,駿河台校舎,倫理学 {I群}
建築学科,後期,金,2,CSTﾎｰﾙ,駿河台校舎,倫理学 {I群}
海洋建築工学科,後期,金,2,CSTﾎｰﾙ,駿河台校舎,倫理学 {I群}
機械工学科,後期,金,2,CSTﾎｰﾙ,駿河台校舎,倫理学 {I群}
精密機械工学科,後期,金,2,CSTﾎｰﾙ,駿河台校舎,倫理学 {I群}
航空宇宙工学科,後期,金,2,CSTﾎｰﾙ,駿河台校舎,倫理学 {I群}
電気工学科,後期,金,2,CSTﾎｰﾙ,駿河台校舎,倫理学 {I群}
電子工学科,後期,金,2,CSTﾎｰﾙ,駿河台校舎,倫理学 {I群}
物質応用化学科,後期,金,2,CSTﾎｰﾙ,駿河台校舎,倫理学 {I群}
物理学科,後期,金,2,CSTﾎｰﾙ,駿河台校舎,倫理学 {I群}
数学科,後期,金,2,CSTﾎｰﾙ,駿河台校舎,倫理学 {I群}
まちづくり工学科,後期,金,2,CSTﾎｰﾙ,駿河台校舎,倫理学 {I群}
応用情報工学科,後期,金,2,CSTﾎｰﾙ,駿河台校舎,倫理学 {I群}
一般教育,後期,金,2,CSTﾎｰﾙ,駿河台校舎,倫理学 {I群}
土木工学科,後期,金,3,S101,タワースコラ,構造力学及び演習↓連続２時限
まちづくり工学科,後期,金,3,S201,タワースコラ,流域管理工学
数学科,後期,金,3,S202,タワースコラ,解析学及び演習B↓連続２時限
土木工学科,後期,金,3,S203,タワースコラ,英語ⅢB
交通システム工学科,後期,金,3,S203,タワースコラ,英語ⅢB
交通システム工学科,後期,金,3,S203,タワースコラ,英語ⅢB
建築学科,後期,金,3,S203,タワースコラ,英語ⅢB
海洋建築工学科,後期,金,3,S203,タワースコラ,英語ⅢB
機械工学科,後期,金,3,S203,タワースコラ,英語ⅢB
精密機械工学科,後期,金,3,S203,タワースコラ,英語ⅢB
航空宇宙工学科,後期,金,3,S203,タワースコラ,英語ⅢB
電気工学科,後期,金,3,S203,タワースコラ,英語ⅢB
電子工学科,後期,金,3,S203,タワースコラ,英語ⅢB
物質応用化学科,後期,金,3,S203,タワースコラ,英語ⅢB
物理学科,後期,金,3,S203,タワースコラ,英語ⅢB
数学科,後期,金,3,S203,タワースコラ,英語ⅢB
まちづくり工学科,後期,金,3,S203,タワースコラ,英語ⅢB
応用情報工学科,後期,金,3,S203,タワースコラ,英語ⅢB
一般教育,後期,金,3,S203,タワースコラ,英語ⅢB
建築学科,後期,金,3,S302,タワースコラ,構造設計↓連続２時限
土木工学科,後期,金,3,S303,タワースコラ,英語ⅢB
交通システム工学科,後期,金,3,S303,タワースコラ,英語ⅢB
交通システム工学科,後期,金,3,S303,タワースコラ,英語ⅢB
建築学科,後期,金,3,S303,タワースコラ,英語ⅢB
海洋建築工学科,後期,金,3,S303,タワースコラ,英語ⅢB
機械工学科,後期,金,3,S303,タワースコラ,英語ⅢB
精密機械工学科,後期,金,3,S303,タワースコラ,英語ⅢB
航空宇宙工学科,後期,金,3,S303,タワースコラ,英語ⅢB
電気工学科,後期,金,3,S303,タワースコラ,英語ⅢB
電子工学科,後期,金,3,S303,タワースコラ,英語ⅢB
物質応用化学科,後期,金,3,S303,タワースコラ,英語ⅢB
物理学科,後期,金,3,S303,タワースコラ,英語ⅢB
数学科,後期,金,3,S303,タワースコラ,英語ⅢB
まちづくり工学科,後期,金,3,S303,タワースコラ,英語ⅢB
応用情報工学科,後期,金,3,S303,タワースコラ,英語ⅢB
一般教育,後期,金,3,S303,タワースコラ,英語ⅢB
土木工学科,後期,金,3,S304,タワースコラ,英語ⅢB
交通システム工学科,後期,金,3,S304,タワースコラ,英語ⅢB
交通システム工学科,後期,金,3,S304,タワースコラ,英語ⅢB
建築学科,後期,金,3,S304,タワースコラ,英語ⅢB
海洋建築工学科,後期,金,3,S304,タワースコラ,英語ⅢB
機械工学科,後期,金,3,S304,タワースコラ,英語ⅢB
精密機械工学科,後期,金,3,S304,タワースコラ,英語ⅢB
航空宇宙工学科,後期,金,3,S304,タワースコラ,英語ⅢB
電気工学科,後期,金,3,S304,タワースコラ,英語ⅢB
電子工学科,後期,金,3,S304,タワースコラ,英語ⅢB
物質応用化学科,後期,金,3,S304,タワースコラ,英語ⅢB
物理学科,後期,金,3,S304,タワースコラ,英語ⅢB
数学科,後期,金,3,S304,タワースコラ,英語ⅢB
まちづくり工学科,後期,金,3,S304,タワースコラ,英語ⅢB
応用情報工学科,後期,金,3,S304,タワースコラ,英語ⅢB
一般教育,後期,金,3,S304,タワースコラ,英語ⅢB
機械工学科,後期,金,3,S401,タワースコラ,制御工学Ⅰ
土木工学科,後期,金,3,S402,タワースコラ,English Communication Ⅱ
交通システム工学科,後期,金,3,S402,タワースコラ,English Communication Ⅱ
交通システム工学科,後期,金,3,S402,タワースコラ,English Communication Ⅱ
建築学科,後期,金,3,S402,タワースコラ,English Communication Ⅱ
海洋建築工学科,後期,金,3,S402,タワースコラ,English Communication Ⅱ
機械工学科,後期,金,3,S402,タワースコラ,English Communication Ⅱ
精密機械工学科,後期,金,3,S402,タワースコラ,English Communication Ⅱ
航空宇宙工学科,後期,金,3,S402,タワースコラ,English Communication Ⅱ
電気工学科,後期,金,3,S402,タワースコラ,English Communication Ⅱ
電子工学科,後期,金,3,S402,タワースコラ,English Communication Ⅱ
物質応用化学科,後期,金,3,S402,タワースコラ,English Communication Ⅱ
物理学科,後期,金,3,S402,タワースコラ,English Communication Ⅱ
数学科,後期,金,3,S402,タワースコラ,English Communication Ⅱ
まちづくり工学科,後期,金,3,S402,タワースコラ,English Communication Ⅱ
応用情報工学科,後期,金,3,S402,タワースコラ,English Communication Ⅱ
一般教育,後期,金,3,S402,タワースコラ,English Communication Ⅱ
建築学専攻,後期,金,3,S403,タワースコラ,建築材料特論Ⅱ
物理学科,後期,金,3,S404,タワースコラ,電磁気学演習↓連続２時限
機械工学科,後期,金,3,S505,タワースコラ,生産システム
機械工学専攻,後期,金,3,S601,タワースコラ,機械材料Ⅱ
量子理工学専攻,後期,金,3,S603,タワースコラ,計算機シミュレーションⅡ
数学科,後期,金,3,1011,船橋校舎,物質の変化と性質
土木工学科,後期,金,3,1012,船橋校舎,英語ⅡB
交通システム工学科,後期,金,3,1012,船橋校舎,英語ⅡB
交通システム工学科,後期,金,3,1012,船橋校舎,英語ⅡB
建築学科,後期,金,3,1012,船橋校舎,英語ⅡB
海洋建築工学科,後期,金,3,1012,船橋校舎,英語ⅡB
機械工学科,後期,金,3,1012,船橋校舎,英語ⅡB
精密機械工学科,後期,金,3,1012,船橋校舎,英語ⅡB
航空宇宙工学科,後期,金,3,1012,船橋校舎,英語ⅡB
電気工学科,後期,金,3,1012,船橋校舎,英語ⅡB
電子工学科,後期,金,3,1012,船橋校舎,英語ⅡB
物質応用化学科,後期,金,3,1012,船橋校舎,英語ⅡB
物理学科,後期,金,3,1012,船橋校舎,英語ⅡB
数学科,後期,金,3,1012,船橋校舎,英語ⅡB
まちづくり工学科,後期,金,3,1012,船橋校舎,英語ⅡB
応用情報工学科,後期,金,3,1012,船橋校舎,英語ⅡB
一般教育,後期,金,3,1012,船橋校舎,英語ⅡB
土木工学科,後期,金,3,1013,船橋校舎,英語ⅡB
交通システム工学科,後期,金,3,1013,船橋校舎,英語ⅡB
交通システム工学科,後期,金,3,1013,船橋校舎,英語ⅡB
建築学科,後期,金,3,1013,船橋校舎,英語ⅡB
海洋建築工学科,後期,金,3,1013,船橋校舎,英語ⅡB
機械工学科,後期,金,3,1013,船橋校舎,英語ⅡB
精密機械工学科,後期,金,3,1013,船橋校舎,英語ⅡB
航空宇宙工学科,後期,金,3,1013,船橋校舎,英語ⅡB
電気工学科,後期,金,3,1013,船橋校舎,英語ⅡB
電子工学科,後期,金,3,1013,船橋校舎,英語ⅡB
物質応用化学科,後期,金,3,1013,船橋校舎,英語ⅡB
物理学科,後期,金,3,1013,船橋校舎,英語ⅡB
数学科,後期,金,3,1013,船橋校舎,英語ⅡB
まちづくり工学科,後期,金,3,1013,船橋校舎,英語ⅡB
応用情報工学科,後期,金,3,1013,船橋校舎,英語ⅡB
一般教育,後期,金,3,1013,船橋校舎,英語ⅡB
土木工学科,後期,金,3,1021,船橋校舎,英語ⅡB
交通システム工学科,後期,金,3,1021,船橋校舎,英語ⅡB
交通システム工学科,後期,金,3,1021,船橋校舎,英語ⅡB
建築学科,後期,金,3,1021,船橋校舎,英語ⅡB
海洋建築工学科,後期,金,3,1021,船橋校舎,英語ⅡB
機械工学科,後期,金,3,1021,船橋校舎,英語ⅡB
精密機械工学科,後期,金,3,1021,船橋校舎,英語ⅡB
航空宇宙工学科,後期,金,3,1021,船橋校舎,英語ⅡB
電気工学科,後期,金,3,1021,船橋校舎,英語ⅡB
電子工学科,後期,金,3,1021,船橋校舎,英語ⅡB
物質応用化学科,後期,金,3,1021,船橋校舎,英語ⅡB
物理学科,後期,金,3,1021,船橋校舎,英語ⅡB
数学科,後期,金,3,1021,船橋校舎,英語ⅡB
まちづくり工学科,後期,金,3,1021,船橋校舎,英語ⅡB
応用情報工学科,後期,金,3,1021,船橋校舎,英語ⅡB
一般教育,後期,金,3,1021,船橋校舎,英語ⅡB
土木工学科,後期,金,3,1022,船橋校舎,英語ⅡB
交通システム工学科,後期,金,3,1022,船橋校舎,英語ⅡB
交通システム工学科,後期,金,3,1022,船橋校舎,英語ⅡB
建築学科,後期,金,3,1022,船橋校舎,英語ⅡB
海洋建築工学科,後期,金,3,1022,船橋校舎,英語ⅡB
機械工学科,後期,金,3,1022,船橋校舎,英語ⅡB
精密機械工学科,後期,金,3,1022,船橋校舎,英語ⅡB
航空宇宙工学科,後期,金,3,1022,船橋校舎,英語ⅡB
電気工学科,後期,金,3,1022,船橋校舎,英語ⅡB
電子工学科,後期,金,3,1022,船橋校舎,英語ⅡB
物質応用化学科,後期,金,3,1022,船橋校舎,英語ⅡB
物理学科,後期,金,3,1022,船橋校舎,英語ⅡB
数学科,後期,金,3,1022,船橋校舎,英語ⅡB
まちづくり工学科,後期,金,3,1022,船橋校舎,英語ⅡB
応用情報工学科,後期,金,3,1022,船橋校舎,英語ⅡB
一般教育,後期,金,3,1022,船橋校舎,英語ⅡB
土木工学科,後期,金,3,1023,船橋校舎,英語ⅡB
交通システム工学科,後期,金,3,1023,船橋校舎,英語ⅡB
交通システム工学科,後期,金,3,1023,船橋校舎,英語ⅡB
建築学科,後期,金,3,1023,船橋校舎,英語ⅡB
海洋建築工学科,後期,金,3,1023,船橋校舎,英語ⅡB
機械工学科,後期,金,3,1023,船橋校舎,英語ⅡB
精密機械工学科,後期,金,3,1023,船橋校舎,英語ⅡB
航空宇宙工学科,後期,金,3,1023,船橋校舎,英語ⅡB
電気工学科,後期,金,3,1023,船橋校舎,英語ⅡB
電子工学科,後期,金,3,1023,船橋校舎,英語ⅡB
物質応用化学科,後期,金,3,1023,船橋校舎,英語ⅡB
物理学科,後期,金,3,1023,船橋校舎,英語ⅡB
数学科,後期,金,3,1023,船橋校舎,英語ⅡB
まちづくり工学科,後期,金,3,1023,船橋校舎,英語ⅡB
応用情報工学科,後期,金,3,1023,船橋校舎,英語ⅡB
一般教育,後期,金,3,1023,船橋校舎,英語ⅡB
土木工学科,後期,金,3,1031,船橋校舎,英語ⅡB
交通システム工学科,後期,金,3,1031,船橋校舎,英語ⅡB
交通システム工学科,後期,金,3,1031,船橋校舎,英語ⅡB
建築学科,後期,金,3,1031,船橋校舎,英語ⅡB
海洋建築工学科,後期,金,3,1031,船橋校舎,英語ⅡB
機械工学科,後期,金,3,1031,船橋校舎,英語ⅡB
精密機械工学科,後期,金,3,1031,船橋校舎,英語ⅡB
航空宇宙工学科,後期,金,3,1031,船橋校舎,英語ⅡB
電気工学科,後期,金,3,1031,船橋校舎,英語ⅡB
電子工学科,後期,金,3,1031,船橋校舎,英語ⅡB
物質応用化学科,後期,金,3,1031,船橋校舎,英語ⅡB
物理学科,後期,金,3,1031,船橋校舎,英語ⅡB
数学科,後期,金,3,1031,船橋校舎,英語ⅡB
まちづくり工学科,後期,金,3,1031,船橋校舎,英語ⅡB
応用情報工学科,後期,金,3,1031,船橋校舎,英語ⅡB
一般教育,後期,金,3,1031,船橋校舎,英語ⅡB
応用情報工学科,後期,金,3,1032,船橋校舎,信号理論
土木工学科,後期,金,3,1041,船橋校舎,健康の科学
交通システム工学科,後期,金,3,1041,船橋校舎,健康の科学
交通システム工学科,後期,金,3,1041,船橋校舎,健康の科学
建築学科,後期,金,3,1041,船橋校舎,健康の科学
海洋建築工学科,後期,金,3,1041,船橋校舎,健康の科学
機械工学科,後期,金,3,1041,船橋校舎,健康の科学
精密機械工学科,後期,金,3,1041,船橋校舎,健康の科学
航空宇宙工学科,後期,金,3,1041,船橋校舎,健康の科学
電気工学科,後期,金,3,1041,船橋校舎,健康の科学
電子工学科,後期,金,3,1041,船橋校舎,健康の科学
物質応用化学科,後期,金,3,1041,船橋校舎,健康の科学
物理学科,後期,金,3,1041,船橋校舎,健康の科学
数学科,後期,金,3,1041,船橋校舎,健康の科学
まちづくり工学科,後期,金,3,1041,船橋校舎,健康の科学
応用情報工学科,後期,金,3,1041,船橋校舎,健康の科学
一般教育,後期,金,3,1041,船橋校舎,健康の科学
土木工学科,後期,金,3,105,船橋校舎,基礎物理学実験 {年間隔週}↓連続２時限【年間隔週】
交通システム工学科,後期,金,3,105,船橋校舎,基礎物理学実験 {年間隔週}↓連続２時限【年間隔週】
交通システム工学科,後期,金,3,105,船橋校舎,基礎物理学実験 {年間隔週}↓連続２時限【年間隔週】
建築学科,後期,金,3,105,船橋校舎,基礎物理学実験 {年間隔週}↓連続２時限【年間隔週】
海洋建築工学科,後期,金,3,105,船橋校舎,基礎物理学実験 {年間隔週}↓連続２時限【年間隔週】
機械工学科,後期,金,3,105,船橋校舎,基礎物理学実験 {年間隔週}↓連続２時限【年間隔週】
精密機械工学科,後期,金,3,105,船橋校舎,基礎物理学実験 {年間隔週}↓連続２時限【年間隔週】
航空宇宙工学科,後期,金,3,105,船橋校舎,基礎物理学実験 {年間隔週}↓連続２時限【年間隔週】
電気工学科,後期,金,3,105,船橋校舎,基礎物理学実験 {年間隔週}↓連続２時限【年間隔週】
電子工学科,後期,金,3,105,船橋校舎,基礎物理学実験 {年間隔週}↓連続２時限【年間隔週】
物質応用化学科,後期,金,3,105,船橋校舎,基礎物理学実験 {年間隔週}↓連続２時限【年間隔週】
物理学科,後期,金,3,105,船橋校舎,基礎物理学実験 {年間隔週}↓連続２時限【年間隔週】
数学科,後期,金,3,105,船橋校舎,基礎物理学実験 {年間隔週}↓連続２時限【年間隔週】
まちづくり工学科,後期,金,3,105,船橋校舎,基礎物理学実験 {年間隔週}↓連続２時限【年間隔週】
応用情報工学科,後期,金,3,105,船橋校舎,基礎物理学実験 {年間隔週}↓連続２時限【年間隔週】
一般教育,後期,金,3,105,船橋校舎,基礎物理学実験 {年間隔週}↓連続２時限【年間隔週】
物理学科,後期,金,3,1122,船橋校舎,数学演習Ⅱ {1}
物理学科,後期,金,3,1123,船橋校舎,数学演習Ⅱ {2}
土木工学科,後期,金,3,113,船橋校舎,基礎物理学実験 {年間隔週}↓連続２時限【年間隔週】
交通システム工学科,後期,金,3,113,船橋校舎,基礎物理学実験 {年間隔週}↓連続２時限【年間隔週】
交通システム工学科,後期,金,3,113,船橋校舎,基礎物理学実験 {年間隔週}↓連続２時限【年間隔週】
建築学科,後期,金,3,113,船橋校舎,基礎物理学実験 {年間隔週}↓連続２時限【年間隔週】
海洋建築工学科,後期,金,3,113,船橋校舎,基礎物理学実験 {年間隔週}↓連続２時限【年間隔週】
機械工学科,後期,金,3,113,船橋校舎,基礎物理学実験 {年間隔週}↓連続２時限【年間隔週】
精密機械工学科,後期,金,3,113,船橋校舎,基礎物理学実験 {年間隔週}↓連続２時限【年間隔週】
航空宇宙工学科,後期,金,3,113,船橋校舎,基礎物理学実験 {年間隔週}↓連続２時限【年間隔週】
電気工学科,後期,金,3,113,船橋校舎,基礎物理学実験 {年間隔週}↓連続２時限【年間隔週】
電子工学科,後期,金,3,113,船橋校舎,基礎物理学実験 {年間隔週}↓連続２時限【年間隔週】
物質応用化学科,後期,金,3,113,船橋校舎,基礎物理学実験 {年間隔週}↓連続２時限【年間隔週】
物理学科,後期,金,3,113,船橋校舎,基礎物理学実験 {年間隔週}↓連続２時限【年間隔週】
数学科,後期,金,3,113,船橋校舎,基礎物理学実験 {年間隔週}↓連続２時限【年間隔週】
まちづくり工学科,後期,金,3,113,船橋校舎,基礎物理学実験 {年間隔週}↓連続２時限【年間隔週】
応用情報工学科,後期,金,3,113,船橋校舎,基礎物理学実験 {年間隔週}↓連続２時限【年間隔週】
一般教育,後期,金,3,113,船橋校舎,基礎物理学実験 {年間隔週}↓連続２時限【年間隔週】
応用情報工学科,後期,金,3,1131,船橋校舎,オプトエレクトロニクス
応用情報工学科,後期,金,3,1133,船橋校舎,計算機工学Ⅰ
一般教育,後期,金,3,1141,船橋校舎,数理統計学Ⅱ
精密機械工学科,後期,金,3,1214,船橋校舎,電気電子実験Ⅱ {2}{未来}↓連続２時限
航空宇宙工学専攻,後期,金,3,1231,船橋校舎,応用流体力学特論Ⅰ
海洋建築工学科,後期,金,3,1326,船橋校舎,ベーシックデザイン演習↓連続２時限
土木工学科,後期,金,3,134,船橋校舎,基礎物理学実験 {年間隔週}↓連続２時限【年間隔週】
交通システム工学科,後期,金,3,134,船橋校舎,基礎物理学実験 {年間隔週}↓連続２時限【年間隔週】
交通システム工学科,後期,金,3,134,船橋校舎,基礎物理学実験 {年間隔週}↓連続２時限【年間隔週】
建築学科,後期,金,3,134,船橋校舎,基礎物理学実験 {年間隔週}↓連続２時限【年間隔週】
海洋建築工学科,後期,金,3,134,船橋校舎,基礎物理学実験 {年間隔週}↓連続２時限【年間隔週】
機械工学科,後期,金,3,134,船橋校舎,基礎物理学実験 {年間隔週}↓連続２時限【年間隔週】
精密機械工学科,後期,金,3,134,船橋校舎,基礎物理学実験 {年間隔週}↓連続２時限【年間隔週】
航空宇宙工学科,後期,金,3,134,船橋校舎,基礎物理学実験 {年間隔週}↓連続２時限【年間隔週】
電気工学科,後期,金,3,134,船橋校舎,基礎物理学実験 {年間隔週}↓連続２時限【年間隔週】
電子工学科,後期,金,3,134,船橋校舎,基礎物理学実験 {年間隔週}↓連続２時限【年間隔週】
物質応用化学科,後期,金,3,134,船橋校舎,基礎物理学実験 {年間隔週}↓連続２時限【年間隔週】
物理学科,後期,金,3,134,船橋校舎,基礎物理学実験 {年間隔週}↓連続２時限【年間隔週】
数学科,後期,金,3,134,船橋校舎,基礎物理学実験 {年間隔週}↓連続２時限【年間隔週】
まちづくり工学科,後期,金,3,134,船橋校舎,基礎物理学実験 {年間隔週}↓連続２時限【年間隔週】
応用情報工学科,後期,金,3,134,船橋校舎,基礎物理学実験 {年間隔週}↓連続２時限【年間隔週】
一般教育,後期,金,3,134,船橋校舎,基礎物理学実験 {年間隔週}↓連続２時限【年間隔週】
海洋建築工学科,後期,金,3,1421,船橋校舎,ウォーターフロント計画Ⅰ
物質応用化学科,後期,金,3,1422,船橋校舎,基礎無機化学 {A}
物質応用化学科,後期,金,3,1423,船橋校舎,生命科学Ⅰ {B}
交通システム工学科,後期,金,3,1424,船橋校舎,橋梁及び鋼構造演習↓連続２時限
交通システム工学科,後期,金,3,1424,船橋校舎,橋梁及び鋼構造演習↓連続２時限
土木工学科,後期,金,3,143,船橋校舎,基礎物理学実験 {年間隔週}↓連続２時限【年間隔週】
交通システム工学科,後期,金,3,143,船橋校舎,基礎物理学実験 {年間隔週}↓連続２時限【年間隔週】
交通システム工学科,後期,金,3,143,船橋校舎,基礎物理学実験 {年間隔週}↓連続２時限【年間隔週】
建築学科,後期,金,3,143,船橋校舎,基礎物理学実験 {年間隔週}↓連続２時限【年間隔週】
海洋建築工学科,後期,金,3,143,船橋校舎,基礎物理学実験 {年間隔週}↓連続２時限【年間隔週】
機械工学科,後期,金,3,143,船橋校舎,基礎物理学実験 {年間隔週}↓連続２時限【年間隔週】
精密機械工学科,後期,金,3,143,船橋校舎,基礎物理学実験 {年間隔週}↓連続２時限【年間隔週】
航空宇宙工学科,後期,金,3,143,船橋校舎,基礎物理学実験 {年間隔週}↓連続２時限【年間隔週】
電気工学科,後期,金,3,143,船橋校舎,基礎物理学実験 {年間隔週}↓連続２時限【年間隔週】
電子工学科,後期,金,3,143,船橋校舎,基礎物理学実験 {年間隔週}↓連続２時限【年間隔週】
物質応用化学科,後期,金,3,143,船橋校舎,基礎物理学実験 {年間隔週}↓連続２時限【年間隔週】
物理学科,後期,金,3,143,船橋校舎,基礎物理学実験 {年間隔週}↓連続２時限【年間隔週】
数学科,後期,金,3,143,船橋校舎,基礎物理学実験 {年間隔週}↓連続２時限【年間隔週】
まちづくり工学科,後期,金,3,143,船橋校舎,基礎物理学実験 {年間隔週}↓連続２時限【年間隔週】
応用情報工学科,後期,金,3,143,船橋校舎,基礎物理学実験 {年間隔週}↓連続２時限【年間隔週】
一般教育,後期,金,3,143,船橋校舎,基礎物理学実験 {年間隔週}↓連続２時限【年間隔週】
電子工学科,後期,金,3,1431,船橋校舎,ディジタル信号処理
航空宇宙工学科,後期,金,3,1432,船橋校舎,システム工学
土木工学科,後期,金,3,1433,船橋校舎,線形代数学Ⅱ {C}
建築学科,後期,金,3,1434,船橋校舎,デザイン基礎Ⅱ {2}↓連続３時限
土木工学科,後期,金,3,144,船橋校舎,基礎物理学実験 {年間隔週}↓連続２時限【年間隔週】
交通システム工学科,後期,金,3,144,船橋校舎,基礎物理学実験 {年間隔週}↓連続２時限【年間隔週】
交通システム工学科,後期,金,3,144,船橋校舎,基礎物理学実験 {年間隔週}↓連続２時限【年間隔週】
建築学科,後期,金,3,144,船橋校舎,基礎物理学実験 {年間隔週}↓連続２時限【年間隔週】
海洋建築工学科,後期,金,3,144,船橋校舎,基礎物理学実験 {年間隔週}↓連続２時限【年間隔週】
機械工学科,後期,金,3,144,船橋校舎,基礎物理学実験 {年間隔週}↓連続２時限【年間隔週】
精密機械工学科,後期,金,3,144,船橋校舎,基礎物理学実験 {年間隔週}↓連続２時限【年間隔週】
航空宇宙工学科,後期,金,3,144,船橋校舎,基礎物理学実験 {年間隔週}↓連続２時限【年間隔週】
電気工学科,後期,金,3,144,船橋校舎,基礎物理学実験 {年間隔週}↓連続２時限【年間隔週】
電子工学科,後期,金,3,144,船橋校舎,基礎物理学実験 {年間隔週}↓連続２時限【年間隔週】
物質応用化学科,後期,金,3,144,船橋校舎,基礎物理学実験 {年間隔週}↓連続２時限【年間隔週】
物理学科,後期,金,3,144,船橋校舎,基礎物理学実験 {年間隔週}↓連続２時限【年間隔週】
数学科,後期,金,3,144,船橋校舎,基礎物理学実験 {年間隔週}↓連続２時限【年間隔週】
まちづくり工学科,後期,金,3,144,船橋校舎,基礎物理学実験 {年間隔週}↓連続２時限【年間隔週】
応用情報工学科,後期,金,3,144,船橋校舎,基礎物理学実験 {年間隔週}↓連続２時限【年間隔週】
一般教育,後期,金,3,144,船橋校舎,基礎物理学実験 {年間隔週}↓連続２時限【年間隔週】
土木工学科,後期,金,3,1441,船橋校舎,線形代数学Ⅱ {A}
土木工学科,後期,金,3,1442,船橋校舎,線形代数学Ⅱ {B}
機械工学科,後期,金,3,1443,船橋校舎,物理学Ⅱ演習
機械工学科,後期,金,3,1444,船橋校舎,物理学Ⅱ演習
海洋建築工学専攻,後期,金,3,1452,船橋校舎,海洋建築構造工学特論Ⅱ(地震リスク評価)
情報科学専攻,後期,金,3,1453,船橋校舎,言語理論
応用情報工学科,後期,金,3,1454,船橋校舎,データマイニング
機械工学科,後期,金,3,1456,船橋校舎,物理学Ⅱ演習
機械工学科,後期,金,3,1457,船橋校舎,物理学Ⅱ演習
機械工学科,後期,金,3,1458,船橋校舎,物理学Ⅱ演習
建築学科,後期,金,3,14号館製図室,船橋校舎,デザイン基礎Ⅱ {2}↓連続３時限
土木工学科,後期,金,3,341,船橋校舎,基礎化学実験 {年間隔週}↓連続２時限【年間隔週】
交通システム工学科,後期,金,3,341,船橋校舎,基礎化学実験 {年間隔週}↓連続２時限【年間隔週】
交通システム工学科,後期,金,3,341,船橋校舎,基礎化学実験 {年間隔週}↓連続２時限【年間隔週】
建築学科,後期,金,3,341,船橋校舎,基礎化学実験 {年間隔週}↓連続２時限【年間隔週】
海洋建築工学科,後期,金,3,341,船橋校舎,基礎化学実験 {年間隔週}↓連続２時限【年間隔週】
機械工学科,後期,金,3,341,船橋校舎,基礎化学実験 {年間隔週}↓連続２時限【年間隔週】
精密機械工学科,後期,金,3,341,船橋校舎,基礎化学実験 {年間隔週}↓連続２時限【年間隔週】
航空宇宙工学科,後期,金,3,341,船橋校舎,基礎化学実験 {年間隔週}↓連続２時限【年間隔週】
電気工学科,後期,金,3,341,船橋校舎,基礎化学実験 {年間隔週}↓連続２時限【年間隔週】
電子工学科,後期,金,3,341,船橋校舎,基礎化学実験 {年間隔週}↓連続２時限【年間隔週】
物質応用化学科,後期,金,3,341,船橋校舎,基礎化学実験 {年間隔週}↓連続２時限【年間隔週】
物理学科,後期,金,3,341,船橋校舎,基礎化学実験 {年間隔週}↓連続２時限【年間隔週】
数学科,後期,金,3,341,船橋校舎,基礎化学実験 {年間隔週}↓連続２時限【年間隔週】
まちづくり工学科,後期,金,3,341,船橋校舎,基礎化学実験 {年間隔週}↓連続２時限【年間隔週】
応用情報工学科,後期,金,3,341,船橋校舎,基礎化学実験 {年間隔週}↓連続２時限【年間隔週】
一般教育,後期,金,3,341,船橋校舎,基礎化学実験 {年間隔週}↓連続２時限【年間隔週】
土木工学科,後期,金,3,342,船橋校舎,基礎化学実験 {年間隔週}↓連続２時限【年間隔週】
交通システム工学科,後期,金,3,342,船橋校舎,基礎化学実験 {年間隔週}↓連続２時限【年間隔週】
交通システム工学科,後期,金,3,342,船橋校舎,基礎化学実験 {年間隔週}↓連続２時限【年間隔週】
建築学科,後期,金,3,342,船橋校舎,基礎化学実験 {年間隔週}↓連続２時限【年間隔週】
海洋建築工学科,後期,金,3,342,船橋校舎,基礎化学実験 {年間隔週}↓連続２時限【年間隔週】
機械工学科,後期,金,3,342,船橋校舎,基礎化学実験 {年間隔週}↓連続２時限【年間隔週】
精密機械工学科,後期,金,3,342,船橋校舎,基礎化学実験 {年間隔週}↓連続２時限【年間隔週】
航空宇宙工学科,後期,金,3,342,船橋校舎,基礎化学実験 {年間隔週}↓連続２時限【年間隔週】
電気工学科,後期,金,3,342,船橋校舎,基礎化学実験 {年間隔週}↓連続２時限【年間隔週】
電子工学科,後期,金,3,342,船橋校舎,基礎化学実験 {年間隔週}↓連続２時限【年間隔週】
物質応用化学科,後期,金,3,342,船橋校舎,基礎化学実験 {年間隔週}↓連続２時限【年間隔週】
物理学科,後期,金,3,342,船橋校舎,基礎化学実験 {年間隔週}↓連続２時限【年間隔週】
数学科,後期,金,3,342,船橋校舎,基礎化学実験 {年間隔週}↓連続２時限【年間隔週】
まちづくり工学科,後期,金,3,342,船橋校舎,基礎化学実験 {年間隔週}↓連続２時限【年間隔週】
応用情報工学科,後期,金,3,342,船橋校舎,基礎化学実験 {年間隔週}↓連続２時限【年間隔週】
一般教育,後期,金,3,342,船橋校舎,基礎化学実験 {年間隔週}↓連続２時限【年間隔週】
電子工学科,後期,金,3,442,船橋校舎,エレクトロニクス工作
海洋建築工学科,後期,金,3,521/2/3/4/5/7/8/9/10,船橋校舎,ベーシックデザイン演習↓連続２時限
航空宇宙工学科,後期,金,3,633,船橋校舎,設計製図Ⅱ {未来}↓連続２時限
航空宇宙工学科,後期,金,3,641,船橋校舎,設計製図Ⅱ {未来}↓連続２時限
航空宇宙工学科,後期,金,3,642,船橋校舎,設計製図Ⅱ {未来}↓連続２時限
航空宇宙工学科,後期,金,3,644,船橋校舎,設計製図Ⅱ {未来}↓連続２時限
精密機械工学科,後期,金,3,741,船橋校舎,電気電子実験Ⅱ {2}{未来}↓連続２時限
土木工学科,後期,金,3,819,船橋校舎,基礎化学実験 {年間隔週}↓連続２時限【年間隔週】
交通システム工学科,後期,金,3,819,船橋校舎,基礎化学実験 {年間隔週}↓連続２時限【年間隔週】
交通システム工学科,後期,金,3,819,船橋校舎,基礎化学実験 {年間隔週}↓連続２時限【年間隔週】
建築学科,後期,金,3,819,船橋校舎,基礎化学実験 {年間隔週}↓連続２時限【年間隔週】
海洋建築工学科,後期,金,3,819,船橋校舎,基礎化学実験 {年間隔週}↓連続２時限【年間隔週】
機械工学科,後期,金,3,819,船橋校舎,基礎化学実験 {年間隔週}↓連続２時限【年間隔週】
精密機械工学科,後期,金,3,819,船橋校舎,基礎化学実験 {年間隔週}↓連続２時限【年間隔週】
航空宇宙工学科,後期,金,3,819,船橋校舎,基礎化学実験 {年間隔週}↓連続２時限【年間隔週】
電気工学科,後期,金,3,819,船橋校舎,基礎化学実験 {年間隔週}↓連続２時限【年間隔週】
電子工学科,後期,金,3,819,船橋校舎,基礎化学実験 {年間隔週}↓連続２時限【年間隔週】
物質応用化学科,後期,金,3,819,船橋校舎,基礎化学実験 {年間隔週}↓連続２時限【年間隔週】
物理学科,後期,金,3,819,船橋校舎,基礎化学実験 {年間隔週}↓連続２時限【年間隔週】
数学科,後期,金,3,819,船橋校舎,基礎化学実験 {年間隔週}↓連続２時限【年間隔週】
まちづくり工学科,後期,金,3,819,船橋校舎,基礎化学実験 {年間隔週}↓連続２時限【年間隔週】
応用情報工学科,後期,金,3,819,船橋校舎,基礎化学実験 {年間隔週}↓連続２時限【年間隔週】
一般教育,後期,金,3,819,船橋校舎,基礎化学実験 {年間隔週}↓連続２時限【年間隔週】
土木工学科,後期,金,3,826,船橋校舎,基礎化学実験 {年間隔週}↓連続２時限【年間隔週】
交通システム工学科,後期,金,3,826,船橋校舎,基礎化学実験 {年間隔週}↓連続２時限【年間隔週】
交通システム工学科,後期,金,3,826,船橋校舎,基礎化学実験 {年間隔週}↓連続２時限【年間隔週】
建築学科,後期,金,3,826,船橋校舎,基礎化学実験 {年間隔週}↓連続２時限【年間隔週】
海洋建築工学科,後期,金,3,826,船橋校舎,基礎化学実験 {年間隔週}↓連続２時限【年間隔週】
機械工学科,後期,金,3,826,船橋校舎,基礎化学実験 {年間隔週}↓連続２時限【年間隔週】
精密機械工学科,後期,金,3,826,船橋校舎,基礎化学実験 {年間隔週}↓連続２時限【年間隔週】
航空宇宙工学科,後期,金,3,826,船橋校舎,基礎化学実験 {年間隔週}↓連続２時限【年間隔週】
電気工学科,後期,金,3,826,船橋校舎,基礎化学実験 {年間隔週}↓連続２時限【年間隔週】
電子工学科,後期,金,3,826,船橋校舎,基礎化学実験 {年間隔週}↓連続２時限【年間隔週】
物質応用化学科,後期,金,3,826,船橋校舎,基礎化学実験 {年間隔週}↓連続２時限【年間隔週】
物理学科,後期,金,3,826,船橋校舎,基礎化学実験 {年間隔週}↓連続２時限【年間隔週】
数学科,後期,金,3,826,船橋校舎,基礎化学実験 {年間隔週}↓連続２時限【年間隔週】
まちづくり工学科,後期,金,3,826,船橋校舎,基礎化学実験 {年間隔週}↓連続２時限【年間隔週】
応用情報工学科,後期,金,3,826,船橋校舎,基礎化学実験 {年間隔週}↓連続２時限【年間隔週】
一般教育,後期,金,3,826,船橋校舎,基礎化学実験 {年間隔週}↓連続２時限【年間隔週】
土木工学科,後期,金,3,829,船橋校舎,基礎化学実験 {年間隔週}↓連続２時限【年間隔週】
交通システム工学科,後期,金,3,829,船橋校舎,基礎化学実験 {年間隔週}↓連続２時限【年間隔週】
交通システム工学科,後期,金,3,829,船橋校舎,基礎化学実験 {年間隔週}↓連続２時限【年間隔週】
建築学科,後期,金,3,829,船橋校舎,基礎化学実験 {年間隔週}↓連続２時限【年間隔週】
海洋建築工学科,後期,金,3,829,船橋校舎,基礎化学実験 {年間隔週}↓連続２時限【年間隔週】
機械工学科,後期,金,3,829,船橋校舎,基礎化学実験 {年間隔週}↓連続２時限【年間隔週】
精密機械工学科,後期,金,3,829,船橋校舎,基礎化学実験 {年間隔週}↓連続２時限【年間隔週】
航空宇宙工学科,後期,金,3,829,船橋校舎,基礎化学実験 {年間隔週}↓連続２時限【年間隔週】
電気工学科,後期,金,3,829,船橋校舎,基礎化学実験 {年間隔週}↓連続２時限【年間隔週】
電子工学科,後期,金,3,829,船橋校舎,基礎化学実験 {年間隔週}↓連続２時限【年間隔週】
物質応用化学科,後期,金,3,829,船橋校舎,基礎化学実験 {年間隔週}↓連続２時限【年間隔週】
物理学科,後期,金,3,829,船橋校舎,基礎化学実験 {年間隔週}↓連続２時限【年間隔週】
数学科,後期,金,3,829,船橋校舎,基礎化学実験 {年間隔週}↓連続２時限【年間隔週】
まちづくり工学科,後期,金,3,829,船橋校舎,基礎化学実験 {年間隔週}↓連続２時限【年間隔週】
応用情報工学科,後期,金,3,829,船橋校舎,基礎化学実験 {年間隔週}↓連続２時限【年間隔週】
一般教育,後期,金,3,829,船橋校舎,基礎化学実験 {年間隔週}↓連続２時限【年間隔週】
交通システム工学科,後期,金,3,測量実習ｾﾝﾀｰ(演習室AB),船橋校舎,測量実習↓連続２時限【年間】
交通システム工学科,後期,金,3,測量実習ｾﾝﾀｰ(演習室AB),船橋校舎,測量実習↓連続２時限【年間】
精密機械工学科,後期,金,3,精密実験実験室,船橋校舎,機械実験Ⅱ {1}{未来}↓連続２時限
精密機械工学科,後期,金,3,精密実験実験室,船橋校舎,電気電子実験Ⅱ {2}{未来}↓連続２時限
物理学科,後期,金,3,0000,駿河台校舎,物理学実験Ⅰ {未来}↓連続２時限
物理学科,後期,金,3,0000,駿河台校舎,物理学実験Ⅱ {未来}↓連続２時限
物理学科,後期,金,3,0000,駿河台校舎,物理学プロジェクト実験 {未来}↓連続２時限
物理学科,後期,金,3,131,駿河台校舎,電磁気学演習↓連続２時限
物理学科,後期,金,3,132,駿河台校舎,電磁気学演習↓連続２時限
土木工学科,後期,金,3,133,駿河台校舎,英語ⅢB
交通システム工学科,後期,金,3,133,駿河台校舎,英語ⅢB
交通システム工学科,後期,金,3,133,駿河台校舎,英語ⅢB
建築学科,後期,金,3,133,駿河台校舎,英語ⅢB
海洋建築工学科,後期,金,3,133,駿河台校舎,英語ⅢB
機械工学科,後期,金,3,133,駿河台校舎,英語ⅢB
精密機械工学科,後期,金,3,133,駿河台校舎,英語ⅢB
航空宇宙工学科,後期,金,3,133,駿河台校舎,英語ⅢB
電気工学科,後期,金,3,133,駿河台校舎,英語ⅢB
電子工学科,後期,金,3,133,駿河台校舎,英語ⅢB
物質応用化学科,後期,金,3,133,駿河台校舎,英語ⅢB
物理学科,後期,金,3,133,駿河台校舎,英語ⅢB
数学科,後期,金,3,133,駿河台校舎,英語ⅢB
まちづくり工学科,後期,金,3,133,駿河台校舎,英語ⅢB
応用情報工学科,後期,金,3,133,駿河台校舎,英語ⅢB
一般教育,後期,金,3,133,駿河台校舎,英語ⅢB
物理学科,後期,金,3,134,駿河台校舎,統計物理学演習↓連続２時限
物理学科,後期,金,3,141,駿河台校舎,統計物理学演習↓連続２時限
機械工学科,後期,金,3,142,駿河台校舎,機械要素Ⅱ {B}
土木工学科,後期,金,3,144,駿河台校舎,コンクリート工学 {2}
土木工学科,後期,金,3,151,駿河台校舎,土木計画の基礎 {1}
電気工学科,後期,金,3,1511電気実験室,駿河台校舎,電気電子工学実験 {A}↓連続２時限
電気工学科,後期,金,3,1511電気実験室,駿河台校舎,電気工学実験Ⅰ {B}↓連続２時限
数学科,後期,金,3,152,駿河台校舎,数理統計学Ｂ
物理学科,後期,金,3,154,駿河台校舎,統計物理学演習↓連続２時限
機械工学科,後期,金,3,751,駿河台校舎,機械設計製図ⅡB {A}↓連続２時限
機械工学科,後期,金,3,752,駿河台校舎,機械設計製図ⅡB {A}↓連続２時限
電気工学科,後期,金,3,805A,駿河台校舎,回路デザイン実験 {A}↓連続２時限
電気工学科,後期,金,3,805A,駿河台校舎,電気工学実験Ⅱ {B}↓連続２時限
電気工学科,後期,金,3,811,駿河台校舎,回路デザイン実験 {A}↓連続２時限
電気工学科,後期,金,3,811,駿河台校舎,電気工学実験Ⅱ {B}↓連続２時限
電気工学科,後期,金,3,812,駿河台校舎,回路デザイン実験 {A}↓連続２時限
電気工学科,後期,金,3,812,駿河台校舎,電気工学実験Ⅱ {B}↓連続２時限
物質応用化学科,後期,金,3,851,駿河台校舎,環境化学Ⅱ {A}
物質応用化学科,後期,金,3,852,駿河台校舎,高分子合成化学 {B}
まちづくり工学専攻,後期,金,4,S1201,タワースコラ,環境心理学特論
まちづくり工学科,後期,金,4,S201,タワースコラ,上下水道工学
数学科,後期,金,4,S202,タワースコラ,解析学及び演習B↓連続２時限
土木工学科,後期,金,4,S203,タワースコラ,海岸環境工学
建築学科,後期,金,4,S204,タワースコラ,数理統計学Ⅱ
建築学科,後期,金,4,S302,タワースコラ,構造設計↓連続２時限
機械工学専攻,後期,金,4,S304,タワースコラ,応用数学Ⅱ
土木工学専攻,後期,金,4,S305,タワースコラ,構造同定と振動制御
物理学科,後期,金,4,S404,タワースコラ,電磁気学演習↓連続２時限
建築学専攻,後期,金,4,S406,タワースコラ,司法と建築
機械工学科,後期,金,4,S505,タワースコラ,工作機械
数学専攻,後期,金,4,S601,タワースコラ,確率及び統計学特論B
土木工学専攻,後期,金,4,S603,タワースコラ,地盤防災特論
土木工学科,後期,金,4,1011,船橋校舎,英語ⅡB
交通システム工学科,後期,金,4,1011,船橋校舎,英語ⅡB
交通システム工学科,後期,金,4,1011,船橋校舎,英語ⅡB
建築学科,後期,金,4,1011,船橋校舎,英語ⅡB
海洋建築工学科,後期,金,4,1011,船橋校舎,英語ⅡB
機械工学科,後期,金,4,1011,船橋校舎,英語ⅡB
精密機械工学科,後期,金,4,1011,船橋校舎,英語ⅡB
航空宇宙工学科,後期,金,4,1011,船橋校舎,英語ⅡB
電気工学科,後期,金,4,1011,船橋校舎,英語ⅡB
電子工学科,後期,金,4,1011,船橋校舎,英語ⅡB
物質応用化学科,後期,金,4,1011,船橋校舎,英語ⅡB
物理学科,後期,金,4,1011,船橋校舎,英語ⅡB
数学科,後期,金,4,1011,船橋校舎,英語ⅡB
まちづくり工学科,後期,金,4,1011,船橋校舎,英語ⅡB
応用情報工学科,後期,金,4,1011,船橋校舎,英語ⅡB
一般教育,後期,金,4,1011,船橋校舎,英語ⅡB
土木工学科,後期,金,4,1012,船橋校舎,英語ⅡB
交通システム工学科,後期,金,4,1012,船橋校舎,英語ⅡB
交通システム工学科,後期,金,4,1012,船橋校舎,英語ⅡB
建築学科,後期,金,4,1012,船橋校舎,英語ⅡB
海洋建築工学科,後期,金,4,1012,船橋校舎,英語ⅡB
機械工学科,後期,金,4,1012,船橋校舎,英語ⅡB
精密機械工学科,後期,金,4,1012,船橋校舎,英語ⅡB
航空宇宙工学科,後期,金,4,1012,船橋校舎,英語ⅡB
電気工学科,後期,金,4,1012,船橋校舎,英語ⅡB
電子工学科,後期,金,4,1012,船橋校舎,英語ⅡB
物質応用化学科,後期,金,4,1012,船橋校舎,英語ⅡB
物理学科,後期,金,4,1012,船橋校舎,英語ⅡB
数学科,後期,金,4,1012,船橋校舎,英語ⅡB
まちづくり工学科,後期,金,4,1012,船橋校舎,英語ⅡB
応用情報工学科,後期,金,4,1012,船橋校舎,英語ⅡB
一般教育,後期,金,4,1012,船橋校舎,英語ⅡB
土木工学科,後期,金,4,1013,船橋校舎,英語ⅡB
交通システム工学科,後期,金,4,1013,船橋校舎,英語ⅡB
交通システム工学科,後期,金,4,1013,船橋校舎,英語ⅡB
建築学科,後期,金,4,1013,船橋校舎,英語ⅡB
海洋建築工学科,後期,金,4,1013,船橋校舎,英語ⅡB
機械工学科,後期,金,4,1013,船橋校舎,英語ⅡB
精密機械工学科,後期,金,4,1013,船橋校舎,英語ⅡB
航空宇宙工学科,後期,金,4,1013,船橋校舎,英語ⅡB
電気工学科,後期,金,4,1013,船橋校舎,英語ⅡB
電子工学科,後期,金,4,1013,船橋校舎,英語ⅡB
物質応用化学科,後期,金,4,1013,船橋校舎,英語ⅡB
物理学科,後期,金,4,1013,船橋校舎,英語ⅡB
数学科,後期,金,4,1013,船橋校舎,英語ⅡB
まちづくり工学科,後期,金,4,1013,船橋校舎,英語ⅡB
応用情報工学科,後期,金,4,1013,船橋校舎,英語ⅡB
一般教育,後期,金,4,1013,船橋校舎,英語ⅡB
土木工学科,後期,金,4,1021,船橋校舎,英語ⅡB
交通システム工学科,後期,金,4,1021,船橋校舎,英語ⅡB
交通システム工学科,後期,金,4,1021,船橋校舎,英語ⅡB
建築学科,後期,金,4,1021,船橋校舎,英語ⅡB
海洋建築工学科,後期,金,4,1021,船橋校舎,英語ⅡB
機械工学科,後期,金,4,1021,船橋校舎,英語ⅡB
精密機械工学科,後期,金,4,1021,船橋校舎,英語ⅡB
航空宇宙工学科,後期,金,4,1021,船橋校舎,英語ⅡB
電気工学科,後期,金,4,1021,船橋校舎,英語ⅡB
電子工学科,後期,金,4,1021,船橋校舎,英語ⅡB
物質応用化学科,後期,金,4,1021,船橋校舎,英語ⅡB
物理学科,後期,金,4,1021,船橋校舎,英語ⅡB
数学科,後期,金,4,1021,船橋校舎,英語ⅡB
まちづくり工学科,後期,金,4,1021,船橋校舎,英語ⅡB
応用情報工学科,後期,金,4,1021,船橋校舎,英語ⅡB
一般教育,後期,金,4,1021,船橋校舎,英語ⅡB
土木工学科,後期,金,4,1022,船橋校舎,英語ⅡB
交通システム工学科,後期,金,4,1022,船橋校舎,英語ⅡB
交通システム工学科,後期,金,4,1022,船橋校舎,英語ⅡB
建築学科,後期,金,4,1022,船橋校舎,英語ⅡB
海洋建築工学科,後期,金,4,1022,船橋校舎,英語ⅡB
機械工学科,後期,金,4,1022,船橋校舎,英語ⅡB
精密機械工学科,後期,金,4,1022,船橋校舎,英語ⅡB
航空宇宙工学科,後期,金,4,1022,船橋校舎,英語ⅡB
電気工学科,後期,金,4,1022,船橋校舎,英語ⅡB
電子工学科,後期,金,4,1022,船橋校舎,英語ⅡB
物質応用化学科,後期,金,4,1022,船橋校舎,英語ⅡB
物理学科,後期,金,4,1022,船橋校舎,英語ⅡB
数学科,後期,金,4,1022,船橋校舎,英語ⅡB
まちづくり工学科,後期,金,4,1022,船橋校舎,英語ⅡB
応用情報工学科,後期,金,4,1022,船橋校舎,英語ⅡB
一般教育,後期,金,4,1022,船橋校舎,英語ⅡB
機械工学科,後期,金,4,1023,船橋校舎,物理学Ⅱ {A}
土木工学科,後期,金,4,1032,船橋校舎,中国語Ⅱ
交通システム工学科,後期,金,4,1032,船橋校舎,中国語Ⅱ
交通システム工学科,後期,金,4,1032,船橋校舎,中国語Ⅱ
建築学科,後期,金,4,1032,船橋校舎,中国語Ⅱ
海洋建築工学科,後期,金,4,1032,船橋校舎,中国語Ⅱ
機械工学科,後期,金,4,1032,船橋校舎,中国語Ⅱ
精密機械工学科,後期,金,4,1032,船橋校舎,中国語Ⅱ
航空宇宙工学科,後期,金,4,1032,船橋校舎,中国語Ⅱ
電気工学科,後期,金,4,1032,船橋校舎,中国語Ⅱ
電子工学科,後期,金,4,1032,船橋校舎,中国語Ⅱ
物質応用化学科,後期,金,4,1032,船橋校舎,中国語Ⅱ
物理学科,後期,金,4,1032,船橋校舎,中国語Ⅱ
数学科,後期,金,4,1032,船橋校舎,中国語Ⅱ
まちづくり工学科,後期,金,4,1032,船橋校舎,中国語Ⅱ
応用情報工学科,後期,金,4,1032,船橋校舎,中国語Ⅱ
一般教育,後期,金,4,1032,船橋校舎,中国語Ⅱ
土木工学科,後期,金,4,1042,船橋校舎,中国語Ⅱ
交通システム工学科,後期,金,4,1042,船橋校舎,中国語Ⅱ
交通システム工学科,後期,金,4,1042,船橋校舎,中国語Ⅱ
建築学科,後期,金,4,1042,船橋校舎,中国語Ⅱ
海洋建築工学科,後期,金,4,1042,船橋校舎,中国語Ⅱ
機械工学科,後期,金,4,1042,船橋校舎,中国語Ⅱ
精密機械工学科,後期,金,4,1042,船橋校舎,中国語Ⅱ
航空宇宙工学科,後期,金,4,1042,船橋校舎,中国語Ⅱ
電気工学科,後期,金,4,1042,船橋校舎,中国語Ⅱ
電子工学科,後期,金,4,1042,船橋校舎,中国語Ⅱ
物質応用化学科,後期,金,4,1042,船橋校舎,中国語Ⅱ
物理学科,後期,金,4,1042,船橋校舎,中国語Ⅱ
数学科,後期,金,4,1042,船橋校舎,中国語Ⅱ
まちづくり工学科,後期,金,4,1042,船橋校舎,中国語Ⅱ
応用情報工学科,後期,金,4,1042,船橋校舎,中国語Ⅱ
一般教育,後期,金,4,1042,船橋校舎,中国語Ⅱ
土木工学科,後期,金,4,105,船橋校舎,基礎物理学実験 {年間隔週}↓連続２時限【年間隔週】
交通システム工学科,後期,金,4,105,船橋校舎,基礎物理学実験 {年間隔週}↓連続２時限【年間隔週】
交通システム工学科,後期,金,4,105,船橋校舎,基礎物理学実験 {年間隔週}↓連続２時限【年間隔週】
建築学科,後期,金,4,105,船橋校舎,基礎物理学実験 {年間隔週}↓連続２時限【年間隔週】
海洋建築工学科,後期,金,4,105,船橋校舎,基礎物理学実験 {年間隔週}↓連続２時限【年間隔週】
機械工学科,後期,金,4,105,船橋校舎,基礎物理学実験 {年間隔週}↓連続２時限【年間隔週】
精密機械工学科,後期,金,4,105,船橋校舎,基礎物理学実験 {年間隔週}↓連続２時限【年間隔週】
航空宇宙工学科,後期,金,4,105,船橋校舎,基礎物理学実験 {年間隔週}↓連続２時限【年間隔週】
電気工学科,後期,金,4,105,船橋校舎,基礎物理学実験 {年間隔週}↓連続２時限【年間隔週】
電子工学科,後期,金,4,105,船橋校舎,基礎物理学実験 {年間隔週}↓連続２時限【年間隔週】
物質応用化学科,後期,金,4,105,船橋校舎,基礎物理学実験 {年間隔週}↓連続２時限【年間隔週】
物理学科,後期,金,4,105,船橋校舎,基礎物理学実験 {年間隔週}↓連続２時限【年間隔週】
数学科,後期,金,4,105,船橋校舎,基礎物理学実験 {年間隔週}↓連続２時限【年間隔週】
まちづくり工学科,後期,金,4,105,船橋校舎,基礎物理学実験 {年間隔週}↓連続２時限【年間隔週】
応用情報工学科,後期,金,4,105,船橋校舎,基礎物理学実験 {年間隔週}↓連続２時限【年間隔週】
一般教育,後期,金,4,105,船橋校舎,基礎物理学実験 {年間隔週}↓連続２時限【年間隔週】
土木工学科,後期,金,4,113,船橋校舎,基礎物理学実験 {年間隔週}↓連続２時限【年間隔週】
交通システム工学科,後期,金,4,113,船橋校舎,基礎物理学実験 {年間隔週}↓連続２時限【年間隔週】
交通システム工学科,後期,金,4,113,船橋校舎,基礎物理学実験 {年間隔週}↓連続２時限【年間隔週】
建築学科,後期,金,4,113,船橋校舎,基礎物理学実験 {年間隔週}↓連続２時限【年間隔週】
海洋建築工学科,後期,金,4,113,船橋校舎,基礎物理学実験 {年間隔週}↓連続２時限【年間隔週】
機械工学科,後期,金,4,113,船橋校舎,基礎物理学実験 {年間隔週}↓連続２時限【年間隔週】
精密機械工学科,後期,金,4,113,船橋校舎,基礎物理学実験 {年間隔週}↓連続２時限【年間隔週】
航空宇宙工学科,後期,金,4,113,船橋校舎,基礎物理学実験 {年間隔週}↓連続２時限【年間隔週】
電気工学科,後期,金,4,113,船橋校舎,基礎物理学実験 {年間隔週}↓連続２時限【年間隔週】
電子工学科,後期,金,4,113,船橋校舎,基礎物理学実験 {年間隔週}↓連続２時限【年間隔週】
物質応用化学科,後期,金,4,113,船橋校舎,基礎物理学実験 {年間隔週}↓連続２時限【年間隔週】
物理学科,後期,金,4,113,船橋校舎,基礎物理学実験 {年間隔週}↓連続２時限【年間隔週】
数学科,後期,金,4,113,船橋校舎,基礎物理学実験 {年間隔週}↓連続２時限【年間隔週】
まちづくり工学科,後期,金,4,113,船橋校舎,基礎物理学実験 {年間隔週}↓連続２時限【年間隔週】
応用情報工学科,後期,金,4,113,船橋校舎,基礎物理学実験 {年間隔週}↓連続２時限【年間隔週】
一般教育,後期,金,4,113,船橋校舎,基礎物理学実験 {年間隔週}↓連続２時限【年間隔週】
土木工学科,後期,金,4,1131,船橋校舎,フランス語Ⅱ
交通システム工学科,後期,金,4,1131,船橋校舎,フランス語Ⅱ
交通システム工学科,後期,金,4,1131,船橋校舎,フランス語Ⅱ
建築学科,後期,金,4,1131,船橋校舎,フランス語Ⅱ
海洋建築工学科,後期,金,4,1131,船橋校舎,フランス語Ⅱ
機械工学科,後期,金,4,1131,船橋校舎,フランス語Ⅱ
精密機械工学科,後期,金,4,1131,船橋校舎,フランス語Ⅱ
航空宇宙工学科,後期,金,4,1131,船橋校舎,フランス語Ⅱ
電気工学科,後期,金,4,1131,船橋校舎,フランス語Ⅱ
電子工学科,後期,金,4,1131,船橋校舎,フランス語Ⅱ
物質応用化学科,後期,金,4,1131,船橋校舎,フランス語Ⅱ
物理学科,後期,金,4,1131,船橋校舎,フランス語Ⅱ
数学科,後期,金,4,1131,船橋校舎,フランス語Ⅱ
まちづくり工学科,後期,金,4,1131,船橋校舎,フランス語Ⅱ
応用情報工学科,後期,金,4,1131,船橋校舎,フランス語Ⅱ
一般教育,後期,金,4,1131,船橋校舎,フランス語Ⅱ
交通システム工学科,後期,金,4,1132,船橋校舎,線形代数学Ⅱ {1}
交通システム工学科,後期,金,4,1132,船橋校舎,線形代数学Ⅱ {1}
交通システム工学科,後期,金,4,1133,船橋校舎,線形代数学Ⅱ {2}
交通システム工学科,後期,金,4,1133,船橋校舎,線形代数学Ⅱ {2}
応用情報工学科,後期,金,4,1202,船橋校舎,情報セキュリティ基礎
精密機械工学科,後期,金,4,1214,船橋校舎,電気電子実験Ⅱ {2}{未来}↓連続２時限
土木工学科,後期,金,4,1231,船橋校舎,ドイツ語Ⅱ
交通システム工学科,後期,金,4,1231,船橋校舎,ドイツ語Ⅱ
交通システム工学科,後期,金,4,1231,船橋校舎,ドイツ語Ⅱ
建築学科,後期,金,4,1231,船橋校舎,ドイツ語Ⅱ
海洋建築工学科,後期,金,4,1231,船橋校舎,ドイツ語Ⅱ
機械工学科,後期,金,4,1231,船橋校舎,ドイツ語Ⅱ
精密機械工学科,後期,金,4,1231,船橋校舎,ドイツ語Ⅱ
航空宇宙工学科,後期,金,4,1231,船橋校舎,ドイツ語Ⅱ
電気工学科,後期,金,4,1231,船橋校舎,ドイツ語Ⅱ
電子工学科,後期,金,4,1231,船橋校舎,ドイツ語Ⅱ
物質応用化学科,後期,金,4,1231,船橋校舎,ドイツ語Ⅱ
物理学科,後期,金,4,1231,船橋校舎,ドイツ語Ⅱ
数学科,後期,金,4,1231,船橋校舎,ドイツ語Ⅱ
まちづくり工学科,後期,金,4,1231,船橋校舎,ドイツ語Ⅱ
応用情報工学科,後期,金,4,1231,船橋校舎,ドイツ語Ⅱ
一般教育,後期,金,4,1231,船橋校舎,ドイツ語Ⅱ
土木工学科,後期,金,4,1232,船橋校舎,ドイツ語Ⅱ
交通システム工学科,後期,金,4,1232,船橋校舎,ドイツ語Ⅱ
交通システム工学科,後期,金,4,1232,船橋校舎,ドイツ語Ⅱ
建築学科,後期,金,4,1232,船橋校舎,ドイツ語Ⅱ
海洋建築工学科,後期,金,4,1232,船橋校舎,ドイツ語Ⅱ
機械工学科,後期,金,4,1232,船橋校舎,ドイツ語Ⅱ
精密機械工学科,後期,金,4,1232,船橋校舎,ドイツ語Ⅱ
航空宇宙工学科,後期,金,4,1232,船橋校舎,ドイツ語Ⅱ
電気工学科,後期,金,4,1232,船橋校舎,ドイツ語Ⅱ
電子工学科,後期,金,4,1232,船橋校舎,ドイツ語Ⅱ
物質応用化学科,後期,金,4,1232,船橋校舎,ドイツ語Ⅱ
物理学科,後期,金,4,1232,船橋校舎,ドイツ語Ⅱ
数学科,後期,金,4,1232,船橋校舎,ドイツ語Ⅱ
まちづくり工学科,後期,金,4,1232,船橋校舎,ドイツ語Ⅱ
応用情報工学科,後期,金,4,1232,船橋校舎,ドイツ語Ⅱ
一般教育,後期,金,4,1232,船橋校舎,ドイツ語Ⅱ
応用情報工学科,後期,金,4,1234,船橋校舎,情報セキュリティ基礎
土木工学科,後期,金,4,134,船橋校舎,基礎物理学実験 {年間隔週}↓連続２時限【年間隔週】
交通システム工学科,後期,金,4,134,船橋校舎,基礎物理学実験 {年間隔週}↓連続２時限【年間隔週】
交通システム工学科,後期,金,4,134,船橋校舎,基礎物理学実験 {年間隔週}↓連続２時限【年間隔週】
建築学科,後期,金,4,134,船橋校舎,基礎物理学実験 {年間隔週}↓連続２時限【年間隔週】
海洋建築工学科,後期,金,4,134,船橋校舎,基礎物理学実験 {年間隔週}↓連続２時限【年間隔週】
機械工学科,後期,金,4,134,船橋校舎,基礎物理学実験 {年間隔週}↓連続２時限【年間隔週】
精密機械工学科,後期,金,4,134,船橋校舎,基礎物理学実験 {年間隔週}↓連続２時限【年間隔週】
航空宇宙工学科,後期,金,4,134,船橋校舎,基礎物理学実験 {年間隔週}↓連続２時限【年間隔週】
電気工学科,後期,金,4,134,船橋校舎,基礎物理学実験 {年間隔週}↓連続２時限【年間隔週】
電子工学科,後期,金,4,134,船橋校舎,基礎物理学実験 {年間隔週}↓連続２時限【年間隔週】
物質応用化学科,後期,金,4,134,船橋校舎,基礎物理学実験 {年間隔週}↓連続２時限【年間隔週】
物理学科,後期,金,4,134,船橋校舎,基礎物理学実験 {年間隔週}↓連続２時限【年間隔週】
数学科,後期,金,4,134,船橋校舎,基礎物理学実験 {年間隔週}↓連続２時限【年間隔週】
まちづくり工学科,後期,金,4,134,船橋校舎,基礎物理学実験 {年間隔週}↓連続２時限【年間隔週】
応用情報工学科,後期,金,4,134,船橋校舎,基礎物理学実験 {年間隔週}↓連続２時限【年間隔週】
一般教育,後期,金,4,134,船橋校舎,基礎物理学実験 {年間隔週}↓連続２時限【年間隔週】
海洋建築工学科,後期,金,4,1421,船橋校舎,情報システム概論
物質応用化学科,後期,金,4,1422,船橋校舎,生命科学Ⅰ {A}
物質応用化学科,後期,金,4,1423,船橋校舎,基礎無機化学 {B}
交通システム工学科,後期,金,4,1424,船橋校舎,橋梁及び鋼構造演習↓連続２時限
交通システム工学科,後期,金,4,1424,船橋校舎,橋梁及び鋼構造演習↓連続２時限
土木工学科,後期,金,4,143,船橋校舎,基礎物理学実験 {年間隔週}↓連続２時限【年間隔週】
交通システム工学科,後期,金,4,143,船橋校舎,基礎物理学実験 {年間隔週}↓連続２時限【年間隔週】
交通システム工学科,後期,金,4,143,船橋校舎,基礎物理学実験 {年間隔週}↓連続２時限【年間隔週】
建築学科,後期,金,4,143,船橋校舎,基礎物理学実験 {年間隔週}↓連続２時限【年間隔週】
海洋建築工学科,後期,金,4,143,船橋校舎,基礎物理学実験 {年間隔週}↓連続２時限【年間隔週】
機械工学科,後期,金,4,143,船橋校舎,基礎物理学実験 {年間隔週}↓連続２時限【年間隔週】
精密機械工学科,後期,金,4,143,船橋校舎,基礎物理学実験 {年間隔週}↓連続２時限【年間隔週】
航空宇宙工学科,後期,金,4,143,船橋校舎,基礎物理学実験 {年間隔週}↓連続２時限【年間隔週】
電気工学科,後期,金,4,143,船橋校舎,基礎物理学実験 {年間隔週}↓連続２時限【年間隔週】
電子工学科,後期,金,4,143,船橋校舎,基礎物理学実験 {年間隔週}↓連続２時限【年間隔週】
物質応用化学科,後期,金,4,143,船橋校舎,基礎物理学実験 {年間隔週}↓連続２時限【年間隔週】
物理学科,後期,金,4,143,船橋校舎,基礎物理学実験 {年間隔週}↓連続２時限【年間隔週】
数学科,後期,金,4,143,船橋校舎,基礎物理学実験 {年間隔週}↓連続２時限【年間隔週】
まちづくり工学科,後期,金,4,143,船橋校舎,基礎物理学実験 {年間隔週}↓連続２時限【年間隔週】
応用情報工学科,後期,金,4,143,船橋校舎,基礎物理学実験 {年間隔週}↓連続２時限【年間隔週】
一般教育,後期,金,4,143,船橋校舎,基礎物理学実験 {年間隔週}↓連続２時限【年間隔週】
電子工学科,後期,金,4,1431,船橋校舎,分布定数回路
海洋建築工学科,後期,金,4,1432,船橋校舎,海洋環境アセスメント
まちづくり工学科,後期,金,4,1433,船橋校舎,建築デザイン演習↓連続２時限
建築学科,後期,金,4,1434,船橋校舎,デザイン基礎Ⅱ {2}↓連続３時限
応用情報工学科,後期,金,4,1434,船橋校舎,応用情報工学総合演習
土木工学科,後期,金,4,144,船橋校舎,基礎物理学実験 {年間隔週}↓連続２時限【年間隔週】
交通システム工学科,後期,金,4,144,船橋校舎,基礎物理学実験 {年間隔週}↓連続２時限【年間隔週】
交通システム工学科,後期,金,4,144,船橋校舎,基礎物理学実験 {年間隔週}↓連続２時限【年間隔週】
建築学科,後期,金,4,144,船橋校舎,基礎物理学実験 {年間隔週}↓連続２時限【年間隔週】
海洋建築工学科,後期,金,4,144,船橋校舎,基礎物理学実験 {年間隔週}↓連続２時限【年間隔週】
機械工学科,後期,金,4,144,船橋校舎,基礎物理学実験 {年間隔週}↓連続２時限【年間隔週】
精密機械工学科,後期,金,4,144,船橋校舎,基礎物理学実験 {年間隔週}↓連続２時限【年間隔週】
航空宇宙工学科,後期,金,4,144,船橋校舎,基礎物理学実験 {年間隔週}↓連続２時限【年間隔週】
電気工学科,後期,金,4,144,船橋校舎,基礎物理学実験 {年間隔週}↓連続２時限【年間隔週】
電子工学科,後期,金,4,144,船橋校舎,基礎物理学実験 {年間隔週}↓連続２時限【年間隔週】
物質応用化学科,後期,金,4,144,船橋校舎,基礎物理学実験 {年間隔週}↓連続２時限【年間隔週】
物理学科,後期,金,4,144,船橋校舎,基礎物理学実験 {年間隔週}↓連続２時限【年間隔週】
数学科,後期,金,4,144,船橋校舎,基礎物理学実験 {年間隔週}↓連続２時限【年間隔週】
まちづくり工学科,後期,金,4,144,船橋校舎,基礎物理学実験 {年間隔週}↓連続２時限【年間隔週】
応用情報工学科,後期,金,4,144,船橋校舎,基礎物理学実験 {年間隔週}↓連続２時限【年間隔週】
一般教育,後期,金,4,144,船橋校舎,基礎物理学実験 {年間隔週}↓連続２時限【年間隔週】
電気工学科,後期,金,4,1441,船橋校舎,線形代数学Ⅱ {A}
電気工学科,後期,金,4,1442,船橋校舎,線形代数学Ⅱ {B}
応用情報工学科,後期,金,4,1443,船橋校舎,応用情報工学総合演習
機械工学科,後期,金,4,1444,船橋校舎,物理学Ⅱ {B}
海洋建築工学専攻,後期,金,4,1452,船橋校舎,コンクリート構造工学特論
電子工学専攻,後期,金,4,1453,船橋校舎,信頼性工学
応用情報工学科,後期,金,4,1454,船橋校舎,環境情報
航空宇宙工学専攻,後期,金,4,1455,船橋校舎,宇宙機システム工学
情報科学専攻,後期,金,4,1456,船橋校舎,人工知能Ⅰ
建築学科,後期,金,4,14号館製図室,船橋校舎,デザイン基礎Ⅱ {2}↓連続３時限
土木工学科,後期,金,4,341,船橋校舎,基礎化学実験 {年間隔週}↓連続２時限【年間隔週】
交通システム工学科,後期,金,4,341,船橋校舎,基礎化学実験 {年間隔週}↓連続２時限【年間隔週】
交通システム工学科,後期,金,4,341,船橋校舎,基礎化学実験 {年間隔週}↓連続２時限【年間隔週】
建築学科,後期,金,4,341,船橋校舎,基礎化学実験 {年間隔週}↓連続２時限【年間隔週】
海洋建築工学科,後期,金,4,341,船橋校舎,基礎化学実験 {年間隔週}↓連続２時限【年間隔週】
機械工学科,後期,金,4,341,船橋校舎,基礎化学実験 {年間隔週}↓連続２時限【年間隔週】
精密機械工学科,後期,金,4,341,船橋校舎,基礎化学実験 {年間隔週}↓連続２時限【年間隔週】
航空宇宙工学科,後期,金,4,341,船橋校舎,基礎化学実験 {年間隔週}↓連続２時限【年間隔週】
電気工学科,後期,金,4,341,船橋校舎,基礎化学実験 {年間隔週}↓連続２時限【年間隔週】
電子工学科,後期,金,4,341,船橋校舎,基礎化学実験 {年間隔週}↓連続２時限【年間隔週】
物質応用化学科,後期,金,4,341,船橋校舎,基礎化学実験 {年間隔週}↓連続２時限【年間隔週】
物理学科,後期,金,4,341,船橋校舎,基礎化学実験 {年間隔週}↓連続２時限【年間隔週】
数学科,後期,金,4,341,船橋校舎,基礎化学実験 {年間隔週}↓連続２時限【年間隔週】
まちづくり工学科,後期,金,4,341,船橋校舎,基礎化学実験 {年間隔週}↓連続２時限【年間隔週】
応用情報工学科,後期,金,4,341,船橋校舎,基礎化学実験 {年間隔週}↓連続２時限【年間隔週】
一般教育,後期,金,4,341,船橋校舎,基礎化学実験 {年間隔週}↓連続２時限【年間隔週】
土木工学科,後期,金,4,342,船橋校舎,基礎化学実験 {年間隔週}↓連続２時限【年間隔週】
交通システム工学科,後期,金,4,342,船橋校舎,基礎化学実験 {年間隔週}↓連続２時限【年間隔週】
交通システム工学科,後期,金,4,342,船橋校舎,基礎化学実験 {年間隔週}↓連続２時限【年間隔週】
建築学科,後期,金,4,342,船橋校舎,基礎化学実験 {年間隔週}↓連続２時限【年間隔週】
海洋建築工学科,後期,金,4,342,船橋校舎,基礎化学実験 {年間隔週}↓連続２時限【年間隔週】
機械工学科,後期,金,4,342,船橋校舎,基礎化学実験 {年間隔週}↓連続２時限【年間隔週】
精密機械工学科,後期,金,4,342,船橋校舎,基礎化学実験 {年間隔週}↓連続２時限【年間隔週】
航空宇宙工学科,後期,金,4,342,船橋校舎,基礎化学実験 {年間隔週}↓連続２時限【年間隔週】
電気工学科,後期,金,4,342,船橋校舎,基礎化学実験 {年間隔週}↓連続２時限【年間隔週】
電子工学科,後期,金,4,342,船橋校舎,基礎化学実験 {年間隔週}↓連続２時限【年間隔週】
物質応用化学科,後期,金,4,342,船橋校舎,基礎化学実験 {年間隔週}↓連続２時限【年間隔週】
物理学科,後期,金,4,342,船橋校舎,基礎化学実験 {年間隔週}↓連続２時限【年間隔週】
数学科,後期,金,4,342,船橋校舎,基礎化学実験 {年間隔週}↓連続２時限【年間隔週】
まちづくり工学科,後期,金,4,342,船橋校舎,基礎化学実験 {年間隔週}↓連続２時限【年間隔週】
応用情報工学科,後期,金,4,342,船橋校舎,基礎化学実験 {年間隔週}↓連続２時限【年間隔週】
一般教育,後期,金,4,342,船橋校舎,基礎化学実験 {年間隔週}↓連続２時限【年間隔週】
電子工学科,後期,金,4,443,船橋校舎,半導体物性工学
航空宇宙工学科,後期,金,4,633,船橋校舎,設計製図Ⅱ {未来}↓連続２時限
まちづくり工学科,後期,金,4,634,船橋校舎,建築デザイン演習↓連続２時限
まちづくり工学科,後期,金,4,635,船橋校舎,建築デザイン演習↓連続２時限
航空宇宙工学科,後期,金,4,641,船橋校舎,設計製図Ⅱ {未来}↓連続２時限
航空宇宙工学科,後期,金,4,642,船橋校舎,設計製図Ⅱ {未来}↓連続２時限
航空宇宙工学科,後期,金,4,644,船橋校舎,設計製図Ⅱ {未来}↓連続２時限
精密機械工学科,後期,金,4,741,船橋校舎,電気電子実験Ⅱ {2}{未来}↓連続２時限
土木工学科,後期,金,4,819,船橋校舎,基礎化学実験 {年間隔週}↓連続２時限【年間隔週】
交通システム工学科,後期,金,4,819,船橋校舎,基礎化学実験 {年間隔週}↓連続２時限【年間隔週】
交通システム工学科,後期,金,4,819,船橋校舎,基礎化学実験 {年間隔週}↓連続２時限【年間隔週】
建築学科,後期,金,4,819,船橋校舎,基礎化学実験 {年間隔週}↓連続２時限【年間隔週】
海洋建築工学科,後期,金,4,819,船橋校舎,基礎化学実験 {年間隔週}↓連続２時限【年間隔週】
機械工学科,後期,金,4,819,船橋校舎,基礎化学実験 {年間隔週}↓連続２時限【年間隔週】
精密機械工学科,後期,金,4,819,船橋校舎,基礎化学実験 {年間隔週}↓連続２時限【年間隔週】
航空宇宙工学科,後期,金,4,819,船橋校舎,基礎化学実験 {年間隔週}↓連続２時限【年間隔週】
電気工学科,後期,金,4,819,船橋校舎,基礎化学実験 {年間隔週}↓連続２時限【年間隔週】
電子工学科,後期,金,4,819,船橋校舎,基礎化学実験 {年間隔週}↓連続２時限【年間隔週】
物質応用化学科,後期,金,4,819,船橋校舎,基礎化学実験 {年間隔週}↓連続２時限【年間隔週】
物理学科,後期,金,4,819,船橋校舎,基礎化学実験 {年間隔週}↓連続２時限【年間隔週】
数学科,後期,金,4,819,船橋校舎,基礎化学実験 {年間隔週}↓連続２時限【年間隔週】
まちづくり工学科,後期,金,4,819,船橋校舎,基礎化学実験 {年間隔週}↓連続２時限【年間隔週】
応用情報工学科,後期,金,4,819,船橋校舎,基礎化学実験 {年間隔週}↓連続２時限【年間隔週】
一般教育,後期,金,4,819,船橋校舎,基礎化学実験 {年間隔週}↓連続２時限【年間隔週】
土木工学科,後期,金,4,826,船橋校舎,基礎化学実験 {年間隔週}↓連続２時限【年間隔週】
交通システム工学科,後期,金,4,826,船橋校舎,基礎化学実験 {年間隔週}↓連続２時限【年間隔週】
交通システム工学科,後期,金,4,826,船橋校舎,基礎化学実験 {年間隔週}↓連続２時限【年間隔週】
建築学科,後期,金,4,826,船橋校舎,基礎化学実験 {年間隔週}↓連続２時限【年間隔週】
海洋建築工学科,後期,金,4,826,船橋校舎,基礎化学実験 {年間隔週}↓連続２時限【年間隔週】
機械工学科,後期,金,4,826,船橋校舎,基礎化学実験 {年間隔週}↓連続２時限【年間隔週】
精密機械工学科,後期,金,4,826,船橋校舎,基礎化学実験 {年間隔週}↓連続２時限【年間隔週】
航空宇宙工学科,後期,金,4,826,船橋校舎,基礎化学実験 {年間隔週}↓連続２時限【年間隔週】
電気工学科,後期,金,4,826,船橋校舎,基礎化学実験 {年間隔週}↓連続２時限【年間隔週】
電子工学科,後期,金,4,826,船橋校舎,基礎化学実験 {年間隔週}↓連続２時限【年間隔週】
物質応用化学科,後期,金,4,826,船橋校舎,基礎化学実験 {年間隔週}↓連続２時限【年間隔週】
物理学科,後期,金,4,826,船橋校舎,基礎化学実験 {年間隔週}↓連続２時限【年間隔週】
数学科,後期,金,4,826,船橋校舎,基礎化学実験 {年間隔週}↓連続２時限【年間隔週】
まちづくり工学科,後期,金,4,826,船橋校舎,基礎化学実験 {年間隔週}↓連続２時限【年間隔週】
応用情報工学科,後期,金,4,826,船橋校舎,基礎化学実験 {年間隔週}↓連続２時限【年間隔週】
一般教育,後期,金,4,826,船橋校舎,基礎化学実験 {年間隔週}↓連続２時限【年間隔週】
土木工学科,後期,金,4,829,船橋校舎,基礎化学実験 {年間隔週}↓連続２時限【年間隔週】
交通システム工学科,後期,金,4,829,船橋校舎,基礎化学実験 {年間隔週}↓連続２時限【年間隔週】
交通システム工学科,後期,金,4,829,船橋校舎,基礎化学実験 {年間隔週}↓連続２時限【年間隔週】
建築学科,後期,金,4,829,船橋校舎,基礎化学実験 {年間隔週}↓連続２時限【年間隔週】
海洋建築工学科,後期,金,4,829,船橋校舎,基礎化学実験 {年間隔週}↓連続２時限【年間隔週】
機械工学科,後期,金,4,829,船橋校舎,基礎化学実験 {年間隔週}↓連続２時限【年間隔週】
精密機械工学科,後期,金,4,829,船橋校舎,基礎化学実験 {年間隔週}↓連続２時限【年間隔週】
航空宇宙工学科,後期,金,4,829,船橋校舎,基礎化学実験 {年間隔週}↓連続２時限【年間隔週】
電気工学科,後期,金,4,829,船橋校舎,基礎化学実験 {年間隔週}↓連続２時限【年間隔週】
電子工学科,後期,金,4,829,船橋校舎,基礎化学実験 {年間隔週}↓連続２時限【年間隔週】
物質応用化学科,後期,金,4,829,船橋校舎,基礎化学実験 {年間隔週}↓連続２時限【年間隔週】
物理学科,後期,金,4,829,船橋校舎,基礎化学実験 {年間隔週}↓連続２時限【年間隔週】
数学科,後期,金,4,829,船橋校舎,基礎化学実験 {年間隔週}↓連続２時限【年間隔週】
まちづくり工学科,後期,金,4,829,船橋校舎,基礎化学実験 {年間隔週}↓連続２時限【年間隔週】
応用情報工学科,後期,金,4,829,船橋校舎,基礎化学実験 {年間隔週}↓連続２時限【年間隔週】
一般教育,後期,金,4,829,船橋校舎,基礎化学実験 {年間隔週}↓連続２時限【年間隔週】
まちづくり工学科,後期,金,4,まち製図室,船橋校舎,建築デザイン演習↓連続２時限
交通システム工学科,後期,金,4,測量実習ｾﾝﾀｰ(演習室AB),船橋校舎,測量実習↓連続２時限【年間】
交通システム工学科,後期,金,4,測量実習ｾﾝﾀｰ(演習室AB),船橋校舎,測量実習↓連続２時限【年間】
精密機械工学科,後期,金,4,精密実験実験室,船橋校舎,機械実験Ⅱ {1}{未来}↓連続２時限
精密機械工学科,後期,金,4,精密実験実験室,船橋校舎,電気電子実験Ⅱ {2}{未来}↓連続２時限
物理学科,後期,金,4,0000,駿河台校舎,物理学実験Ⅰ {未来}↓連続２時限
物理学科,後期,金,4,0000,駿河台校舎,物理学実験Ⅱ {未来}↓連続２時限
物理学科,後期,金,4,0000,駿河台校舎,物理学プロジェクト実験 {未来}↓連続２時限
物理学科,後期,金,4,131,駿河台校舎,電磁気学演習↓連続２時限
物理学科,後期,金,4,132,駿河台校舎,電磁気学演習↓連続２時限
物理学科,後期,金,4,134,駿河台校舎,統計物理学演習↓連続２時限
物理学科,後期,金,4,141,駿河台校舎,統計物理学演習↓連続２時限
土木工学科,後期,金,4,144,駿河台校舎,土木計画の基礎 {2}
土木工学科,後期,金,4,151,駿河台校舎,コンクリート工学 {1}
電気工学科,後期,金,4,1511電気実験室,駿河台校舎,電気電子工学実験 {A}↓連続２時限
電気工学科,後期,金,4,1511電気実験室,駿河台校舎,電気工学実験Ⅰ {B}↓連続２時限
数学科,後期,金,4,152,駿河台校舎,数学入門Ｄ
物理学科,後期,金,4,154,駿河台校舎,統計物理学演習↓連続２時限
機械工学科,後期,金,4,751,駿河台校舎,機械設計製図ⅡB {A}↓連続２時限
機械工学科,後期,金,4,752,駿河台校舎,機械設計製図ⅡB {A}↓連続２時限
電気工学科,後期,金,4,805A,駿河台校舎,回路デザイン実験 {A}↓連続２時限
電気工学科,後期,金,4,805A,駿河台校舎,電気工学実験Ⅱ {B}↓連続２時限
電気工学科,後期,金,4,811,駿河台校舎,回路デザイン実験 {A}↓連続２時限
電気工学科,後期,金,4,811,駿河台校舎,電気工学実験Ⅱ {B}↓連続２時限
電気工学科,後期,金,4,812,駿河台校舎,回路デザイン実験 {A}↓連続２時限
電気工学科,後期,金,4,812,駿河台校舎,電気工学実験Ⅱ {B}↓連続２時限
物質応用化学科,後期,金,4,851,駿河台校舎,高分子合成化学 {A}
物質応用化学科,後期,金,4,852,駿河台校舎,環境化学Ⅱ {B}
一般教育,後期,金,5,S204,タワースコラ,線形代数学Ⅱ
土木工学科,後期,金,5,S301,タワースコラ,力学の基礎Ⅱ及び演習 {再履修}↓連続２時限
土木工学科,後期,金,5,S303,タワースコラ,力学の基礎Ⅱ及び演習 {再履修}↓連続２時限
土木工学専攻,後期,金,5,S305,タワースコラ,計算力学演習Ⅰ
一般教育,後期,金,5,S306,タワースコラ,教）技術科教育法Ⅳ
建築学専攻,後期,金,5,S403,タワースコラ,建築構造特論Ⅳ
一般教育,後期,金,5,S501,タワースコラ,教）情報科教育法Ⅱ
電気工学専攻,後期,金,5,S602,タワースコラ,エネルギー工学特論 ＊
土木工学科,後期,金,5,1011,船橋校舎,英語ⅠB
土木工学科,後期,金,5,1012,船橋校舎,英語ⅠB
土木工学科,後期,金,5,1013,船橋校舎,英語ⅠB
土木工学科,後期,金,5,1021,船橋校舎,英語ⅠB
一般教育,後期,金,5,1022,船橋校舎,教養基礎ゼミナール {ｼﾞｪﾝﾀﾞｰ}
土木工学科,後期,金,5,1023,船橋校舎,中国語Ⅱ
交通システム工学科,後期,金,5,1023,船橋校舎,中国語Ⅱ
交通システム工学科,後期,金,5,1023,船橋校舎,中国語Ⅱ
建築学科,後期,金,5,1023,船橋校舎,中国語Ⅱ
海洋建築工学科,後期,金,5,1023,船橋校舎,中国語Ⅱ
機械工学科,後期,金,5,1023,船橋校舎,中国語Ⅱ
精密機械工学科,後期,金,5,1023,船橋校舎,中国語Ⅱ
航空宇宙工学科,後期,金,5,1023,船橋校舎,中国語Ⅱ
電気工学科,後期,金,5,1023,船橋校舎,中国語Ⅱ
電子工学科,後期,金,5,1023,船橋校舎,中国語Ⅱ
物質応用化学科,後期,金,5,1023,船橋校舎,中国語Ⅱ
物理学科,後期,金,5,1023,船橋校舎,中国語Ⅱ
数学科,後期,金,5,1023,船橋校舎,中国語Ⅱ
まちづくり工学科,後期,金,5,1023,船橋校舎,中国語Ⅱ
応用情報工学科,後期,金,5,1023,船橋校舎,中国語Ⅱ
一般教育,後期,金,5,1023,船橋校舎,中国語Ⅱ
土木工学科,後期,金,5,1031,船橋校舎,英語ⅠB
土木工学科,後期,金,5,1032,船橋校舎,中国語Ⅱ
交通システム工学科,後期,金,5,1032,船橋校舎,中国語Ⅱ
交通システム工学科,後期,金,5,1032,船橋校舎,中国語Ⅱ
建築学科,後期,金,5,1032,船橋校舎,中国語Ⅱ
海洋建築工学科,後期,金,5,1032,船橋校舎,中国語Ⅱ
機械工学科,後期,金,5,1032,船橋校舎,中国語Ⅱ
精密機械工学科,後期,金,5,1032,船橋校舎,中国語Ⅱ
航空宇宙工学科,後期,金,5,1032,船橋校舎,中国語Ⅱ
電気工学科,後期,金,5,1032,船橋校舎,中国語Ⅱ
電子工学科,後期,金,5,1032,船橋校舎,中国語Ⅱ
物質応用化学科,後期,金,5,1032,船橋校舎,中国語Ⅱ
物理学科,後期,金,5,1032,船橋校舎,中国語Ⅱ
数学科,後期,金,5,1032,船橋校舎,中国語Ⅱ
まちづくり工学科,後期,金,5,1032,船橋校舎,中国語Ⅱ
応用情報工学科,後期,金,5,1032,船橋校舎,中国語Ⅱ
一般教育,後期,金,5,1032,船橋校舎,中国語Ⅱ
土木工学科,後期,金,5,1042,船橋校舎,中国語Ⅱ
交通システム工学科,後期,金,5,1042,船橋校舎,中国語Ⅱ
交通システム工学科,後期,金,5,1042,船橋校舎,中国語Ⅱ
建築学科,後期,金,5,1042,船橋校舎,中国語Ⅱ
海洋建築工学科,後期,金,5,1042,船橋校舎,中国語Ⅱ
機械工学科,後期,金,5,1042,船橋校舎,中国語Ⅱ
精密機械工学科,後期,金,5,1042,船橋校舎,中国語Ⅱ
航空宇宙工学科,後期,金,5,1042,船橋校舎,中国語Ⅱ
電気工学科,後期,金,5,1042,船橋校舎,中国語Ⅱ
電子工学科,後期,金,5,1042,船橋校舎,中国語Ⅱ
物質応用化学科,後期,金,5,1042,船橋校舎,中国語Ⅱ
物理学科,後期,金,5,1042,船橋校舎,中国語Ⅱ
数学科,後期,金,5,1042,船橋校舎,中国語Ⅱ
まちづくり工学科,後期,金,5,1042,船橋校舎,中国語Ⅱ
応用情報工学科,後期,金,5,1042,船橋校舎,中国語Ⅱ
一般教育,後期,金,5,1042,船橋校舎,中国語Ⅱ
一般教育,後期,金,5,1121,船橋校舎,教養基礎ゼミナール {python}
一般教育,後期,金,5,1122,船橋校舎,教養基礎ゼミナール {ｱﾝﾄﾚﾌﾟﾚﾅ}
土木工学科,後期,金,5,1131,船橋校舎,フランス語Ⅱ
交通システム工学科,後期,金,5,1131,船橋校舎,フランス語Ⅱ
交通システム工学科,後期,金,5,1131,船橋校舎,フランス語Ⅱ
建築学科,後期,金,5,1131,船橋校舎,フランス語Ⅱ
海洋建築工学科,後期,金,5,1131,船橋校舎,フランス語Ⅱ
機械工学科,後期,金,5,1131,船橋校舎,フランス語Ⅱ
精密機械工学科,後期,金,5,1131,船橋校舎,フランス語Ⅱ
航空宇宙工学科,後期,金,5,1131,船橋校舎,フランス語Ⅱ
電気工学科,後期,金,5,1131,船橋校舎,フランス語Ⅱ
電子工学科,後期,金,5,1131,船橋校舎,フランス語Ⅱ
物質応用化学科,後期,金,5,1131,船橋校舎,フランス語Ⅱ
物理学科,後期,金,5,1131,船橋校舎,フランス語Ⅱ
数学科,後期,金,5,1131,船橋校舎,フランス語Ⅱ
まちづくり工学科,後期,金,5,1131,船橋校舎,フランス語Ⅱ
応用情報工学科,後期,金,5,1131,船橋校舎,フランス語Ⅱ
一般教育,後期,金,5,1131,船橋校舎,フランス語Ⅱ
一般教育,後期,金,5,1132,船橋校舎,現代物理学 {III群}
応用情報工学科,後期,金,5,1133,船橋校舎,物質の構造と状態
一般教育,後期,金,5,1142,船橋校舎,力と運動の物理学Ⅰ演習 {再履修}
精密機械工学科,後期,金,5,1201,船橋校舎,デジタル制御
土木工学科,後期,金,5,1231,船橋校舎,ドイツ語Ⅱ
交通システム工学科,後期,金,5,1231,船橋校舎,ドイツ語Ⅱ
交通システム工学科,後期,金,5,1231,船橋校舎,ドイツ語Ⅱ
建築学科,後期,金,5,1231,船橋校舎,ドイツ語Ⅱ
海洋建築工学科,後期,金,5,1231,船橋校舎,ドイツ語Ⅱ
機械工学科,後期,金,5,1231,船橋校舎,ドイツ語Ⅱ
精密機械工学科,後期,金,5,1231,船橋校舎,ドイツ語Ⅱ
航空宇宙工学科,後期,金,5,1231,船橋校舎,ドイツ語Ⅱ
電気工学科,後期,金,5,1231,船橋校舎,ドイツ語Ⅱ
電子工学科,後期,金,5,1231,船橋校舎,ドイツ語Ⅱ
物質応用化学科,後期,金,5,1231,船橋校舎,ドイツ語Ⅱ
物理学科,後期,金,5,1231,船橋校舎,ドイツ語Ⅱ
数学科,後期,金,5,1231,船橋校舎,ドイツ語Ⅱ
まちづくり工学科,後期,金,5,1231,船橋校舎,ドイツ語Ⅱ
応用情報工学科,後期,金,5,1231,船橋校舎,ドイツ語Ⅱ
一般教育,後期,金,5,1231,船橋校舎,ドイツ語Ⅱ
土木工学科,後期,金,5,1232,船橋校舎,ドイツ語Ⅱ
交通システム工学科,後期,金,5,1232,船橋校舎,ドイツ語Ⅱ
交通システム工学科,後期,金,5,1232,船橋校舎,ドイツ語Ⅱ
建築学科,後期,金,5,1232,船橋校舎,ドイツ語Ⅱ
海洋建築工学科,後期,金,5,1232,船橋校舎,ドイツ語Ⅱ
機械工学科,後期,金,5,1232,船橋校舎,ドイツ語Ⅱ
精密機械工学科,後期,金,5,1232,船橋校舎,ドイツ語Ⅱ
航空宇宙工学科,後期,金,5,1232,船橋校舎,ドイツ語Ⅱ
電気工学科,後期,金,5,1232,船橋校舎,ドイツ語Ⅱ
電子工学科,後期,金,5,1232,船橋校舎,ドイツ語Ⅱ
物質応用化学科,後期,金,5,1232,船橋校舎,ドイツ語Ⅱ
物理学科,後期,金,5,1232,船橋校舎,ドイツ語Ⅱ
数学科,後期,金,5,1232,船橋校舎,ドイツ語Ⅱ
まちづくり工学科,後期,金,5,1232,船橋校舎,ドイツ語Ⅱ
応用情報工学科,後期,金,5,1232,船橋校舎,ドイツ語Ⅱ
一般教育,後期,金,5,1232,船橋校舎,ドイツ語Ⅱ
土木工学科,後期,金,5,1233,船橋校舎,ドイツ語Ⅱ
交通システム工学科,後期,金,5,1233,船橋校舎,ドイツ語Ⅱ
交通システム工学科,後期,金,5,1233,船橋校舎,ドイツ語Ⅱ
建築学科,後期,金,5,1233,船橋校舎,ドイツ語Ⅱ
海洋建築工学科,後期,金,5,1233,船橋校舎,ドイツ語Ⅱ
機械工学科,後期,金,5,1233,船橋校舎,ドイツ語Ⅱ
精密機械工学科,後期,金,5,1233,船橋校舎,ドイツ語Ⅱ
航空宇宙工学科,後期,金,5,1233,船橋校舎,ドイツ語Ⅱ
電気工学科,後期,金,5,1233,船橋校舎,ドイツ語Ⅱ
電子工学科,後期,金,5,1233,船橋校舎,ドイツ語Ⅱ
物質応用化学科,後期,金,5,1233,船橋校舎,ドイツ語Ⅱ
物理学科,後期,金,5,1233,船橋校舎,ドイツ語Ⅱ
数学科,後期,金,5,1233,船橋校舎,ドイツ語Ⅱ
まちづくり工学科,後期,金,5,1233,船橋校舎,ドイツ語Ⅱ
応用情報工学科,後期,金,5,1233,船橋校舎,ドイツ語Ⅱ
一般教育,後期,金,5,1233,船橋校舎,ドイツ語Ⅱ
一般教育,後期,金,5,1421,船橋校舎,教）教育原論 {数学以外}
精密機械工学科,後期,金,5,1431,船橋校舎,デジタル制御
まちづくり工学科,後期,金,5,1433,船橋校舎,建築デザイン演習↓連続２時限
電気工学科,後期,金,5,1441,船橋校舎,物質の構造と状態 {A}
電気工学科,後期,金,5,1442,船橋校舎,物質の構造と状態 {B}
一般教育,後期,金,5,1452,船橋校舎,教養基礎ゼミナール {化学}
航空宇宙工学科,後期,金,5,341,船橋校舎,航空宇宙工学工房演習Ⅰ {未来}
まちづくり工学科,後期,金,5,634,船橋校舎,建築デザイン演習↓連続２時限
まちづくり工学科,後期,金,5,635,船橋校舎,建築デザイン演習↓連続２時限
まちづくり工学科,後期,金,5,まち製図室,船橋校舎,建築デザイン演習↓連続２時限
建築学科,後期,金,5,0000,駿河台校舎,建築構造実験 {再履修}↓連続２時限【年間】
建築学科,後期,金,5,0000,駿河台校舎,建築環境実験 {再履修}↓連続２時限【年間】
一般教育,後期,金,5,131,駿河台校舎,文学 {I群}
数学科,後期,金,5,152,駿河台校舎,情報通信ネットワーク論Ｂ
一般教育,後期,金,5,152,駿河台校舎,教）情報通信ネットワークⅡ
一般教育,後期,金,5,154,駿河台校舎,力と運動の物理学Ⅰ {再履修}
物質応用化学専攻,後期,金,5,831,駿河台校舎,化学工学特論Ⅲ
まちづくり工学専攻,後期,金,6,S1201,タワースコラ,治水とまちづくり特論 △
土木工学科,後期,金,6,S301,タワースコラ,力学の基礎Ⅱ及び演習 {再履修}↓連続２時限
土木工学科,後期,金,6,S303,タワースコラ,力学の基礎Ⅱ及び演習 {再履修}↓連続２時限
土木工学専攻,後期,金,6,S305,タワースコラ,計算力学演習Ⅱ
物理学専攻,後期,金,6,S406,タワースコラ,一般相対論Ⅰ △
一般教育,後期,金,6,S601,タワースコラ,教）工業科教育法Ⅱ
電気工学専攻,後期,金,6,S602,タワースコラ,エネルギー工学特論 △
量子理工学専攻,後期,金,6,S603,タワースコラ,非線形物理学 △
一般教育,後期,金,6,S604,タワースコラ,教）物理学概論
応用情報工学科,後期,金,6,1421,船橋校舎,代数概論Ⅱ
一般教育,後期,金,6,1422,船橋校舎,教）代数学Ⅱ
精密機械工学科,後期,金,6,1431,船橋校舎,精密機械工学総合演習
一般教育,後期,金,6,1433,船橋校舎,学）生涯学習概論
精密機械工学科,後期,金,6,階段教室（大）,船橋校舎,精密機械工学総合演習
建築学科,後期,金,6,0000,駿河台校舎,建築情報処理Ⅱ {春季集中}【春季集中講義】
建築学科,後期,金,6,0000,駿河台校舎,建築構造実験 {再履修}↓連続２時限【年間】
建築学科,後期,金,6,0000,駿河台校舎,建築環境実験 {再履修}↓連続２時限【年間】
